Date,Link,Description,Country,Outbreak,Temperature,Humidity
4 january 2019,https://reliefweb.int/report/democratic-republic-congo/ebola-virus-disease-democratic-republic-congo-disease-outbreak-31,"The response by WHO and partners to the ongoing Ebola virus disease (EVD) outbreak continues despite disruptions to key services due to security incidents taking place in Beni and Butembo during the recent election on 30 December 2018. In order to ensure the safety of all staff deployed, as a precautionary measure, operations were scaled back for a few hours on election day. All normal operations have been fully restored as of 1 January 2019. After an intensification of field activities in early December, notable improvements can be observed in many areas, notably a decrease in cases in Beni. However, hard-earned progress could still be lost to rebound levels of transmission resulting from prolonged periods of insecurity hampering containment efforts.

During the reporting period (27 December 2018 Â 2 January 2019), 16 newly confirmed cases were reported from Beni (two), Butembo (five), Katwa (three), Komanda (one), Mabalako (one), and Oicha (four) health zones (Figure 1). As of 2 January 2019, there have been a total of 609 EVD cases1 (561 confirmed and 48 probable, Figure 2), including 370 deaths and 208 people having recovered. Overall, cases are occurring in localised hotspots within 16 health zones found in North Kivu and Ituri. Amongst confirmed and probable cases, the case load has been highest in females aged 15-49 who are eligible for vaccination (i.e. non-pregnant), and also females aged 50 years and older (Figure 3). Amongst confirmed and probable cases, 61% (374/609) were female (median age = 28) and were predominantly older than male cases (median age = 25.5). Of note, 16% (96/607) of cases were among children less than five years old, and 7% (41/607) were infants less than one year old. Most of the cases among children aged five years old or more were from Beni, 48% (46/96). There were 29 cases among pregnant women, of which 14 were from Beni. Fifteen of the 29 cases were reportedly breastfeeding women.

As of 2 January, a total of 86 cases of nosocomial infection were reported in patients from the general public, primarily from Beni (34), Butembo (13), Katwa (11) and Mabalako (eight). There have been no new cases in healthcare workers during this reporting period. To date, there have been a total of 55 EVD cases involving healthcare workers, of which 18 have died and eight were hospitalised as patients. Of the healthcare workers with available clinical information, 36% (18/50) died. Eleven healthcare workers were reportedly infected in a general hospital while the other 30 health facilities reported between one to three cases each during the entire outbreak period. It should be noted that 22% (133/609) of all cases had history of exposure to a hospital 1-21 days prior to the onset of their illness.

Thorough contact tracing during initial case investigations remains difficult in light of continued community resistance and the deteriorating security situation in the field during the recent elections. This resulted in a number of new confirmed cases not being identified as potential contacts. Of all cases, 66% (327/495) had known contact with a case, and 37% (177/478) had attended a funeral. A sizeable proportion of cases, 34% (155/451), had both these exposures.

The Ministry of Health (MoH), WHO and partners continue to monitor and investigate all alerts in affected areas, in other provinces in the Democratic Republic of the Congo, and in neighbouring countries. Since the last report was published, alerts were investigated in several provinces of the Democratic Republic of the Congo as well as in Uganda. To date, EVD has been ruled out in all alerts outside of the above mentioned outbreak affected areas.

Public health response

The MoH continues to strengthen response measures, with support from WHO and partners. Priorities include coordination, surveillance, contact tracing, laboratory capacity, infection prevention and control (IPC), clinical management of patients, vaccination, risk communication and community engagement, psychosocial support, safe and dignified burials (SDB), cross-border surveillance, and preparedness activities in neighbouring provinces and countries. Infection prevention and control practices in health care facilities, especially antenatal clinics, need to be further strengthened.

For detailed information about the public health response actions by WHO and partners, please refer to the latest situation reports published by the WHO Regional Office for Africa:

Ebola situation reports: Democratic Republic of the Congo

WHO risk assessment

This outbreak of EVD is affecting north-eastern provinces of the country bordering Uganda, Rwanda and South Sudan. Potential risk factors for transmission of EVD at the national and regional levels include: travel between the affected areas, the rest of the country, and neighbouring countries; the internal displacement of populations. The country is concurrently experiencing other epidemics (e.g. cholera, vaccine-derived poliomyelitis, malaria), and a long-term humanitarian crisis. Additionally, the security situation in North Kivu and Ituri at times limits the implementation of response activities. WHOÂs risk assessment for the outbreak is currently very high at the national and regional levels; the global risk level remains low. WHO continues to advice against any restriction of travel to, and trade with, the Democratic Republic of the Congo based on currently available information.

As the risk of national and regional spread is very high, it is important for neighbouring provinces and countries to enhance surveillance and preparedness activities. The International Health Regulations (IHR 2005) Emergency Committee has advised that failing to intensify these preparedness and surveillance activities would lead to worsening conditions and further spread. WHO will continue to work with neighbouring countries and partners to ensure that health authorities are alerted and are operationally prepared to respond.

WHO advice

International traffic: WHO advises against any restriction of travel and trade to the Democratic Republic of the Congo based on the currently available information. There is currently no licensed vaccine to protect people from the Ebola virus. Therefore, any requirements for certificates of Ebola vaccination are not a reasonable basis for restricting movement across borders or the issuance of visas for passengers leaving the Democratic Republic of the Congo. WHO continues to closely monitor and, if necessary, verify travel and trade measures in relation to this event. Currently, no country has implemented travel measures that significantly interfere with international traffic to and from the Democratic Republic of the Congo. Travellers should seek medical advice before travel and should practice good hygiene.

For more information, see:

Democratic Republic of the Congo begins first-ever multi-drug Ebola trial
South Sudan set to vaccinate targeted healthcare and frontline workers operating in high risk states against Ebola
Summary report for the SAGE meeting of October 2018
Statement on the October 2018 meeting of the IHR Emergency Committee on the Ebola virus disease outbreak in the Democratic Republic of the Congo
WHO Interim recommendation Ebola vaccines
WHO recommendations for international travellers related to the Ebola Virus Disease outbreak in the Democratic Republic of the Congo
Ebola virus disease in the Democratic Republic of the Congo Â Operational readiness and preparedness in neighbouring countries
Ebola virus disease fact sheet",Democratic Republic of the Congo,Ebola virus disease,27.68,62.0
4 january 2019,https://www.who.int/emergencies/disease-outbreak-news/item/04-January-2019-hantavirus-panama-en,"The Panama Ministry of Health has reported an increase in cases of hantavirus infection in Los Santos Province, Republic of Panama, to the Pan American Health Organization / World Health Organization (PAHO/WHO). Between 1 January and 22 December 2018, a total of 103 confirmed cases of hantavirus have been reported at the national level, 99 of which were reported in Los Santos Province. In Los Santos Province, 51 cases were classified as hantavirus fever1 (HF) without pulmonary syndrome and 48 cases were classified as hantavirus pulmonary syndrome2 (HPS), including four deaths.

Of the 51 HF cases, 41% were female, 55% aged between 20-59 years, with 76% occurring between June 2018 and November 2018.
Of the 48 HPS cases, 56% were female, 67% aged between 20-59 years, with more than half of the cases occurring in February 2018 (17%) and between June 2018 and September 2018 (42%).
Four deaths were reported among HPS cases (two female, two male, all aged over 60 years).
Cases were confirmed by serology and polymerase chain reaction (PCR)3. Sequencing determined that the type of virus associated with this outbreak is Choclo virus. It was first isolated in 1999 in the western Republic of Panama.

Hantavirus cases have been reported in the Republic of Panama since 1999 (Figure 1). In the last five years, transmission has been documented in Los Santos, Herrera, Veraguas, and Cocle provinces. During 2018, cases have been reported in Los Santos (99 cases, Figure 2), Herrera (two cases), Cocle (one case) and Veraguas (one case) provinces (Figure 3). Since the reservoir for hantavirus is sylvatic rodents and transmission can occur when people come in contact with rodent habitats, the current increase in hantavirus cases in the Republic of Panama could be related to changes in the abundance and distribution of rodent species, as well as strengthened surveillance and laboratory capacity at the provincial level. Environmental and ecological factors affecting rodent populations can have a seasonal impact on disease trends.

Figure 1. Distribution of HF and HPS cases by year, Republic of Panama, 1999-2018 (as of November).

Source: Provided by the Panama Ministry of Health and reproduced by PAHO/WHO

Figure 2. Distribution of confirmed hantavirus cases by epidemiological week, Los Santos Province, Republic of Panama, JanuaryÂDecember 2018.

Source: Provided by the Panama Ministry of Health and reproduced by PAHO/WHO

Figure 3. Geographical distribution of confirmed hantavirus cases, Republic of Panama, JanuaryÂNovember 2018.

Source: Provided by the Panama Ministry of Health and reproduced by PAHO/WHO

Public health response
The public health responses currently being implemented include:

Investigation and monitoring of cases, including case management.
Enhanced surveillance and active case finding.
Rodent control and mitigation measures.
Increasing awareness and health promotion in the affected areas.
WHO risk assessment
HPS is a zoonotic, viral respiratory disease. The causative agent belongs to the genus Hantavirus, family Bunyaviridae. Infections are acquired primarily through inhalation of aerosols or contact with the excreta, droppings or saliva of infected rodents. Cases of human hantavirus infection usually occur in rural areas (forests, fields, farms, etc.), where rodents hosting the virus might be found. Infected individuals may experience headache, dizziness, chills, fever and myalgia. They may also experience gastrointestinal (GI) symptoms including nausea, vomiting, abdominal pains, and diarrhoea, followed by sudden onset of respiratory distress and hypotension. Symptoms of HPS typically occur from two to four weeks after initial exposure, though symptoms may appear as early as one week to as late as eight weeks following exposure. The case fatality rate can reach 50%.

In the Americas, HPS cases have been reported in several countries. In January 2019, World Youth Day4 will be hosted in the Republic of Panama. This mass gathering will take place predominantly in Panama City, while side events will occur in other provinces5. Though a seasonal increase of hantavirus during the month of January has not been previously documented, increases in cases have been related to outdoor and agricultural activities in rural environments. Nevertheless, participants to the World Youth Day should be provided with recommendations and guidance on how to take appropriate precautionary measures to reduce their risk of infection. Health awareness campaigns for health personnel and the general public are planned for the coming weeks. Organisers and public health authorities should collaborate with travel and tourism sectors in placing educational materials and appropriate signage at strategic locations and points of entry (e.g. airports, public transport stations, travel agent offices). Alternative forms of media including public service announcements on planes, ships and public radio should also be considered.

Based on current epidemiological data and public health response, WHOÂs risk assessment is that there is no significant risk of international spread of HPS in relation to this event.

WHO advice
PAHO/WHO recommends that Member States continue efforts of detection, investigation, reporting, and case management for the prevention and control of infections caused by hantavirus.

Particular attention should be paid to travellers returning from the affected areas, who are advised to report their travel history, as early identification and timely medical care can improve clinical outcomes.

Care during the initial stages of the illness should include antipyretics and analgesics as needed. In some situations, patients should receive broad-spectrum antibiotics while confirming the etiologic agent. Given the rapid progression of HPS, clinical management should focus on the patient's haemodynamic monitoring, fluid management, and ventilation support. Severe cases should be immediately transferred to intensive care units (ICUs).

Health awareness campaigns should aim to increase detection and timely treatment of the illness and prevent its occurrence by reducing peopleÂs contact with rodents. Preventive measures should cover occupational and eco-tourism related hazards. While most usual tourism activities pose little or no risk of exposing travellers to rodents or their excreta, people who engage in outdoor activities such as camping or hiking should take precautions to reduce possible exposure to potentially infectious materials.

HPS surveillance should be part of a comprehensive national surveillance system and must include clinical, laboratory and environmental components. WHO recommends the implementation of integrated environmental management, with the goal of reducing rodent populations. Throughout the World Youth Day event, syndromic surveillance may alert public authorities to increased influenza-like and GI symptoms among mass gathering participants.

At this time, WHO does not recommend any restrictions on travel and/or trade to the Republic of Panama based on available information for the current hantavirus outbreak.

References:

Pan American Health Organization / World Health Organization (PAHO/WHO). Epidemiological Alert Hantavirus Pulmonary Syndrome (HPS). 17 October 2013.
Hantavirus in the Americas: Guidelines for diagnosis, treatment, prevention and control.
Hantavirus information: Centers for Disease Control and Prevention (CDC)
 

 

1 Hantavirus fever (HF): Cases who present with fever, myalgia, headache, gastrointestinal symptoms, and weakness. This case definition is used for epidemiological surveillance purposes to detect patients potentially exposed to the virus. Source: Guide for Hantavirus Disease Management in Republic of Panama, Gorgas Memorial Institute, Panama Ministry of Health.

2 Hantavirus pulmonary syndrome (HPS): Cases who present with cardio-respiratory symptoms, classified as mild, moderate, or severe. Source: Guide for Hantavirus Disease Management in Republic of Panama, Gorgas Memorial Institute, Panama Ministry of Health.

3 National Reference Laboratory, Gorgas Memorial Institute, (http://www.gorgas.gob.pa/)

4 World Youth Day Panama 2019.

5 For the last five World Youth Day events (2016 in Krakow, Poland; 2013 in Rio de Janeiro, Brazil; 2011 in Madrid, Spain; 2008 in Sydney, Australia; and 2005 in Cologne, Germany), the range in the number of attendees was 500,000 in Australia to 3,700,000 in Brazil.

6 https://www.romereports.com/2014/07/22/la-jmj-rio-2013-cumple-un-ano/",Republic of Panama,Hantavirus disease,23.17,98.0
8 january 2019,https://www.who.int/emergencies/disease-outbreak-news/item/08-january-2019-poliovirus-drc-en,"As of October 2018, genetically-linked circulating vaccine-derived poliovirus type 2 (cVDPV2) isolates were detected in two cases from Haut-Katanga province (Mufunga-Sampwe district) in the Democratic Republic of the Congo. The first case was a 11-year old child who experienced onset of acute flaccid paralysis (AFP) on 6 October. The second case was a 29-month old child who experienced onset of symptoms on 7 October, and is a known contact of the first case. The isolated viruses are a new emergence and unrelated to previously-detected cVDPV2s affecting the country. This is the fourth distinct outbreak of cVDPV2 detected in the country since June 2017. In total, 42 cVDPV2 cases have now been confirmed since detection of the first outbreak in June 2017, 20 cases of which were detected in 2018.

Public health response
In February 2018, the government declared cVDPV2 to be a national public health emergency. On 26 July 2018, the Minister of Health, WHO Director General, the Regional Director for Africa, and provincial governors convened an urgent, high-level meeting and signed the ÂKinshasa Declaration for Polio EradicationÂ. Provincial governors pledged to provide the necessary oversight, accountability and resources required to urgently improve the quality of the outbreak response being implemented across the country. It is imperative that the remaining operational gaps in outbreak response are urgently filled with the appropriate oversight and engagement.

WHO and partners are responding in accordance with international outbreak response protocols including through administration of monovalent oral polio vaccine type 2 (mOPV2). However, operational gaps such as the under-immunization of high-risk populations, continue to hamper the full implementation of these protocols. Thus, the response so far has not adequately controlled the outbreak nor prevented its spread. The recent emergence of the fourth outbreak of cVDPV2 from Haut Katanga can potentially be attributed to the prior use of mOPV2 and may be related to the response programÂs current limited capacity to adapt effectively and implement necessary corrective measures in a timely manner.

With the evidence of geographic spread of some of these strains and emergence of the new strain, two large scale rounds of mOPV2 were administered in September 2018 and October 2018 targeting around 12 million children in 16 of 26 provinces of the country. Surveillance and immunization activities continue to be strengthened in the Democratic Republic of the Congo and neighboring countries.

The polio outbreak response is being conducted simultaneously to the ongoing Ebola outbreak affecting North Kivu province to the east of the country. Polio outbreak response teams are coordinating closely with the broader humanitarian emergency network, to ensure both outbreaks are addressed in a coordinated manner.

WHO risk assessment
Currently, WHO finds the overall national public health risk associated with these four outbreaks to be very high. The risk of international spread, particularly to the neighboring countries also remains high due to the continuation of these outbreaks close to international borders. This risk is magnified by known population movements between the affected areas of Democratic Republic of the Congo, Uganda, Central African Republic, Zambia and South Sudan.

As of July 2018, in light of the epidemiology of the reported polio cases, genetic analyses of the isolated polioviruses, risk of further in-country and international spread, and the countryÂs response capacity, the outbreak has been graded as a Grade 2 public health emergency based on the WHO Emergency Response Framework.

The detection of cVDPV2s underscores the importance of maintaining high routine vaccination coverage to minimize the risk and consequences of poliovirus circulation. These events also highlight the risks posed by any low-level transmission of the virus. A robust outbreak response is necessary to impede further disease transmission, ensure sufficient vaccination coverage in the affected areas, and prevent similar outbreaks in the future. WHO will continue to monitor and evaluate the epidemiological situation and outbreak response measures being implemented.

WHO advice
It is important that all countries, in particular those with frequent travel and contacts with polio-affected countries and areas, strengthen surveillance for AFP cases in order to rapidly detect any new virus importation and to facilitate a rapid response. Countries, territories and areas should also maintain uniformly high routine immunization coverage at the district level to minimize the consequences of any new virus introduction.

WHOÂs International Travel and Health recommends that all travelers to polio-affected areas be fully vaccinated against polio. Residents and visitors staying for more than four- weeks in affected areas should receive an additional dose of oral polio vaccine (OPV) or inactivated polio vaccine (IPV) within four weeks to 12 months of travel. Efforts should also be made to ensure that individuals who received vaccinations are provided the appropriate documentation to record their vaccination status.

As per the advice of the Emergency Committee convened under the International Health Regulations (2005), efforts to limit the international spread of poliovirus must continue as it remains a Public Health Emergency of International Concern (PHEIC). Countries affected by poliovirus transmission are subject to Temporary Recommendations. To comply with the Temporary Recommendations issued under the PHEIC, any country affected by poliovirus transmission should declare the outbreak as a national public health emergency.

At this time, WHO does not recommend any restrictions on travel and/or trade to the Democratic Republic of the Congo on the basis of the information available for the current cVDPV2 outbreaks.

Cross border activities should be conducted between the Democratic Republic of the Congo and neighboring countries to strengthen AFP surveillance and routine immunization as well as operations linked to the control of other vaccine preventable diseases. Direct and regular collaboration between neighboring provinces and districts should begin quickly awaiting formal administrative and political address.

Links
Polio Global Eradication Initiative: Democratic Republic of the Congo
Kinshasa Declaration for the Eradication of Poliomyelitis and the Promotion of Vaccination",Democratic Republic of the Congo,Poliomyelitis,27.68,62.0
9 january 2019,https://reliefweb.int/report/nigeria/disease-outbreak-news-yellow-fever-nigeria-9-january-2019,"On 22 November 2018, the World Health Organization was informed of a cluster of suspected Yellow fever (YF) cases and deaths in Edo State, Nigeria. Edo State is located less than 400km from Lagos on a dense population movement axis between Lagos and South-Eastern Nigeria. Edo State is also a known endemic area for Lassa fever Â which was initially suspected as causing the outbreak. From 22 September through 31 December 2018, a total of 146 suspected, 42 presumptive positive, and 32 confirmed cases, including 26 deaths (presumptive case fatality rate: 18%), have been reported across 15 of 18 Local Government Areas (LGAs) in Edo State (figure 1).

Blood specimens were obtained from 122 cases and sent for laboratory diagnosis; 42 (34%) samples were presumptive positive in-country based on IgM serology and sent to the regional reference laboratory, Institut Pasteur de Dakar (IPD), for confirmation. Thirty-two (76%) were confirmed by plaque reduction neutralization test (PRNT) or real-time polymerase chain reaction (RT-PCR). Males represent the majority of cases (108 of 146, 74%), and the most affected age group is 10Â19 years with 48 cases (33%), followed by the age group 20Â29 with 36 cases (25%). Initially, the affected LGAs were rural but since the end of November 2018, suspected cases have been reported from three urban LGAs. There has also been a report of two presumptive positive and one confirmed case in Oredo LGA, which includes the densely populated state capital Benin City, of about 1.5 million inhabitants.

At the time of the outbreak, population immunity in Edo State was very low, (based solely on routine immunisation administrative data, with vaccine coverage estimated at less than 50% in 2018). Edo State has just concluded a seven-day YF Reactive Vaccination Campaign implementation in 13 LGAs to rapidly boost population immunity and interrupt YF transmission. As of 31 December 2018, 1.47 million people have been vaccinated.

Entomological studies have revealed elevated indices of competent vectors, including Aedes aegypti, the mosquito species responsible for rapid amplification of arboviral disease in urban environments. Land-use practices, namely cultivation close to dwellings, may further exacerbate the spread of YF disease in this setting.

Since September 2017, when the Nigeria Centre for Disease Control (NCDC) informed WHO of a confirmed case of YF in Kwara State, Nigeria has been responding to successive YF outbreaks. The country officially notified WHO (via the International Health Regulations, 2005) on 15 September 2017. Since then, and as of 30 December 2018, 237 specimens tested IgM positive in-country. Eighty-two cases (including 13 deaths) were confirmed by IPD; these cases were reported from 27 LGAs in 14 States and have resulted in response campaigns in selected LGAs in six states.

The current outbreak of YF in Edo State in Nigeria is unusual in scale and severity, and the number of cases in time and place is very high in the context of the current national outbreak. The seasonal timing of the outbreak, in a period where many travellers enter the state from other states and countries for the holidays in DecemberÂJanuary, adds to the risk for potential spread.

Public health response

The response to the outbreak is being coordinated through a multi-agency, multi-partner Incident Management System (IMS). A national Emergency Operations Centre (EOC) has been activated to monitor the outbreak at the NCDC. Rapid response teams continue to support Edo State in ongoing outbreak investigation and response. YF surveillance has been intensified and active case finding is ongoing in affected LGAs and neighbouring states. Supervisory visits to the YF laboratory network are ongoing to strengthen laboratory capacity.

The WHO Country Office and State Office have been actively monitoring and responding to the YF outbreak since the start of the outbreak. From 15 December 2018, three YF experts from WHO (WHO Regional Office for Africa and WHO headquarters) were deployed to support local authorities in investigating this event, assessing the risk of further amplification, and assisting in conducting reactive vaccination campaigns, among other activities. Entomological surveys were conducted in Anambra, Benue, Ekiti, Kano, Katsina, Kebbi, Kwara, Rivers, and Zamfara states by entomologists from the National Arbovirus Research Institute (NARI). A vector control strategy, tailored to the local context, is being developed with the support of WHO regional and global vector control experts.

Routine YF vaccination was introduced to NigeriaÂs Expanded Programme on Immunization (EPI) in 2004, but the overall population immunity in areas affected by the current outbreak remains below herd immunity thresholds. National preventive and reactive mass vaccination campaigns have been conducted in the country since 2017 (~33 million doses). A proposal has been submitted to Gavi, the Vaccine Alliance to vaccinate twelve states over the next three years (~23 million doses).

The International Coordination Group (ICG) on Vaccine Provision, funded by Gavi, the Vaccine Alliance approved release of 3.1 million doses of YF vaccines. The country initiated a large scale reactive yellow fever vaccination campaign in Edo State on 18 December, initially using in-country vaccine stocks which were mobilised to facilitate a timely response before the holidays.

WHO risk assessment

YF is an acute viral haemorrhagic disease transmitted by infected mosquitoes and has the potential to spread rapidly and cause serious public health impact. There is no specific treatment, although the disease is preventable using a single dose of yellow fever vaccine, which provides immunity for life. Supportive care to treat dehydration, respiratory failure and fever and antibiotic treatment for associated bacterial infections is recommended.

The YF outbreak has been active in Nigeria since September 2017. Cases are reported from 36 states and the Federal Capital Territory. The recent confirmation by the regional reference laboratory of the YF outbreak in Edo State, with the probable epicentre in Uhunmwonde LGA, represents an unprecedented outbreak in Nigeria. Given the rapid evolution of the situation in Edo State, the national risk is assessed as high due to: the high presumptive case fatality rate (33%) in Edo State; the potential for ongoing local transmission and amplification due to low vaccination coverage; presence of competent vectors including Aedes sp.; the proximity of a case to Benin City (major urban centre and capital of Edo State); and the potential spread to new LGAs.

There is currently a moderate risk at regional level due to the possible movement of the individuals of affected states to adjacent areas and neighbouring countries and particularly if there is arrival of unvaccinated visitors over the festive end of year season. The current overall risk is low at the global level.

Nigeria is facing several concurrent public health emergencies, including cholera, circulating vaccine-derived poliovirus, monkey pox, measles, and Lassa fever outbreaks in other states, and a humanitarian crisis in the northeast of the country.

WHO advice

Nigeria is a high priority country for the Eliminate Yellow Fever Epidemic (EYE) strategy. Phased preventive YF vaccination campaigns are planned to cover the entire country by 2024. Vaccination is the primary intervention for prevention and control of YF. In urban centres, targeted vector control measures are also helpful to interrupt transmission. WHO and partners will continue to support local authorities to implement these interventions to control the current outbreak.

WHO recommends vaccination against YF for all international travellers more than nine months of age going to Nigeria, as there is evidence of persistent or periodic YF virus transmission. Nigeria also requires a YF vaccination certificate for travellers over one year of age arriving from countries with risk of yellow fever transmission.

YF vaccines recommended by WHO are safe, highly effective and provide life-long protection against infection. In accordance with the IHR (2005), Third edition, the validity of the international certificate of vaccination against YF extends to the life of the person vaccinated with a WHO approved vaccine. A booster dose of approved YF vaccine cannot be required of international travellers as a condition of entry.

WHO encourages its Member States to take all actions necessary to keep travellers well informed of risks and preventive measures including vaccination. Travellers should also be made aware of YF symptoms and signs and instructed to seek rapid medical advice should they develop signs of illness. Viraemic returning travellers may pose a risk for the establishment of local cycles of YF transmission in areas where the competent vector is present.

WHO does not recommend any restrictions on travel or trade to Nigeria on the basis of the information available on this outbreak.

For more information on yellow fever please see:

WHO factsheet on yellow fever",Nigeria,Yellow fever,18.27,24.0
10 january 2019,https://reliefweb.int/report/democratic-republic-congo/ebola-virus-disease-democratic-republic-congo-disease-outbreak-32,"WHO and partners continue to respond to the ongoing Ebola virus disease (EVD) outbreak in one of the most complex settings possible. A decline in case incidence has been seen in Beni, the former epicentre. This is a strong positive indication of how effective the response can be despite multiple challenges. However, in Beni and elsewhere, trends must be interpreted cautiously, as delayed detection of cases is expected following recent temporary disruption in response activities due to insecurity. Nevertheless, WHO and partners remain committed, under the governmentÂs leadership and through collaboration across agencies, to addressing challenges and ending the outbreak.

As of 8 January 2019, there have been a total of 628 EVD cases1 (580 confirmed and 48 probable), including 383 deaths (overall case fatality ratio: 61%). Thus far, 222 people have recovered, been discharged from an Ebola Treatment Centre (ETC) and enrolled in a dedicated program for monitoring and supporting survivors.

During the last 21 days (19 December 2018 to 8 January 2019), cases have been reported from ten health zones where the outbreak remains active, including: Katwa (18), Butembo (16), Oicha (13), Beni (13), Kalungata (6), Mabalako (5), Komanda (3), Musienene (2), Kyondo (1) and Nyankunde (1). Overall, cases have occurred in localised hotspots within 16 health zones found in North Kivu and Ituri provinces (Figure 1). Surveillance activities are being maintained to rapidly detect resurgences or reintroduction events in all areas.

Trends in numbers of new cases occurring (Figure 2) reflect the continuation of the outbreak across these geographically dispersed areas, with encouraging declines in case incidence in areas such as Beni. Hard-earned progress could still be lost from prolonged periods of insecurity hampering containment efforts.

Amongst confirmed and probable EVD cases, 61% (385/628) were female and 30% (189/628) were children aged less than 18 years. This includes a high number of cases in infants aged less than 1 year (38) and 1-4 years (58). While investigations to understand the risk factors for this disproportionate burden are ongoing, response teams continue to prioritise these population groups to mitigate, wherever possible, the risk of transmission.

All alerts in affected areas, in other provinces in the Democratic Republic of the Congo, and in neighbouring countries continue to be monitored and investigated. Since the last report was published, alerts were investigated in several provinces of the Democratic Republic of the Congo, Uganda, South Sudan, Rwanda and in a traveller returning from Burundi to Sweden. To date, EVD has been ruled out in all alerts outside the outbreak affected areas. International travellers who may have come into contact with the virus, including a doctor who returned to the United States of America after providing medical assistance in the Democratic Republic of the Congo, are also being followed closely; all remain asymptomatic.

Public health response

The MoH continues to strengthen response measures, with support from WHO and partners. Priorities include coordination, surveillance, contact tracing, laboratory capacity, infection prevention and control, clinical management of patients, vaccination, risk communication and community engagement, psychosocial support, safe and dignified burials, cross-border surveillance, and preparedness activities in neighbouring provinces and countries.

For detailed information about the public health response actions by WHO and partners, please refer to the latest situation reports published by the WHO Regional Office for Africa:

Ebola situation reports: Democratic Republic of the Congo

WHO risk assessment

WHO reviewed its risk assessment for the outbreak and the risk remains very high at the national and regional levels; the global risk level remains low. This outbreak of EVD is affecting north-eastern provinces of the Democratic Republic of the Congo bordering Uganda, Rwanda and South Sudan. There is a potential risk for transmission of EVD at the national and regional levels due to extensive travel between the affected areas, the rest of the country, and neighbouring countries for economic and personal reasons as well as due to insecurity. The country is concurrently experiencing other epidemics (e.g. cholera, vaccine-derived poliomyelitis, malaria), and a long-term humanitarian crisis. Additionally, the security situation in North Kivu and Ituri at times limits the implementation of response activities.

As the risk of national and regional spread is very high, it is important for neighbouring provinces and countries to enhance surveillance and preparedness activities. The International Health Regulations (IHR 2005) Emergency Committee has advised that failing to intensify these preparedness and surveillance activities would lead to worsening conditions and further spread. WHO will continue to work with neighbouring countries and partners to ensure that health authorities are alerted and are operationally prepared to respond.

WHO advice

International traffic: WHO advises against any restriction of travel to, and trade with, the Democratic Republic of the Congo based on the currently available information. There is currently no licensed vaccine to protect people from the Ebola virus. Therefore, any requirements for certificates of Ebola vaccination are not a reasonable basis for restricting movement across borders or the issuance of visas for passengers leaving the Democratic Republic of the Congo. WHO continues to closely monitor and, if necessary, verify travel and trade measures in relation to this event. Currently, no country has implemented travel measures that significantly interfere with international traffic to and from the Democratic Republic of the Congo. Travellers should seek medical advice before travel and should practice good hygiene.

For more information, see:

WHO Director-General concludes New Year visit to Ebola-affected areas in the Democratic Republic of the Congo
Women join hands to oust Ebola from the Democratic Republic of the Congo
Summary report for the SAGE meeting of October 2018
Statement on the October 2018 meeting of the IHR Emergency Committee on the Ebola virus disease outbreak in the Democratic Republic of the Congo
WHO Interim recommendation Ebola vaccines
WHO recommendations for international travellers related to the Ebola Virus Disease outbreak in the Democratic Republic of the Congo
Ebola virus disease in the Democratic Republic of the Congo Â Operational readiness and preparedness in neighbouring countries
Ebola virus disease fact sheet

1Data in recent weeks are subject to delays in case confirmation and reporting, as well as ongoing data cleaning Â trends during this period should be interpreted cautiously.",Democratic Republic of the Congo,Ebola virus disease,27.68,62.0
16 january 2019,https://www.who.int/emergencies/disease-outbreak-news/item/2019-DON999,"From 1 December 2018 through 31 December 2018, the International Health Regulations (IHR) National Focal Point of Saudi Arabia reported five additional cases of Middle East respiratory syndrome coronavirus (MERS-CoV) infection. Details of these cases can be found in a separate document (see link below).

MERS-CoV cases reported between 1 December and 31 December 2018
xls, 115kb
From 2012 through 31 December 2018, the total number of laboratory-confirmed MERS-CoV cases reported globally to WHO under IHR (2005) is 2 279 with 806 associated deaths. The total number of deaths includes the deaths that WHO is aware of to date through follow-up with affected Member States.

WHO risk assessment
Infection with MERS-CoV can cause severe disease resulting in high mortality. Humans are infected with MERS-CoV from direct or indirect contact with dromedary camels. MERS-CoV has demonstrated the ability to transmit between humans. So far, the observed non-sustained human-to-human transmission has occurred mainly in health care settings.

The notification of additional cases does not change the overall risk assessment. WHO expects that additional cases of MERS-CoV infection will be reported from the Middle East, and that cases will continue to be exported to other countries by individuals who might acquire the infection after exposure to dromedary camels, animal products (for example, consumption of camelÂs raw milk), or humans (for example, in a health care setting). WHO continues to monitor the epidemiological situation and conducts risk assessment based on the latest available information.

WHO advice
Based on the current situation and available information, WHO encourages all Member States to continue their surveillance for acute respiratory infections and to carefully review any unusual patterns.

Infection prevention and control measures are critical to prevent the possible spread of MERS-CoV in health care facilities. It is not always possible to identify patients with MERS-CoV early because like other respiratory infections, the early symptoms of MERS-CoV are non-specific. Therefore, healthcare workers should always apply standard precautions consistently with all patients, regardless of their diagnosis. Droplet precautions should be added to the standard precautions when providing care to patients with symptoms of acute respiratory infection; contact precautions and eye protection should be added when caring for probable or confirmed cases of MERS-CoV infection; airborne precautions should be applied when performing aerosol generating procedures.

MERS-CoV appears to cause more severe disease in people with diabetes, renal failure, chronic lung disease, and immunocompromised persons. Therefore, these people should avoid close contact with animals, particularly camels, when visiting farms, markets, or barn areas where the virus is known to be potentially circulating. General hygiene measures, such as regular hand washing before and after touching animals and avoiding contact with sick animals, should be adhered to. Food hygiene practices should be observed. People should avoid drinking raw camel milk or camel urine, or eating meat that has not been properly cooked.

WHO does not advise special screening at points of entry with regard to this event nor does it currently recommend the application of any travel or trade restrictions.

 
Further information
About MERS-CoV
Fact sheet on MERS-CoV
More MERS-CoV outbreak news
Saudi Arabia country profile
MERS-CoV maps and epicurves
IHR Emergency Committee concerning MERS-CoV
Revised case definition for reporting to WHO Â MERS-CoV",CoV),Middle East respiratory syndrome coronavirus (MERS,,
17 january 2019,https://reliefweb.int/report/democratic-republic-congo/ebola-virus-disease-democratic-republic-congo-disease-outbreak-33,"The Ministry of Health (MoH), WHO and partners continue to respond to the ongoing Ebola virus disease (EVD) outbreak in one of the most complex settings possible. A high number of cases are still being reported, most notably from the metropolitan areas of Katwa Health Zone during the past week. The decline in case incidence has continued in Beni; a positive indication of how effective the response can be despite multiple challenges.

Trends in the number of new cases occurring (Figure 1) reflect the continuation of the outbreak across a number of geographically dispersed areas. During the last 21 days (26 December 2018 through 15 January 2019), 79 new cases have been reported from 11 health zones (Figure 2), including: Katwa (36), Oicha (14), Butembo (11), Beni (4), Mabalako (4), Kalungata (3), Kyondo (3), Komanda (1), Musienene (1), Biena (1) and Manguredjipa (1). The latter is a newly affected health zone, although the case likely acquired the infection in Mabalako Health Zone.

As of 15 January 2019, there have been a total of 663 EVD cases 1(614 confirmed and 49 probable), including 407 deaths (overall case fatality ratio: 61%). Thus far, 237 people have been discharged from Ebola Treatment Centres (ETCs) and enrolled in a dedicated program for monitoring and supporting survivors. Among confirmed and probable cases with age and sex reported, 59% (391/661) were female and 30% (200/658) were children less than 18 years. This includes a high number of cases in infants aged less than one year (43) and 1-4 years (61).

All alerts in affected areas, in other provinces, and in neighbouring countries continue to be monitored and investigated. Since the last report was published, alerts were investigated in several provinces of the Democratic Republic of the Congo, Uganda and Rwanda. To date, EVD has been ruled out in all alerts outside the outbreak affected areas.

Public health response

The MoH continues to strengthen response measures, with support from WHO and partners. Priorities include coordination, surveillance, contact tracing, laboratory capacity, infection prevention and control, clinical management of patients, vaccination, risk communication and community engagement, psychosocial support, safe and dignified burials, cross-border surveillance, and preparedness activities in neighbouring provinces and countries.

For detailed information about the public health response actions by WHO and partners, please refer to the latest situation reports published by the WHO Regional Office for Africa:

Ebola situation reports: Democratic Republic of the Congo

WHO risk assessment WHO reviewed its risk assessment for the outbreak and the risk remains very high at the national and regional levels; the global risk level remains low. This outbreak of EVD is affecting north-eastern provinces of the Democratic Republic of the Congo bordering Uganda, Rwanda and South Sudan. There is a potential risk for transmission of EVD at the national and regional levels due to extensive travel between the affected areas, the rest of the country, and neighbouring countries for economic and personal reasons as well as due to insecurity. The country is concurrently experiencing other epidemics (e.g. cholera, vaccine-derived poliomyelitis, malaria), and a long-term humanitarian crisis. Additionally, the security situation in North Kivu and Ituri at times limits the implementation of response activities.

As the risk of national and regional spread is very high, it is important for neighbouring provinces and countries to enhance surveillance and preparedness activities. The International Health Regulations (IHR 2005) Emergency Committee has advised that failing to intensify these preparedness and surveillance activities would lead to worsening conditions and further spread. WHO will continue to work with neighbouring countries and partners to ensure that health authorities are alerted and are operationally prepared to respond.

WHO advice International traffic: WHO advises against any restriction of travel to, and trade with, the Democratic Republic of the Congo based on the currently available information. There is currently no licensed vaccine to protect people from the Ebola virus. Therefore, any requirements for certificates of Ebola vaccination are not a reasonable basis for restricting movement across borders or the issuance of visas for passengers leaving the Democratic Republic of the Congo. WHO continues to closely monitor and, if necessary, verify travel and trade measures in relation to this event. Currently, no country has implemented travel measures that significantly interfere with international traffic to and from the Democratic Republic of the Congo. Travellers should seek medical advice before travel and should practice good hygiene.

For more information, see:

New Hope with Ebola Drug Trial
WHO Director-General concludes New Year visit to Ebola-affected areas in the Democratic Republic of the Congo
Women join hands to oust Ebola from the Democratic Republic of the Congo
Summary report for the SAGE meeting of October 2018
Statement on the October 2018 meeting of the IHR Emergency Committee on the Ebola virus disease outbreak in the Democratic Republic of the Congo
WHO Interim recommendation Ebola vaccines
WHO recommendations for international travellers related to the Ebola Virus Disease outbreak in the Democratic Republic of the Congo
Ebola virus disease in the Democratic Republic of the Congo Â Operational readiness and preparedness in neighbouring countries
Ebola virus disease fact sheet",Democratic Republic of the Congo,Ebola virus disease,27.68,62.0
17 january 2019,https://reliefweb.int/report/madagascar/measles-madagascar-disease-outbreak-news-17-january-2019,"WHO is supporting the Ministry of Public Health of Madagascar to respond to an unusually large measles outbreak. Madagascar last experienced measles outbreaks in 2003 and 2004, with reported number of cases at 62 233 and 35 558, respectively. Since then, the number of reported cases had sharply declined until the current outbreak. From 4 October 2018 to 7 January 2019, 19 539 measles cases and 39 Âfacility-basedÂ deaths (case fatality ratio: 0.2%) have been reported by the Ministry of Public Health (MoH) of Madagascar. Cases were reported from 66 of 114 total districts in all 22 regions of Madagascar. Among the 19 539 measles cases, 375 have been laboratory confirmed (all are IgM+) and 19 164 were confirmed by epidemiological link. Cases confirmed by epidemiological link are those who presented clinical symptoms based on the case definition and had been in contact with another laboratory confirmed or epidemiologically linked case. The outbreak has spread to densely populated urban cities including Toamasina, Mahajanga, Antsirabe, Toliara and the capital city Antananarivo. Most cases were reported from Analamanga (61%) and Boeny (20%) regions. The highest attack rates were observed in Antananarivo-Renivohitra district (714 per 100 000 inhabitants), and Ambato-Boina district (668 per 100 000 inhabitants), in Analamanga and Mahajanga regions, respectively. These rates are considerably higher compared to the national attack rate of 108 per 100 000 inhabitants.

In the current epidemic, children aged 1 to 14 years account for 64% of the total number of cases. The age distribution in this group is as follows: under five years at 35%, 5-9 years at 22% and 10-14 years at 19%. Both sexes are equally affected with a male to female ratio of 1.04. The national immunization programme recommends routine measles immunization for children aged nine months. According to WHO and the United Nations International ChildrenÂs Emergency Fund (UNICEF), the estimated measles immunization coverage in Madagascar was 58% in 2017. More than half of the cases (51%) reported during the current outbreak have not been vaccinated or have unknown immunization status. Madagascar has the highest proportion of malnutrition among children under five (47%) in the African region which can increase children's risk of serious complications and death from measles infection.

The circulating genotype for the current measles outbreak in Madagascar is B3, usually found in Africa and Europe. No measles cases with travel history to Madagascar, however, have been reported in neighboring countries and initial investigations in Madagascar have not shown any link with cases from countries with measles outbreak in the Africa region or Europe.

The measles outbreak has occurred concurrently with the resurgence of plague in the countryÂwhich reoccurs seasonallyÂstraining the public health response.

Public health response

The Ministry of Public Health of Madagascar is coordinating the response activities, with the support of WHO and other partners. Public Health response measures include:

Enhancement of active surveillance (active case finding, community-based surveillance, distribution of specimen collection kits) in all affected districts.

Use of the Global Measles Programmatic Risk Assessment Tool to target priority districts for vaccination.

Completion of targeted vaccination campaigns:

Campaign conducted from 22 October to 9 November 2018 in four districts of Antanavarivo city. The campaign targeted at least 95% of children aged between nine and 59 months. Preliminary results show coverage of 84% of the targeted population.

Campaign planned from 14 to 18 January targeting 2 083 734 children aged between nine months and nine years in 25 districts across 13 regions. The campaign is being funded by Measles Rubella Initiative (MRI), the Government of Madagascar, WHO, UNICEF, Catholic Relief Services (CRS), Commission de l'OcÃ©an Indien (COI), the United States Agency for International Development (USAID), the Embassy of France in Madagascar and the World Bank and the total cost is US$ 2 355 989.

Reinforcement of routine immunization (one dose of measles-containing vaccine (MCV) as per the national immunization programme) for children aged between nine and 11 months. Continued management of severe measles cases in referral hospitals, provided to patients free of charge. Vitamin A is being administered to patients under care in all referral and district health centres.

Continued community mobilization with the support of UNICEF and USAID, aiming to increase understanding of the disease as well as uptake of the vaccines from campaigns and routine vaccination.

Reactivation by USAID of the 910 hotline, formerly used during the 2017 plague epidemic, for information sharing on measles.

WHO risk assessment

Measles is an acute, highly contagious viral disease that has potential to lead to major epidemics. Low coverage with measles vaccine combined with a low incidence of measles in recent years in Madagascar has contributed to a significant proportion of the population which is susceptible to measles. According to WHO and UNICEF estimates, the measles immunization coverage in Madagascar was 58% in 2017. The malnutrition rate is also a contributor as malnutrition increases children's vulnerability of serious complications and death from measles infection.

WHO estimates the overall risk for Madagascar from this measles outbreak to be very high. Currently, several concomitant factors are likely to hinder or delay public health intervention and might jeopardize the response: post-election conflict, geographical isolation and remoteness of cases, insecurity, hurricane season and multiple outbreaks. Targeted immunization campaigns and strengthening of routine immunization activities are paramount in the effective control of the outbreak. Administration of Vitamin A, specifically in a context of high rates of malnutrition, can reduce illness and deaths from measles infection.

The risk at the regional level is low although the spread of measles to neighboring Indian Ocean islands and other African countries and Europe cannot be excluded. Strengthening of surveillance in neighboring countries is recommended. The overall global risk is considered to be low.

WHO advice

WHO urges all Member States to:

Vaccinate to maintain coverage of 95% with two doses of MCV. Vaccinate at-risk populations (without proof of vaccination or immunity against measles and rubella), such as health workers, people working in tourism and transportation (hotel and catering, airports, taxi drivers, etc.), and international travelers. Maintain a reserve of MCV and syringes for control of imported cases in each country in the region. Strengthen epidemiological surveillance of fever or rash cases for timely detection of all suspected cases of measles in public and private healthcare facilities and ensure that samples are received by laboratories within five days of being taken. Provide a rapid response to imported measles cases through the activation of rapid response teams to prevent the establishment or reestablishment of endemic transmission. Administer vitamin A supplementation to all children diagnosed with measles to reduce the complications and mortality (50,000 IU for a child <6 months="""" of="""" age,="""" 100,000="""" iu="""" for="""" children="""" 6-12="""" months="""" of="""" age="""" or="""" 200,000="""" iu="""" for="""" children="""" 12-59="""" months);="""" two="""" doses,="""" immediately="""" upon="""" diagnosis="""" and="""" on="""" the="""" following=""""> WHO does not recommend any restriction on travel and or trade to Madagascar based on the information available on the current outbreak.

For more information on Measles, please see the link below:

WHO measles fact sheet",Madagascar,Measles,24.91,32.0
23 january 2019,https://www.who.int/emergencies/disease-outbreak-news/item/23-January-2019-hantavirus-argentina-en,"On 19 December 2018, the Argentinian Ministry of Health and Social Development issued an epidemiological alert regarding an increase in cases of hantavirus pulmonary syndrome (HPS) in EpuyÃ©n, Chubut Province. Between 28 October 2018 Â 20 January of 2019, a total of 29 laboratory-confirmed cases of HPS, including 11 deaths have been reported in EpuyÃ©n, Chubut Province. EpuyÃ©n has a population of approximately 2 000 persons, and Chubut Province is located in Patagonia in southern Argentina.

The index case had environmental exposure prior to symptom onset on 2 November, and subsequently attended a party on 3 November. Six cases who also attended the party experienced the onset of symptoms between 20-27 November 2018. An additional 17 cases, all of whom were epidemiologically-linked to previously confirmed cases, experienced symptom onset between 7 December 2018 and 3 January 2019 (Figure 1). Potential human-to-human transmission is currently under investigation.

Of the confirmed cases, 59% were female, and had an incubation period ranging from 8 to 31 days. Approximately 50% of these confirmed cases reported symptoms within the past three weeks. Cases were confirmed by ELISA IgM u-captura or by polymerase chain reaction (PCR).

As of 17 January 2019, a total of 98 asymptomatic contacts have been identified and are being monitored for the potential development of symptoms.

In Argentina, four endemic regions have been identified: North (Salta, Jujuy), Centro (Buenos Aires, Santa Fe, and Entre RÃ­os), Northeast (Misiones) and Sur (NeuquÃ©n, RÃ­o Negro, and Chubut). Between 2013 and 2018, an average of 100 confirmed cases were registered annually, with the provinces of Buenos Aires, Salta, and Jujuy having the highest numbers of cases. Between 2013 and 2018, 114 confirmed deaths from hantavirus were reported in Argentina, with a case-fatality rate of 18.6%, though this figure was close to 40% for some provinces in the southern region of the country.

In Chile, one of the confirmed cases was a healthcare worker who resides in Palena Province, Los Lagos Region, and reported experiencing symptoms on 2 January 2019. The case had a travel history to EpuyÃ©n for one day in mid-November, and later hosted and cared for a confirmed case from EpuyÃ©n while she was in her prodromal phase. This is the first confirmed case of hantavirus in Los Lagos Region in 2019. During 2018, there were eight cases of hantavirus reported in Chile, including two deaths.

Figure 1. Distribution of confirmed cases of HPS by week of symptom onset in EpuyÃ©n, Chubut Province, Argentina.

Source: Published by the Ministry of Health of Chubut Province and reproduced by PAHO/WHO

Public health response
Health authorities in Argentina and Chile are implementing the following public health measures:

Enhanced surveillance and active case finding including increase local diagnostic capacities for hantavirus for early diagnosis
Daily follow-up of contacts
Deployments of multi-disciplinary teams to the affected areas for outbreak investigation
Environmental control measures
Conduct risk communication activities; including educational awareness and health promotion in the communities and in healthcare facilities
Implementation of infection prevention and control measures
Safe case management of HPS patient in dedicated health care facilities
WHO risk assessment
HPS is a zoonotic, viral respiratory disease. The causative agent belongs to the genus Hantavirus, family Bunyaviridae. The infection is acquired primarily through inhalation of aerosols or contact with infected rodent excreta, droppings, or saliva of infected rodents. Cases of human hantavirus infection usually occur in rural areas (e.g. forests, fields, and farms) where sylvatic rodents hosting the virus might be found and where persons may be exposed to the virus. This disease is characterized by headache, dizziness, chills fever, myalgia, and gastrointestinal problems, such as nausea, vomiting, diarrhea, and abdominal pain, followed by sudden onset of respiratory distress and hypotension. Symptoms of HPS typically occur from two to four weeks after initial exposure to the virus. However, symptoms may appear as early as one week and as late as eight weeks following exposure. The case-fatality rate can reach 35-50%.

In the Americas, HPS cases have been reported in several countries. Environmental and ecological factors affecting rodent populations can have a seasonal impact on disease trends. Since the reservoir for hantavirus is sylvatic rodents, mainly Sigmodontinae species, transmission can occur when people come in contact with the rodent habitat. Limited human-to-human transmission of HPS due to Andes virus in Argentina has been previously documented. There are no specific evidence-based procedures for HPS patient isolation. Standard precautions1 should always be put in place, as well as rodent control measures.

WHO advice
PAHO/WHO recommends that Member States continue efforts of detection, investigation, reporting, and case management for the prevention and control of infections caused by hantavirus.

Particular attention should be paid towards travelers returning from the affected areas. Early identification and timely medical care greatly improves clinical outcomes. To raise awareness regarding potential HPS cases, clinicians should consult epidemiological data for guidance of the possible exposure, and be vigilant of patients presenting with suspicious clinical signs and symptoms such as fever, myalgia, and thrombocytopenia.

Care during the initial stages of the disease should include antipyretics and analgesics as needed. In some situations, patients should receive broad-spectrum antibiotics while confirming the etiologic agent. Given the rapid progression of HPS, clinical management should focus on monitoring the patient's hemodynamic status, fluid management, and ventilation support. Severe cases should be immediately transferred to intensive care units (ICU).

Ribavirin, an antiviral agent, is not approved for either treatment or prophylaxis of hantavirus pulmonary syndrome infection.

Health awareness campaigns must aim to increase detection and timely treatment of the illness and prevent its occurrence by reducing peopleÂs exposure. Preventive measures should cover occupational and eco-tourism related hazards. Most usual tourism activities pose little or no risk of exposure of travelers to rodents or their excreta. However, people who engage in outdoor activities such as camping or hiking, should take precautions to reduce possible exposure to potentially infectious materials.

HPS surveillance should be part of a comprehensive national surveillance system and must include clinical, laboratory and environmental components. The implementation of integrated environmental management, with the goal of reducing rodent populations, is recommended.

References:

Pan American Health Organization / World Health Organization (PAHO/WHO). Epidemiological Alert Hantavirus Pulmonary Syndrome (HPS). 17 October 2013.
Hantavirus in the Americas: Guidelines for diagnosis, treatment, prevention and control.
Hantavirus information: Centers for Disease Control and Prevention (CDC)
 

 

1 Standard precautions refer to a set of practices that are applied to the care of patients, regardless of the state of infection (suspicion or confirmation), in any place where health services are provided. These practices aim to protect both healthcare professionals and patients and include: hand hygiene, use of personal protective equipment, respiratory hygiene and cough etiquette, safe handling of sharps materials, safe injection practices, use of sterile instruments and equipment and cleaning of hospital environments and the environment. Adapted from ÂPrevention and Control of Healthcare associated infections Â Basic RecommendationsÂ- PAHO, 2017. Accessed 8 January 2019.",Argentine Republic,Hantavirus Pulmonary Syndrome,21.83,43.0
24 january 2019,https://reliefweb.int/report/democratic-republic-congo/ebola-virus-disease-democratic-republic-congo-disease-outbreak-34,"The Ministry of Health (MoH), WHO and partners have continued to face challenges in the containment and control of the Ebola virus disease (EVD) outbreak in the Democratic Republic of the Congo. The number of reported cases increased during recent weeks, most notably from the Katwa health zone where response teams have faced pockets of community mistrust. The outbreak has also extended southwards to Kayina health zone, a high security risk area. Teams are working actively to build community trust and scale up response activities around these new clusters.

Figure 1 shows that as of 22 January 2019, there have been a total of 713 EVD cases1 (664 confirmed and 49 probable), including 439 deaths (overall case fatality ratio: 62%). Thus far, 247 people have been discharged from Ebola Treatment Centres (ETCs), with many having enrolled in a dedicated program for monitoring and supporting survivors. Among cases with a reported age and sex, 59% (420/710) of cases were female, and 30% (214/708) were aged less than 18 years; including 108 infants and children under 5 years. Sixty-one healthcare workers have been infected to date.

During the last 21 days (2 January Â 22 January 2019), 102 new cases have been reported from 13 health zones (Figure 2), including: Katwa (62), Butembo (12), Oicha (6), Kayina (5), Beni (2), Manguredjipa (3), Kyondo (3), Kalungata (2), Komanda (1), Musienene (2), Biena (2), Mabalako (1), and Vuhovi (1). The current outbreak hotspots of Butembo and Katwa encompass an urban area with a population of approximately one million people. Of the 148 cases reported in Katwa to date, less than half (55/148) were registered as contacts at the time of illness onset. Moreover, 10% (14/148) of these cases comprised of healthcare workers, and among those with available information, 42% (45/107) reported having attended a funeral in the weeks prior to illness onset. Collectively, these figures suggest that the observed increase in Katwa is being driven by a combination of both healthcare facility and community-based transmissions. Health protection and control measures such as infection prevention and control in health centers, vaccination for healthcare and other frontline workers, and safe and dignified burial practices, are being strengthened to interrupt the chains of transmission.

Public health response

The MoH continues to strengthen response measures, with support from WHO and partners. Priorities include coordination, surveillance, contact tracing, laboratory capacity, infection prevention and control, clinical management of patients, vaccination, risk communication and community engagement, psychosocial support, safe and dignified burials, cross-border surveillance, and preparedness activities in neighbouring provinces and countries.

For detailed information about the public health response actions by WHO and partners, please refer to the latest situation reports published by the WHO Regional Office for Africa:

WHO risk assessment

WHO reviewed its risk assessment for the outbreak and the risk remains very high at the national and regional levels; the global risk level remains low. This outbreak of EVD is affecting north-eastern provinces of the Democratic Republic of the Congo bordering Uganda, Rwanda and South Sudan. There is a potential risk for transmission of EVD at the national and regional levels due to extensive travel between the affected areas, the rest of the country, and neighbouring countries for economic and personal reasons as well as due to insecurity. The country is concurrently experiencing other epidemics (e.g. cholera, vaccine-derived poliomyelitis, malaria), and a long-term humanitarian crisis. Additionally, the security situation in North Kivu and Ituri at times limits the implementation of response activities.

As the risk of national and regional spread is very high, it is important for neighbouring provinces and countries to enhance surveillance and preparedness activities. The International Health Regulations (IHR 2005) Emergency Committee has advised that failing to intensify these preparedness and surveillance activities would lead to worsening conditions and further spread. WHO will continue to work with neighbouring countries and partners to ensure that health authorities are alerted and are operationally prepared to respond.

WHO advice

International traffic: WHO advises against any restriction of travel to, and trade with, the Democratic Republic of the Congo based on the currently available information. There is currently no licensed vaccine to protect people from the Ebola virus. Therefore, any requirements for certificates of Ebola vaccination are not a reasonable basis for restricting movement across borders or the issuance of visas for passengers leaving the Democratic Republic of the Congo. WHO continues to closely monitor and, if necessary, verify travel and trade measures in relation to this event. Currently, no country has implemented travel measures that significantly interfere with international traffic to and from the Democratic Republic of the Congo. Travellers should seek medical advice before travel and should practice good hygiene.",Democratic Republic of the Congo,Ebola virus disease,27.68,62.0
25 january 2019,https://www.who.int/emergencies/disease-outbreak-news/item/25-january-2019-polio-mozambique-en,"On 17 January 2019, two genetically-linked circulating vaccine-derived poliovirus type 2 (cVDPV2) isolates were reported from Molumbo district, Zambezia province, Mozambique. The first one, was from an acute flaccid paralysis (AFP) case with onset of paralysis on 21 October 2018, a six-year old girl with no history of vaccination, and the second isolate was from a community contact of the first case, a child aged one-year old.

Public health response
WHO and partners at the regional and country level are assisting the Ministry of Health and local public health authorities to conduct a thorough field investigation (clinical, epidemiological and immunological), to assess the extent and original source of circulation of this virus more clearly, and to further plan and support the implementation of an outbreak response as appropriate, in line with internationally-agreed outbreak response protocols.

While national routine oral polio vaccine type 3 (OPV3) immunization coverage in 2017 was estimated at 80%, population immunity gaps remain at subnational levels, especially in ZambÃ©zia province (with 60% OPV3 coverage).

WHO risk assessment
WHO assessed the overall public health risk at the national level to be high due to a decline in population immunity to type 2 poliovirus and the risk of international spread to be medium due to ongoing population movements.

The detection of cVDPV2 underscores the importance of maintaining high routine vaccination coverage everywhere to minimize the risk and consequences of any poliovirus circulation and underscores the risk posed by any medium to low-level transmission of the virus. A robust outbreak response is needed to rapidly stop circulation and ensure sufficient vaccination coverage in the affected areas to prevent similar outbreaks in the future. WHO will continue to evaluate the epidemiological situation and outbreak response measures being implemented.

WHO advice
It is important that all countries, in particular those with frequent travel and contacts with polio-affected countries and areas, strengthen surveillance for AFP cases in order to rapidly detect any new virus importation and to facilitate a rapid response. Countries, territories and areas should also maintain uniform high routine immunization coverage at the district level to minimize the consequences of any new virus introduction.

WHOÂs International Travel and Health recommends that before travelling to areas with active poliovirus transmission, travellers from polio-free countries should ensure that they have completed the age-appropriate polio vaccination series, according to their respective national immunization schedule. Travellers to polio-infected areas who completed an OPV or IPV vaccine series more than 12 months previously should be given another one-time booster dose of polio vaccine. Before travelling abroad, persons of all ages residing in polio-infected countries (i.e. those with active transmission of a wild or vaccine derived poliovirus) and long-term visitors to such countries (i.e. persons who spend more than four weeks in the country) should have completed a full course of vaccination against polio in compliance with the national schedule. Travellers from infected areas should receive an additional dose of OPV or IPV within four weeks to 12 months of travel to boost intestinal mucosal immunity and reduce the risk of poliovirus shedding, which could lead to reintroduction of poliovirus into a polio free area. For persons who previously received only IPV, OPV should be the choice for the booster dose, if available and feasible. In case of unavoidable last-minute travel, travellers who have not received a documented dose of polio vaccine within the previous 12 months should still receive one dose of OPV or IPV before departure. Updates on currently or recently infected countries can be found on the website of the Global Polio Eradication Initiative.

As per the advice of the Emergency Committee convened under the International Health Regulations (2005), efforts to limit the international spread of poliovirus must continue as it remains a Public Health Emergency of International Concern (PHEIC). Countries affected by poliovirus transmission are subject to Temporary Recommendations. To comply with the Temporary Recommendations issued under the PHEIC, any country affected by poliovirus transmission should declare the outbreak as a national public health emergency and implement all required measures to support polio eradication such as adequate vaccination of international travellers; intensify efforts to increase routine immunization coverage, including sharing coverage data and intensify cross border efforts.

In addition, the Committee emphasized that states infected with cVDPV2 should encourage residents and long-term visitors to receive a dose of IPV (if available in country) four weeks to 12 months prior to international travel. States should ensure that travellers who receive such vaccination have access to an appropriate document to record their polio vaccination status. The Committee also noted the existence of a separate mechanism for responding to type 2 poliovirus infections and recommended that States should consider requesting vaccines from the global monovalent oral polio vaccine type 2 (mOPV2) stockpile based on the recommendations of the Advisory Group on mOPV2. The full statement of the Emergency Committee Polio is available from the WHO web site.",derived poliovirus type 2,Circulating vaccine,,
30 january 2019,https://www.who.int/emergencies/disease-outbreak-news/item/30-january-2019-gonococcal-infection-uk-en,"On 7 January 2019, the International Health Regulations (IHR) National Focal Point for the United Kingdom of Great Britain and Northern Ireland notified WHO about two cases of extensive drug resistant (XDR) Neisseria gonorrhoeae infection diagnosed in the United Kingdom.

The first case, a heterosexual female who attended sexual health services in the United Kingdom in October 2018. She reported casual sexual contact with male United Kingdom nationals in Ibiza, Spain in September 2018. The case had not had antibiotic therapy between the sexual encounters with United Kingdom citizens in Ibiza and first attendance at sexual health services in the United Kingdom. The case was treated empirically with ceftriaxone 500 mg and azithromycin 1 g. A test-of-cure (TOC) was carried out and she was found to have cleared the pathogen.

The second case, a heterosexual female who attended sexual health services in the United Kingdom in November 2018. She reported a casual male sexual contact in the United Kingdom in November 2018 who was known to be in Ibiza, Spain from June until September 2018.The case was treated empirically with ceftriaxone 1 g. A TOC was carried out and she had not cleared the pathogen. She was then given gentamicin 240 mg (intramuscular) and azithromycin 2 mg (oral). She was given intravenous ertapenem for three days as the symptoms were not resolved. A TOC was carried out afterwards and she was found to have cleared the pathogen.

The two isolates are resistant to ceftriaxone (MIC 1.0 mg/L) and have intermediate susceptibility to azithromycin (MIC 0.5 mg/L). The isolates are also resistant to cefixime, penicillin, ciprofloxacin and tetracycline, but are susceptible to spectinomycin. These isolates differ from the case previously reported in March 2018 by the United Kingdom and the two cases reported by Australia in April 2018, which had high-level resistance to azithromycin.

Public Health England had set up an incident management team to coordinate the investigations and communication, ensure contacts are traced and spread contained. Since there is a probable epidemiological link to sexual encounters with United Kingdom citizens who have travelled to Ibiza, Spain, the United Kingdom informed Spain about these cases via the Early Warning and Response System (EWRS) of the European Union.

Public health response
Public Health England promptly initiated appropriate public health measures, including: the creation of an incident management team for coordinating the response, outbreak investigations, contact tracing, surveillance and risk communication.

Public Health services in the Balearic Islands and in Ibiza, Spain have been informed about this public health alert related to United Kingdom citizens infected with XDR N. gonorrhoeae who travelled to Ibiza. Treatment of sexually transmitted infections (STIs) in Ibiza is included in services provided by the Public Health Service of the Balearic Islands and diagnosis is carried out at the laboratory of the main public hospital in Ibiza. Currently, there is no strain of N. gonorrhoeae isolated in Ibiza presenting the resistance pattern described by the United Kingdom.

Further investigations are needed to confirm the epidemiological link, the source of transmission and identify sexual partners of contacts of the United Kingdom cases, both in the United Kingdom and in Spain. Further public health control measures will be considered after information about possible sexual partners of United Kingdom contacts of the cases is made available by the Public Health England.

WHO risk assessment
This is the fourth report of XDR N. gonorrhoeae infection in the United Kingdom. These current cases are resistant to ceftriaxone and have intermediate susceptibility to azithromycin, which increasingly threatens the dual therapy for gonorrhoea (ceftriaxone 250?mg and azithromycin 1 g) recommended by WHO.

Since the majority of gonorrhoea cases are asymptomatic, spread of resistant gonorrhoea strains is possible and can spread quickly in high risk populations. For these two cases there is an epidemiological link to sexual encounters with United Kingdom citizens in Ibiza, Spain, or United Kingdom citizens who have been in Ibiza, which indicates potential international spread of this resistant gonorrhoea strain. This must be done to implement appropriate public health measures and interrupt transmission of the infection, measures include: strengthening gonorrhoea antimicrobial resistance (AMR) surveillance and ensuring timely reporting.

Contact tracing and response measures, including condom promotion, have been taken by Public Health England and the risk for potential further transmission in the United Kingdom by these two cases is currently considered to be low.

WHO advice
To make a sustained difference in the continuing problem of multidrug-resistant N. gonorrhoeae infection, two overlapping goals must be met: broad-based control of drug resistance and control of gonococcal infection. Both should be approached in the wider contexts of global control of antimicrobial resistance. For gonococcal infections, the public health approach must build upon lessons learnt and put the following points into action:

Use of condoms as effective prevention and control of gonococcal infections, STI screening of high risk populations and effective STI case management to diagnose and provide appropriate treatment regimens, including partner management and to prevent transmission and re-infection through health education and behavior change counselling.
Appropriate use of antibiotics, including effective drug regulations.
Established and strengthened gonorrhoea AMR surveillance, including timely reporting, especially in countries with a high burden of gonococcal infections, to inform national gonorrhoea treatment guidelines and public health policies and provide comparable and quality data globally.
Capacity building to establish regional and national networks of laboratories to perform gonococcal culture and antimicrobial susceptibility testing, with good quality control mechanisms.
Strengthening follow-up of gonorrhoea cases and detection, management of treatment failure cases based on standard case definition of treatment failure and protocols for monitoring, and systematic monitoring of treatment failures.
Fast track of the development of point-of-care testing for diagnosing gonorrhoea and newer molecular methods for monitoring and detecting AMR to support antibiotic stewardship.
Identification of, and research into, alternative effective treatment regimens for gonococcal infections.
For more information about antimicrobial resistance or STIs, please see the following:

Antimicrobial resistance fact sheet
Sexually transmitted infections (STIs) fact sheet
References:

Tapsall, J. W., Ndowa, F., Lewis, D. A. and Unemo, M. Meeting the public health challenge of multidrug- and extensively drug-resistant Neisseria gonorrhoeae. Expert Rev. Anti Infect. Ther. 7(7), 821-834 (2009)
Global antimicrobial resistance surveillance system (GLASS) report. Available from: http://apps.who.int/iris/bitstream/handle/10665/259744/9789241513449eng.pdf;jsessionid=4B802AA0C5D5E58AE164EDD835140CC6?sequence=1 [accessed 23 March 2018]
Emergence of multi-drug resistant Neisseria gonorrhoeae - Threat of global rise in untreatable sexually transmitted infections Fact sheet. Available from: http://www.who.int/reproductivehealth/publications/rtis/who_rhr_11_14/en/ [accessed 27 March 2018]
Cole M, Underwood A, Templeton K, et al. Does high-level azithromycin resistance emerge from low-level resistance in neisseria gonorrhoeae? Sex Transm Infect 2017;93:A11.
Public Health England notification: https://www.gov.uk/government/news/two-cases-of-resistant-gonorrhoea-diagnosed-in-the-uk [accessed 9 January 2019]",United Kingdom,Gonococcal infection,-3.7,90.0
31 january 2019,https://reliefweb.int/report/democratic-republic-congo/ebola-virus-disease-democratic-republic-congo-disease-outbreak-35,"The Ministry of Health (MoH), WHO and partners continue to respond to an outbreak of Ebola virus disease (EVD), despite persistent challenges around security and community mistrust impacting response measures. Relatively high numbers of cases were reported in recent weeks (Figure 1), mostly driven by the outbreak in Katwa Health Zone; the current focus of large scale response activities. Smaller clusters continue to be reported beyond Katwa Health Zone, including from Beni and Oicha; however, teams have quickly and systematically responded to these clusters to prevent onward transmission and guard against further geographical expansion of the outbreak. Teams are also working actively to strengthen community trust and participation in all affected areas.

As we approach six months since declaration of the outbreak, there have been a total of 752 EVD cases1 (698 confirmed and 54 probable) reported, including 465 deaths (overall case fatality ratio: 62%) as of 29 January 2019. Thus far, 259 people have been discharged from Ebola Treatment Centres (ETCs) and enrolled in a dedicated program for monitoring and supporting survivors. Among cases with a reported age and sex, 59% (439/750) were female, and 30% (224/749) were aged less than 18 years; including 115 children under 5 years.

During the last 21 days (9 January Â 29 January 2019), 118 new cases have been reported from 11 health zones (Figure 2), including: Katwa (80), Beni (9), Butembo (7), Kayina (5), Manguredjipa (4), Oicha (4), Biena (3), Kyondo (2), Musienene (2), Komanda (1) and Vuhovi (1). In addition, five historic probable cases from Komanda Health Zone were reported during the past week with illness onset dating back to November 2018.

The outbreak in Katwa and Butembo health zones is partly being driven by nosocomial transmission events in private and public health centres. Since 1 December 2018, 86% (125/145) of cases in these areas had visited or worked in a health care facility before or after their onset of illness. Of those, 21% (30/145) reported contact with a health care facility before their onset of illness, suggesting possible nosocomial transmission. In Katwa during the past 3 weeks (since 9 January), 49 health structures were identified where confirmed cases were hospitalised, including nine health centres where nosocomial transmission potentially occurred. Moreover, during the same period, eight new health care worker (HCW) infections were reported in Katwa; overall, 65 HCWs have been infected to date. Response teams are following up with the identified health care facilities to address gaps around triage, case detection and infection prevention and control measures.

Public health response

The MoH continues to strengthen response measures, with support from WHO and partners. For detailed information about the public health response actions by WHO and partners, please refer to the latest situation reports published by the WHO Regional Office for Africa:

WHO risk assessment

WHO reviewed its risk assessment for the outbreak and the risk remains very high at the national and regional levels; the global risk level remains low. This Ebola virus outbreak is affecting north-eastern provinces of the Democratic Republic of the Congo bordering Uganda, Rwanda and South Sudan. There is a potential risk for transmission of Ebola virus at the national and regional levels due to extensive travel between the affected areas, the rest of the country, and neighbouring countries for economic and personal reasons as well as due to insecurity. The country is concurrently experiencing other epidemics (e.g. cholera, vaccine-derived poliomyelitis, malaria), and a long-term humanitarian crisis. Additionally, the security situation in North Kivu and Ituri at times limits the implementation of response activities.

As the risk of national and regional spread is very high, it is important for neighbouring provinces and countries to enhance surveillance and preparedness activities. The International Health Regulations (IHR 2005) Emergency Committee has advised that failing to intensify these preparedness and surveillance activities would lead to worsening conditions and further spread. WHO will continue to work with neighbouring countries and partners to ensure that health authorities are alerted and are operationally prepared to respond.

WHO advice

International traffic: WHO advises against any restriction of travel to, and trade with, the Democratic Republic of the Congo based on the currently available information. There is currently no licensed vaccine to protect people from the Ebola virus. Therefore, any requirements for certificates of Ebola vaccination are not a reasonable basis for restricting movement across borders or the issuance of visas for passengers leaving the Democratic Republic of the Congo. WHO continues to closely monitor and, if necessary, verify travel and trade measures in relation to this event. Currently, no country has implemented travel measures that significantly interfere with international traffic to and from the Democratic Republic of the Congo. Travellers should seek medical advice before travel and should practice good hygiene.",Democratic Republic of the Congo,Ebola virus disease,27.68,62.0
4 february 2019,https://reliefweb.int/report/jamaica/dengue-fever-jamaica-disease-outbreak-news-4-february-2019,"On 3 January 2019, the International Health Regulations (IHR) National Focal Point of Jamaica notified WHO of an increase in dengue cases in Jamaica.

From 1 January though 21 January 2019, 339 suspected and confirmed cases including six deaths were reported (Figure 1). In 2018, a total of 986 suspected and confirmed cases of dengue including 13 deaths have been reported. The number of reported dengue cases in 2018 was 4.5 times higher than that reported in 2017 (215 cases including six deaths). Cases reported to date for 2019 exceed the epidemic threshold (Figure 2).

According to historic data, Jamaica reported a major outbreak in 2016, when 2297 cases of dengue infection including two deaths were reported. Dengue virus 3 (DENV3) and DENV4 circulations were confirmed at the time.

By the end of 2018, the largest number of reported cases were notified by Kingston and Saint Andrew parishes. In 2019 so far, the largest proportion of cases have been reported by Saint Catherine parish.

Laboratory tests have identified DENV3 as the dengue serotype currently circulating.

In January 2019, some countries and territories in the Caribbean region, such as Guadeloupe, Martinique, and Saint Martin, reported an increase in dengue cases. Of note, in Saint Martin and Guadeloupe, serotype DENV1 is currently circulating.

Public health response

The Ministry of Health (MoH) declared the dengue outbreak on 3 January 2019.

Health authorities in Jamaica are implementing measures for the following activities; strengthened integrated vector control, enhanced surveillance of cases, social mobilization, clinical management, enhanced laboratory diagnostic capacity, and emergency risk communications.

The MoH has been collaborating with the Pan American Health Organization (PAHO/WHO) and other international agencies to strengthen and co-ordinate the response activities.

Since July 2018, the MoH has intensified its vector control activities.

The MoH launched the Emergency Operations Centre on 27 December 2018; and fully activated it on 3 January 2019 to facilitate the coordination and reporting of activities. The response activities are geared towards strengthening the response capacity with adequate human resources, as well as supporting efforts to reduce the entomological indices for the Aedes aegypti mosquito across the island and enhancing clinical management capacity.

WHO risk assessment

Jamaica has been reporting dengue cases since 1990 and throughout 2018; however, an increase has been observed since December 2018 exceeding the epidemic threshold. Similar large increases were reported in 2010 (2887 cases), 2012 (4670 cases), and 2016 (2297 cases). The increase of dengue in the Caribbean islands may result in more severe secondary dengue virus infections and require comprehensive risk communication.

WHO advice

On 21 November 2018, PAHO/WHO alerted Member States about an increase in dengue cases in countries and territories in the Americas and recommended coordinated actions both inside and outside of the health sector, including prioritizing activities to prevent transmission of dengue as well as deaths due to this disease.

PAHO/WHO further advises to follow the key recommendations regarding outbreak preparedness and response, case management, laboratory, and integrated vector management as published in the 21 November 2018 PAHO/WHO Epidemiological Update on Dengue, available at the link below.

There is no specific treatment for disease due to dengue; therefore, prevention is the most important step to reduce the risk of dengue infection. WHO recommends proper and timely case management of dengue cases. Surveillance should continue to be strengthened within all affected areas and at the national level. Key public health communication messages should continue to be provided to reduce the risk of transmission of dengue in the population.

In addition, integrated vector management (IVM) activities should be enhanced to remove potential breeding sites, reduce vector populations, and minimize individual exposures. This should include both larval and adult vector control strategies (i.e. environmental management and source reduction, and chemical control measures), as well as strategies to protect individuals and households. Where indoor biting occurs, household insecticide aerosol products, mosquito coils, or other insecticide vaporizers may also reduce biting activity. Household fixtures such as window and door screens and air conditioning can also reduce biting. Since Aedes mosquitoes (the primary vector for transmission) are day-biting mosquitoes, personal protective measures such as use of clothing that minimizes skin exposure during daylight hours is recommended. Repellents may be applied to exposed skin or to clothing. The use of repellents must be in strict accordance with label instructions. Insecticide-treated mosquito nets afford good protection for those who sleep during the day (e.g. infants, the bedridden, and night-shift workers) as well as during the night to prevent mosquito bites.

WHO does not recommend any general travel or trade restrictions be applied based on the information available for this event.",Jamaica,Dengue fever,16.28,75.0
7 february 2019,https://reliefweb.int/report/democratic-republic-congo/ebola-virus-disease-democratic-republic-congo-disease-outbreak-36,"The Ebola virus disease (EVD) in the Democratic Republic of the Congo continues with relatively high numbers of cases reported in recent weeks (Figure 1), and some encouraging signs. Katwa and Butembo health zones remain the epicentres of the outbreak, reporting 71% of cases in the last three weeks, with smaller clusters continuing to occur concurrently across a geographically dispersed area.

As of 5 February, 789 EVD cases1 (735 confirmed and 54 probable) have been reported, including 488 deaths (overall case fatality ratio: 62%). Thus far, 267 people have been discharged from Ebola Treatment Centres (ETCs) and enrolled in a dedicated monitoring and support programme. Among cases with a reported age and sex, 58% (454/788) were female, and 30% (232/786) were aged less than 18 years; including 116 children under five years. Five new health worker infections were reported in Katwa (4) and Kalunguta (1); overall 67 health workers have been affected to date.

During the last 21 days (16 January Â 5 February 2019), 119 new cases have been reported from 13 health zones (Figure 2), including: Katwa (75), Butembo (9), Beni (8), Kyondo (5), Kayna (5), Oicha (4), Manguredjipa (4), Biena (2), Kalunguta (2), Mabalako (2), Masereka (1), Mutwanga (1), and Vuhovi (1)2. Current epidemiological analyses points to nosocomial transmission due to poor infection prevention and control (IPC) practices, persistent delays in detection and isolation of new cases, frequent community deaths (and subsequent contact with deceased), and transmission within family and community networks, as the main drivers of ongoing disease transmission. Insecurity and pockets of community resistance have continuously stifled efforts to combat these risks; nevertheless, response teams remain committed to actively strengthening community trust and participation in all affected areas, and are beginning to observe tangible improvements in Katwa and elsewhere.

Komanda Health Zone has recently passed the most risky transmission period, with the last confirmed case reported on 11 January and all contacts completing the minimum follow-up period; however, a high degree of vigilance will need to be maintained to rapidly detect potential flare-ups and reintroductions here and in other previously affected areas.

Public health response

The MoH continues to strengthen response measures, with support from WHO and partners. For detailed information about the public health response actions by WHO and partners, please refer to the latest situation reports published by the WHO Regional Office for Africa:

WHO risk assessment

WHO reviewed its risk assessment on 9 January 2019 for the outbreak and the risk remains very high at the national and regional levels; the global risk level remains low. This Ebola virus outbreak is affecting north-eastern provinces of the Democratic Republic of the Congo bordering Uganda, Rwanda and South Sudan. There is a potential risk for transmission of Ebola virus at the national and regional levels due to extensive travel between the affected areas, the rest of the country, and neighbouring countries for economic and personal reasons as well as due to insecurity. The country is concurrently experiencing other epidemics (e.g. cholera, vaccine-derived poliomyelitis, malaria), and a long-term humanitarian crisis. Additionally, the security situation in North Kivu and Ituri at times limits the implementation of response activities.

As the risk of national and regional spread is very high, it is important for neighbouring provinces and countries to enhance surveillance and preparedness activities. The International Health Regulations (IHR 2005) Emergency Committee has advised that failing to intensify these preparedness and surveillance activities would lead to worsening conditions and further spread. WHO will continue to work with neighbouring countries and partners to ensure that health authorities are alerted and are operationally prepared to respond.

WHO advice

International traffic: WHO advises against any restriction of travel to, and trade with, the Democratic Republic of the Congo based on the currently available information. There is currently no licensed vaccine to protect people from the Ebola virus. Therefore, any requirements for certificates of Ebola vaccination are not a reasonable basis for restricting movement across borders or the issuance of visas for passengers leaving the Democratic Republic of the Congo. WHO continues to closely monitor and, if necessary, verify travel and trade measures in relation to this event. Currently, no country has implemented travel measures that significantly interfere with international traffic to and from the Democratic Republic of the Congo. Travellers should seek medical advice before travel and should practice good hygiene.

For more information, see:

South Sudan vaccinates health workers against Ebola
Ebola - Following a Full Simulation Exercise, a Joint Monitoring Mission is deployed in Rwanda
Summary report for the SAGE meeting of October 2018
Statement on the October 2018 meeting of the IHR Emergency Committee on the Ebola virus disease outbreak in the Democratic Republic of the Congo
WHO Interim recommendation Ebola vaccines
WHO recommendations for international travellers related to the Ebola Virus Disease outbreak in the Democratic Republic of the Congo
Ebola virus disease in the Democratic Republic of the Congo Â Operational readiness and preparedness in neighbouring countries
Ebola virus disease fact sheet",Democratic Republic of the Congo,Ebola virus disease,27.68,62.0
11 february 2019,https://www.who.int/emergencies/disease-outbreak-news/item/11-february-2019-mers-oman-en,"From 27 January and 31 January 2019, the International Health Regulations (IHR) National Focal Point of Oman reported five cases of Middle East respiratory syndrome coronavirus (MERS-CoV) infection. All five laboratory confirmed cases are females from the same family and range in age from 30-59 years. The source of infection in this cluster is under investigation in Oman and four of the five cases appear to be secondary cases resulting from human-to-human transmission. While all cases did not report direct contact with dromedary camels, they resided on a farm where dromedary camels and other animals were kept. The Ministry of Agriculture is testing the dromedary camels. Details of these five cases can be found in a separate document (see link below).

MERS-CoV cases reported between 27 January and 31 January 2019
xls, 114kb
Including these five additional cases, a total of 16 laboratory confirmed cases of MERS-CoV infection have been reported by Oman since 2013. Prior to this cluster of cases, the last case of MERS-CoV infection reported from Oman was in March 2018.

MERS-CoV Disease outbreak news 15 March 2018
Globally, as of 8 February 2019, 2 311 laboratory-confirmed cases of infection with MERS-CoV including at least 811 related deaths have been reported to WHO1.

Public Health response
For all cases, investigation of exposure to known risk factors in the 14 days prior to the onset of symptoms is ongoing. Ministry of Health officials in Oman have established a contact list of healthcare worker and familial contacts in North Batinah Governorate. As of 4 February, a total of 60 familial contacts have been identified, with 26 contacts classified as high-risk. All household members of MERS-CoV cases have been screened for MERS-CoV by RT-PCR and tested negative, except one case reported above, who tested positive on 28 January. As of 4 February, a total of 119 healthcare worker contacts have been identified. All high-risk healthcare worker contacts have been screened for MERS-CoV by RT-PCR and all have tested negative. All identified contacts are monitored for 14 days from the last date of exposure as per WHO and national guidelines for MERS-CoV infection.

While no direct contact with dromedaries has been reported by any of the cases, they resided on a farm where dromedaries and other animals were kept. The Ministry of Agriculture is investigating the dromedary farms. Samples were collected and initial screening results for have tested negative for MERS-CoV. Further results are pending. Healthcare workers were educated and provided a refresher training course in infection prevention and control measures. Family members were educated about MERS-CoV and personal and respiratory hygiene advice was provided.

WHO risk assessment
Infection with MERS-CoV can cause severe disease resulting in high mortality. Humans are infected with MERS-CoV from direct or indirect contact with dromedary camels. MERS-CoV has demonstrated the ability to transmit between humans. So far, the observed non-sustained human-to-human transmission has occurred mainly in health care settings.

The notification of additional cases does not change the overall risk assessment. WHO expects that additional cases of MERS-CoV infection will be reported from the Middle East, and that cases will continue to be exported to other countries by individuals who might acquire the infection after exposure to dromedary camels, animal products (for example, consumption of camelÂs raw milk), or humans (for example, in a health care setting). WHO continues to monitor the epidemiological situation and conducts risk assessment based on the latest available information.

WHO advice
Based on the current situation and available information, WHO encourages all Member States to continue their surveillance for acute respiratory infections and to carefully review any unusual patterns.

Infection prevention and control measures are critical to prevent the possible spread of MERS-CoV in health care facilities. It is not always possible to identify patients with MERS-CoV early because like other respiratory infections, the early symptoms of MERS-CoV are non-specific. Therefore, healthcare workers should always apply standard precautions consistently with all patients, regardless of their diagnosis. Droplet precautions should be added to the standard precautions when providing care to patients with symptoms of acute respiratory infection; contact precautions and eye protection should be added when caring for probable or confirmed cases of MERS-CoV infection; airborne precautions should be applied when performing aerosol generating procedures.

Until more is understood about MERS-CoV, people with diabetes, renal failure, chronic lung disease, and immunocompromised persons are considered to be at high risk of severe disease from MERS-CoV infection. Therefore, people with these conditions should avoid close contact with animals, particularly camels, when visiting farms, markets, or barn areas where the virus is known to be or potentially circulating. General hygiene measures, such as regular hand washing before and after touching animals and avoiding contact with sick animals, should be adhered to.

Food hygiene practices should be observed. People should avoid drinking raw camel milk or camel urine, or eating meat that has not been properly cooked.

WHO does not advise special screening at points of entry with regard to this event nor does it currently recommend the application of any travel or trade restrictions.

1This global number reflects the total number of laboratory-confirmed cases reported to WHO under IHR to date. The total number of deaths includes the deaths that WHO is aware of to date through follow-up with affected Member States.",CoV),Middle East respiratory syndrome coronavirus (MERS,,
11 february 2019,https://www.who.int/emergencies/disease-outbreak-news/item/11-february-2019-yellow-fever-brazil-en,"Brazil is currently in the seasonal period for yellow fever, which occurs from December through May. The expansion of the historical area of yellow fever transmission to areas in the south-east of the country in areas along the Atlantic coast previously considered risk-free led to two waves of transmission (Figure 1). One during the 2016Â2017 seasonal period, with 778 human cases, including 262 deaths, and another during the 2017Â2018 seasonal period, with 1376 human cases, including 483 deaths.

From December 2018 through January 2019, 361 confirmed human cases, including eight deaths, have been reported in 11 municipalities of two states of Brazil. In the southern part of SÃ£o Paulo state, seven municipalities:El dorado (16 cases), Jacupiranga (1 case), Iporanga (7 cases), Cananeia (3 cases), Cajati (2), Pariquera-AÃ§u (1), and Sete Barras (1) reported confirmed cases. In the same state, additional cases in Vargem (1) and Serra Negra (1) municipalities were confirmed on the border with Minas Gerais State. Additionally, two cases have been confirmed in the municipalities of Antonina and AdrianÃ³polis, located in the eastern part of ParanÃ¡ State. These are the first confirmed yellow fever cases reported since 2015 from ParanÃ¡, a populous state with an international border. Among these confirmed cases, 89% (32/36) are male, the median age is 43 years, and at least 64% (23/36) are rural workers.

Human cases reported so far during the current 2018Â2019 period (July 2018 to Jan 2019) in nine municipalities in SÃ£o Paulo State, as well as the confirmation of human cases and epizootic due to yellow fever in the state of ParanÃ¡, mark the beginning of what could be a third wave and a progression of the outbreak towards the Southeast and South regions of the country (Figure 2). While too early to determine if this year will show the high numbers of human cases observed in the last two large seasonal peaks, there is indication that the virus transmission is continuing to spread in a southerly direction and in areas with low population immunity.

Figure 1. Distribution of confirmed human yellow fever cases by date of onset of symptoms in Brazil from 2016Â2019

Source: Data published by the Brazil Ministry of Health (2016Â2018, as of 15 December 2018) and the SÃ£o Paulo State Secretariat of Health (22 December 2018 through 26 January 2019) and reproduced by the Pan American Health Organization (PAHO/WHO)

Figure 2. Distribution of epizootics and confirmed human cases in Brazil from 1 January 2016 through 26 January 2019

Surveillance of non-human primate (NHP) epizootics
From 1 July 2018 through 18 January 2019, 25 confirmed epizootics were reported in five federal entities: SÃ£o Paulo (13), Rio de Janeiro (8), Minas Gerais (1), Mato Grosso (2) and Parana (1). In the last four weeks epizootics have been confirmed in SÃ£o Paulo and Parana states. Additionally, the ParanÃ¡ Secretariat of Health reported that tests performed on dead monkeys in Antonina, on the ParanÃ¡ coast, were positive for yellow fever. Given the gradual geographical expansion of the epizootic wave that Brazil has faced during the last two seasonal periods, the country has had to adapt its immunization policies for yellow fever. The number of areas with recommended vaccination has increased from 3526 municipalities in 2010 to 4469 (out of 55702) municipalities in 2018. In line with the World Health Organization guidelines, Brazil has adopted a single dose vaccination scheme for yellow fever since April 2017.

Public health response
During the 2017Â2018 season, Brazil adopted the use of fractional dose yellow fever vaccination to respond to outbreaks and the risk of urbanization of yellow fever, especially in large cities. This strategy was implemented in 77 municipalities with the greatest risk for yellow fever in the states of SÃ£o Paulo (54 municipalities), Rio de Janeiro (15 municipalities), and BahÃ­a (8 municipalities).

As of 29 September 2018, preliminary results of the mass vaccination campaign against yellow fever indicate that 13.3 million people in SÃ£o Paulo, 6.5 million in Rio de Janeiro, and 1.85 million in BahÃ­a states were vaccinated, which represents vaccination coverage of 53.6%, 55.6% and 55.0%, respectively3 .

Furthermore, data from the Brazil Ministry of Health indicates that vaccination coverage of 95% and greater has been reached in 13% (57/435) of municipalities considered to be at-risk in ParanÃ¡, 21% (113/531) of municipalities at-risk in Rio Grande do Sul, 19% (155/838) of municipalities at-risk in SÃ£o Paulo, and 9% (38/428) of municipalities at-risk in Santa Catarina.

Brazil has recommended additional supplementary vaccination of approximately 3 million persons in Sao Paulo State in urban areas in response to the current season, albeit not yet determined whether full or fractional dose. In January 2019, vaccinations also began in 36 Quilombo communities. Additionally, the state and affected municipalities developed a task force who have targeted vaccination of 28 299 unvaccinated additional persons in coming days in municipalities of Cajati, Iporanga, and Barra do Turvo.

WHO risk assessment
Further transmission is expected in the coming months based on seasonal patterns. Recent human cases of yellow fever during the current seasonal cycle have been reported in SÃ£o Paulo and ParanÃ¡ states in Southeast Brazil.

The preliminary results of the vaccination coverages in municipalities from ParanÃ¡, Rio Grande do Sul, SÃ£o Paulo, and Santa Catarina states suggests a high proportion of persons remaining at-risk and the necessity to intensify risk communications among high-risk groups.

The geographical distribution of human cases and epizootics from the current and previous two seasonal cycles suggests southward movement of the virus, which presents further risk to the states of ParanÃ¡, Rio Grande do Sul, and Santa Catarina, as no epizootics or human cases were confirmed in recent years prior. Furthermore, these areas have ecosystems favorable for yellow fever transmission and borders with other countries such as Argentina, Paraguay, and Uruguay.

During the previous season cycle, human yellow fever cases were reported among travelers, though to date, most imported cases have been reported in countries where the vector is absent (or absent during winter). These reports illustrate the importance of maintaining high levels of awareness, especially for international travelers from areas with favorable ecosystems for yellow fever transmission.

To date, yellow fever transmission by Aedes aegypti has not been documented, however the high incidence observed in the last two seasons may reflect the increased contact of sylvatic environments (vectors and non-human primates) and under-protected populations in urban or peri-urban settings. The sylvatic yellow fever virus is transmitted to monkeys by forest dwelling mosquitoes such as Haemagogus and Sabethes spp. Humans who are exposed to these mosquitoes can become infected if they are not vaccinated. In entomological studies conducted during the 2016Â2017 outbreak in some of the affected states, isolated Haemagogus mosquitoes were found to be positive for yellow fever, indicating predominantly sylvatic transmission. More recently, an investigation conducted by the Evandro Chagas Institute reported by the Brazil Ministry of Health revealed the detection of yellow fever virus in Aedes albopictus mosquitoes captured in rural areas of two municipalities in Minas Gerais (ItuÃªta and Alvarenga) in 2017. The significance of this finding requires further investigation. The last documented outbreak of urban yellow fever in Brazil was recorded in 1942.

WHO continues to monitor the epidemiological situation and review the risk assessment based on the latest available information. Currently, based on available information, WHO assesses the overall risk as high at the national level, moderate at the regional level, and low at the global level.

WHO advice
On 25 January 2019, PAHO/WHO alerted4 Member States about the beginning of the seasonal period for yellow fever and therefore, the highest risk of transmission to unvaccinated humans. Thus, PAHO/WHO advises Member States with areas at-risk for yellow fever to continue efforts to immunize the at-risk populations and to take the necessary actions to keep travelers informed and vaccinated prior to traveling to areas where yellow fever vaccination is recommended.

WHO recommends vaccination of international travellers above nine months of age going to Brazil. The updated areas at-risk for yellow fever transmission and the related recommendations for vaccination of international travellers were updated by WHO on 3 May 20185; the map of revised areas at risk and yellow fever vaccination recommendations is available on the WHO International Travel and Health website.

WHO International Travel and Health
Yellow fever can easily be prevented through immunization, provided that vaccination is administered at least 10 days before travel. Yellow fever vaccination is safe, highly effective and provides life-long protection. In accordance with the IHR (2005), the validity of the international certificate of vaccination against yellow fever extends to the life of the person vaccinated. A booster dose of yellow fever vaccine cannot be required of international travellers as a condition of entry.

Awareness of the signs and symptoms of yellow fever are recommended for anyone living or traveling in areas at risk for yellow fever transmission. Persons experiencing symptoms are encouraged to seek healthcare quickly.

WHO recommends against the application of any general travel or trade restrictions to Brazil based on the information available for this event.

Resources
Information on the yellow fever situation in Brazil and other countries in the Americas is published regularly on the PAHO/WHO website and on the Brazil Ministry of Health website:

PAHO: Epidemiological Alerts and Updates
Febre Amarela: causas, sintomas, diagnÃ³stico, prevenÃ§Ã£o e tratamento
For more information on yellow fever, please see:

PAHO/WHO yellow fever fact sheet
WHO yellow fever health topics
WHO list of countries with vaccination requirements and recommendations for international travellers
WHO yellow fever risk mapping and recommended vaccination for travellers
WHO strategy for yellow fever epidemic preparedness and response
1The probable place of infection for one confirmed human case is currently under investigation.

2Brazilian Institute of Geography and Statistics (IBGE, per its acronym in Portuguese)

3It should be noted that these figures include 11.3 million people vaccinated in the three states prior to the start of the mass vaccination campaign, which began on 25 January 2018 in SÃ£o Paulo and Rio de Janeiro and on 19 February 2018 in BahÃ­a.

4Pan American Health Organization / World Health Organization. Epidemiological Update: Yellow Fever. 25 January 2019, Washington, D.C: PAHO/WHO; 2019.
5Updates on yellow fever vaccination recommendations for international travelers related to the current situation in Brazil
See all DONs related to this event
Read more about Yellow fever",Brazil,Yellow fever,-12.96,86.0
14 february 2019,https://reliefweb.int/report/democratic-republic-congo/ebola-virus-disease-democratic-republic-congo-disease-outbreak-37,"Despite slightly fewer cases reported during the past week (Figure 1), current epidemiological indicators highlight that the Ebola virus disease (EVD) outbreak is continuing with moderate intensity. Katwa and Butembo remain the major health zones of concern, while simultaneously, small clusters continue to occur in various geographically dispersed regions. During the last 21 days (23 January Â 12 February 2019), 97 new cases have been reported from 13 health zones (Figure 2), including: Katwa (59), Butembo (12), Beni (7), Kyondo (4), Oicha (4), Vuhovi (3), Biena (2), Kalunguta (2), Komanda (1), Manguredjipa (1), Mabalako (1), Masereka (1), and Mutwanga (1). The recent case reported in the Komanda health zone was a resident of Katwa who was exposed to the virus, and subsequently travelled to both Bunia and Komanda. This case comes one month after the last reported case in Ituri Province; underscoring the high risks of reintroduction to previously affected areas, as well as the potential for spread to new ones.

As of 12 February, 823 EVD cases (762 confirmed and 61 probable) have been reported, including 517 deaths (overall case fatality ratio: 63%). Cumulatively, cases have been reported from 118 of 287 health areas across 18 health zones, of which 37 health areas have reported a case in the last 21 days. Thus far, 283 people have been discharged from Ebola Treatment Centers (ETCs) and enrolled in a dedicated monitoring and support programme. One new health worker infection was reported in Katwa. To date, a total of 68 health workers have been infected.

Main challenges this past week primarily pertain to community mistrust, particularly in Katwa, and the difficulty in encouraging community members to be more proactive in reporting suspected cases, presenting early to ETCs for treatment, and participating in community-based prevention and response efforts. However, in the face of these protracted challenges, response strategies have demonstrated to be effective in curtailing the spread of EVD. Fostering greater community trust by strengthening engagement with its members remains a top priority for response teams.

On 13 February, the Ministry of Health (MoH) launched the Strategic Response Plan 3 (SRP 3). The plan lays out the response strategy, objectives and budget requirements for the MoH, WHO, and all implementing partners for the next six months (February through July 2019). SRP 3 takes into account recommendations from operational reviews, and builds on a series of new strategic directions that capitalize on lessons learned under the scope of SRP 2. Activities laid out aim to stop the transmission of EVD in North Kivu and Ituri provinces, and prevent its spread to other provinces and neighbouring countries.

WHO remains confident that this outbreak can be successfully brought to an end through strategies outlined in SRP 3. To achieve the goals set out by the plan, MoH, WHO, and partners are appealing for US$ 148 million. WHO and partners count on the continued support of the international community to provide the required funding in order to stop this outbreak.

Public health response

For further information about the public health response actions by the MoH, WHO, and partners, please refer to the latest situation reports published by the WHO Regional Office for Africa:

Ebola situation reports: Democratic Republic of the Congo

WHO risk assessment

WHO continuously monitors changes to the epidemiological situation and context of the outbreak to ensure that support to the response is adapted to the evolving circumstances. The last review conducted on 7 February 2019, outlines the high risk the EVD outbreak poses at the national and regional levels, though global risk levels remain low. This EVD outbreak is affecting primarily the north-eastern provinces of the Democratic Republic of the Congo bordering Uganda, Rwanda, and South Sudan. There is a potential risk for transmission of EVD at the national and regional levels due to extensive travel between the affected areas, the rest of the country, and neighbouring countries for economic and personal reasons, as well as due to insecurity. The country is concurrently experiencing other epidemics (e.g. cholera, vaccine-derived poliomyelitis, malaria), and a long-term humanitarian crisis. Additionally, the fragile security situation in North Kivu and Ituri, further limits the implementation of response activities.

As the risk of national and regional spread is very high, it is important for neighbouring provinces and countries to enhance surveillance and preparedness activities. The International Health Regulations (IHR 2005) Emergency Committee has advised that failing to intensify these preparedness and surveillance activities would lead to worsening conditions and further spread. WHO will continue to work with neighbouring countries and partners to ensure that health authorities are alerted and are operationally prepared to respond.

WHO advice

International traffic: WHO advises against any restriction of travel to, and trade with, the Democratic Republic of the Congo based on the currently available information. There is currently no licensed vaccine to protect people from the Ebola virus. Therefore, any requirements for certificates of Ebola vaccination are not a reasonable basis for restricting movement across borders or the issuance of visas for passengers leaving the Democratic Republic of the Congo. WHO continues to closely monitor and, if necessary, verify travel and trade measures in relation to this event. Currently, no country has implemented travel measures that significantly interfere with international traffic to and from the Democratic Republic of the Congo. Travellers should seek medical advice before travel and should practice good hygiene.",Democratic Republic of the Congo,Ebola virus disease,27.68,62.0
14 february 2019,https://reliefweb.int/report/nigeria/lassa-fever-nigeria-disease-outbreak-news-14-february-2019,"From 1 January through 10 February 2019, 327 cases of Lassa fever (324 confirmed cases and three probable cases) with 72 deaths (case fatality ratio = 22%) have been reported across 20 states and the Federal Capital Territory, with the majority of cases being reported from Edo (108) and Ondo (103) states. Twelve cases have been reported among healthcare workers in seven states Â Edo (4), Ondo (3), Ebonyi (1), Enugu (1), Rivers (1), Bauchi (1) and Benue (1) including one death in Enugu.

The number of confirmed cases reported across Nigeria remains high. In week 6, 2019 (week ending 10 February 2019), 37 new confirmed cases including 10 deaths (case fatality ratio = 27%) were reported from nine states across Nigeria. The majority of cases were reported from Ondo (12) and Edo (10) states. The number of confirmed cases reported in week 6, 2019 represents a slight decrease compared to week 5 when 68 confirmed cases were reported (Figure 1).

Of the 3746 contacts identified since January 2019, 2658 are still under follow-up while 1045 have completed 21 days of follow-up. Sixty contacts became symptomatic, of which 39 tested positive.

Ninety-one case-patients are currently in admission at treatment centers across the country. The case-patients are being treated with standard supportive care.

Public health response

On 22 January 2019, the Nigeria Center for Disease Control (NCDC) declared the outbreak an emergency.
Multi-sectoral One Health national rapid response teams have been deployed to Ondo, Edo, Ebonyi, Plateau, and Bauchi to support field investigation and response activities.
Enhanced surveillance is ongoing in all states following alert communication and a press release from NCDC.
Treatment of Lassa fever cases is also ongoing at designated treatment centres across the country.
Risk communication and community engagement activities continue in the states. National awareness was improved through the recently concluded international Lassa fever conference which took place from 16 through 17 January 2019.

WHO risk assessment

Lassa fever is a viral haemorrhagic fever that is transmitted to humans via contact with food or household items contaminated with rodent urine or faeces. Person-to-person infections and laboratory transmission can also occur. The overall case fatality rate is 1%; it is 15% among patients hospitalized with severe illness. There is currently no approved vaccine. Early supportive care with rehydration and symptomatic treatment improves survival.

Although Lassa fever is known to be endemic in Nigeria with the peak season anticipated from December through June, the current increase in new confirmed cases and deaths should be monitored closely and addressed appropriately. Cases in neigbouring Benin and Togo potentially originating from Nigeria have been reported in previous years and therefore neighbouring countries should be monitored accordingly.

With twelve confirmed cases so far among healthcare workers, there is evidence of nosocomial transmission of the disease amidst reports of inadequate infection prevention and control (IPC) supplied in some health facilities and complacency on the part of health workers towards maintaining IPC measures.

WHO advice

Prevention of Lassa fever relies on community engagement and promoting hygienic conditions to discourage rodents from entering homes. In healthcare settings, staff should consistently implement standard infection prevention and control measures when caring for patients to prevent nosocomial infections. WHO continues to advice all countries in the Lassa fever belt on the need to enhance early detection and treatment of cases to reduce the case fatality rate as well as strengthen cross-border collaboration.

WHO does not recommend any travel or trade restriction to Nigeria based on the currently available information.

For more information on Lassa fever, please see the link below:

WHO fact sheet on Lassa fever",Nigeria,Lassa Fever,18.27,24.0
15 february 2019,https://www.who.int/emergencies/disease-outbreak-news/item/2019-DON170,"From 1 January through 31 January 2019, the International Health Regulations (IHR) National Focal Point of Saudi Arabia reported fourteen additional cases of Middle East respiratory syndrome coronavirus (MERS-CoV) infection, including three deaths. Details of these cases can be found by following the link to a separate document after this paragraph. Of the 14 cases reported in January, eight are from three separate clusters of cases. Cluster 1 involves three cases (listed as cases 1, 2 and 3) in Riyadh Province and cluster 2 involves two cases (listed as cases 4 and 5) in the city of Jeddah. Cluster 3 involves three cases (listed as cases 11, 13 and 14) in the city of Wadi Aldwaser and is currently ongoing. More details regarding the outbreak in Wadi Aldwaser and the implementation of interventions by the Ministry of Health (MoH) in Saudi Arabia will be provided in the next update.

The link below provides details of the fourteen reported additional cases.

MERS-CoV cases reported between 1 January and 31 January 2019
xls, 118kb
From 2012 through 31 January 2019, the total number of laboratory-confirmed MERS-CoV cases reported globally to WHO under IHR (2005) is 2 298 with 811 associated deaths. The total number of deaths includes the deaths that WHO is aware of to date through follow-up with affected member states.

Public health response
 
WHO risk assessment
Infection with MERS-CoV can cause severe disease resulting in high mortality. Humans are infected with MERS-CoV from direct or indirect contact with dromedary camels. MERS-CoV has demonstrated the ability to transmit between humans. So far, the observed non-sustained human-to-human transmission has occurred mainly in health care settings.

As of 15 February 2019, there is an ongoing outbreak of MERS in Wadi Aldwaser, which includes cases 11, 13 and 14 reported in the separate document linked above. WHO will provide details of the additional cases involved in this outbreak as well as intervention measures implemented by the MoH. The notification of additional cases does not change the overall risk assessment. WHO expects that additional cases of MERS-CoV infection will be reported from the Middle East, and that cases will continue to be exported to other countries by individuals who might acquire the infection after exposure to dromedary camels, animal products (for example, consumption of camelÂs raw milk), or humans (for example, in a health care setting). WHO continues to monitor the epidemiological situation and conducts risk assessment based on the latest available information.

WHO advice
Based on the current situation and available information, WHO encourages all Member States to continue their surveillance for acute respiratory infections and to carefully review any unusual patterns.

Infection prevention and control measures are critical to prevent the possible spread of MERS-CoV in health care facilities. It is not always possible to identify patients with MERS-CoV early because like other respiratory infections, the early symptoms of MERS-CoV are non-specific. Therefore, healthcare workers should always apply standard precautions consistently with all patients, regardless of their diagnosis. Droplet precautions should be added to the standard precautions when providing care to patients with symptoms of acute respiratory infection; contact precautions and eye protection should be added when caring for probable or confirmed cases of MERS-CoV infection; airborne precautions should be applied when performing aerosol generating procedures. Early identification, case management and isolation, together with appropriate infection prevention and control measures can prevent human-to-human transmission of MERS-CoV.

MERS-CoV appears to cause more severe disease in people with diabetes, renal failure, chronic lung disease, and immunocompromised persons. Therefore, these people should avoid close contact with animals, particularly dromedary camels, when visiting farms, markets, or barn areas where the virus is known to be potentially circulating. General hygiene measures, such as regular hand washing before and after touching animals and avoiding contact with sick animals, should be adhered to. Food hygiene practices should be observed. People should avoid drinking raw camel milk or camel urine, or eating meat that has not been properly cooked.

WHO does not advise special screening at points of entry with regard to this event nor does it currently recommend the application of any travel or trade restrictions.",CoV),Middle East respiratory syndrome coronavirus (MERS,,
20 february 2019,https://www.who.int/emergencies/disease-outbreak-news/item/20-February-2019-polio-png-en,"On 26 June 2018, an outbreak of circulating vaccine-derived poliovirus type 1 (cVDPV1) was declared in Papua New Guinea following laboratory confirmation of cVDPV1 isolation in two healthy community contacts of the index case. Since the declaration, a total of 26 confirmed cVDPV1 cases have been reported in the following nine provinces: Eastern Highlands (six), Enga (five), East Sepik (four), Madang (three), Morobe (three), Jiwaka (two), Gulf (one), Southern Highlands (one), and National Capital District (NCD) (one). The last laboratory-confirmed case reported having experienced the onset of paralysis in late October 2018. Environmental surveillance continues on a bimonthly basis in Port Moresby and Lae to complement active acute flaccid paralysis (AFP) case search efforts.

Public health response
To date, there have been five rounds of Supplementary Immunisation Activities (SIA) conducted from July to December 2018. Consultants from WHO and UNICEF have been deployed to provide technical support during pre-campaign preparations and implementation to ensure high quality SIAs and improve AFP case detection. The first round of SIA targeted children under five years of age in three high-risk provinces. The second round included children under five years of age in all nine provinces. The third and fourth rounds of SIA included National Immunisation Days (NIDs) which were aimed at children less than 15 years of age and achieved a coverage of 93% and 97% respectively. The fifth round of SIA was a sub-national campaign conducted in four priority provinces (NCD, Central, Enga, and Angoram district in East Sepik province). Planning is currently ongoing for additional NIDs in 2019.

AFP surveillance continues to be enhanced and all provinces are now reporting cases of suspected AFP. As Papua New Guinea shares a border with Papua Province, Indonesia, cross-border surveillance and immunization has been discussed. A SIA has also been implemented in Papua Province, Indonesia in addition to the strengthening of surveillance efforts.

WHO is working with partners to support the Government of Papua New Guinea to undertake appropriate outbreak response measures in accordance with the requirements under the temporary recommendations of the IHR Emergency Committee Regarding the International Spread of Poliovirus and standard operating procedures of the Global Polio Eradication Initiative.

WHO risk assessment
WHO currently assesses the risk of international spread of poliovirus from Papua New Guinea to be low.

Circulating VDPVs are rare, though well-documented strains of poliovirus can emerge in some populations which are inadequately immunized. A robust outbreak response can rapidly stop such events. While five SIA rounds have been conducted in 2018, there remains a need for additional SIAs/NIDs in areas of low-coverage to strengthen routine immunization programmes. The risk of further spread of cVDPV1 within the country remains a great concern due to poor routine immunization coverage. The emergence of cVDPV1 strains underscores the importance of maintaining high levels of routine immunization coverage and effective surveillance systems for early detection.

On 5 May 2014, the Director-General of WHO declared the international spread of poliovirus as a Public Health Emergency of International Concern (PHEIC) under the International Health Regulations [IHR 2005], issued Temporary Recommendations to reduce the international spread of poliovirus, and requested a reassessment of this situation by the Emergency Committee every three months.

WHO emphasizes the need for full implementation of outbreak response measures of the internationally-agreed standard and WHO will continue to evaluate the epidemiological situation and outbreak response measures being implemented.

WHO advice
It is important that all countries, particularly, those with frequent travel and contact with polio-affected countries and areas to strengthen surveillance for AFP cases in order to rapidly detect any new virus importation and to facilitate a rapid response. Countries, territories and areas should also maintain uniformly high routine immunization coverage at the district level to minimize the consequences of any new virus introduction.

WHOÂs International Travel and Health (http://www.who.int/ith/en/) recommends that all travellers to polio-affected areas be fully vaccinated against polio. Residents (and visitors for more than four weeks) from infected areas should receive an additional dose of bivalent oral poliovirus (bOPV) or inactivated polio vaccine (IPV) between four weeks and 12 months prior to international travel. Travellers should be provided with a written record of such vaccination, preferably using the International Certificate of Vaccination or Prophylaxis. Some polio-free countries may require travellers who are resident in polio affected countries to be immunized against polio in order to obtain an entry visa. The International Travel and Health country list provides a summary of countryÂs requirements for incoming travellers.",derived poliovirus type 1,Circulating vaccine,,
21 february 2019,https://reliefweb.int/report/democratic-republic-congo/ebola-virus-disease-democratic-republic-congo-disease-outbreak-38,"The Ebola virus disease (EVD) outbreak is continuing with moderate intensity. Katwa and Butembo remain the major health zones of concern, while simultaneously, small clusters continue to occur in various geographically dispersed locations. During the last 21 days (30 January Â 19 February 2019), 79 new cases have been reported from 40 health areas within 12 health zones (Figure 1), including: Katwa (46), Butembo (15), Kyondo (4), Vuhovi (4), Kalunguta (2), Oicha (2), Biena (1), Mabalako (1), Manguredjipa (1), Masereka (1), Mutwanga (1), and Rwampara (1).1

No new cases have been reported from the Beni in the last three weeks. This is a significant achievement given the previous intensity of the outbreak in this area. Elsewhere, trends in the case incidence (Figure 2) have been encouraging; however, other indicators (such as the continued high proportion of community deaths, persistent delays in case detection, documented local travel amongst many cases, and relatively low numbers of cases among contacts under surveillance) suggest a high risk of further chains of transmission in affected communities. Response teams must maintain a high degree of vigilance across all areas with declining case and contact tracing activity, as with areas with active cases, to rapidly detect new cases and prevent onward transmission.

As of 19 February, 848 EVD cases2 (783 confirmed and 65 probable) have been reported, of which 7% (485) were female and 30% (258) were children aged less than 18 years. Cumulatively, cases have been reported from 119 of 301 health areas across 19 health zones. Ongoing cleaning of case databases this past week corrected to the number of deaths and survivors discharged from Ebola Treatment Centres (ETCs) thus far; overall 529 deaths (case fatality ratio: 62%) and 257 survivors have been reported to date.

To complement ongoing response activities, the Ministry of Health is establishing a Strategic Coordination Centre in Goma. The new Centre will support the coordination and monitoring of the operations in close collaboration with sub-coordination teams working across all affected areas. The implementation of the Strategic Coordination Centre in Goma will not impact on the response capacity in the field, with WHO and partners continuing to maintain full-scale operations in Beni, Butembo and Bunia, as well as a strong presence in all affected Health Zones, to ensure the effectiveness of field operations.

Public health response

For further detailed information about the public health response actions by the MoH, WHO, and partners, please refer to the latest situation reports published by the WHO Regional Office for Africa:

Ebola situation reports: Democratic Republic of the Congo

WHO risk assessment

WHO continuously monitors changes to the epidemiological situation and context of the outbreak to ensure that support to the response is adapted to the evolving circumstances. National and regional risk levels remain very high, though global risk levels remain low. This EVD outbreak is affecting primarily the north-eastern provinces of the Democratic Republic of the Congo bordering Uganda, Rwanda and South Sudan. There is a potential risk for transmission of EVD at the national and regional levels due to extensive travel between the affected areas, the rest of the country, and neighbouring countries for economic and personal reasons, as well as due to insecurity. The country is concurrently experiencing other epidemics (e.g. cholera, vaccine-derived poliomyelitis, malaria, measles), and a long-term humanitarian crisis. Additionally, the fragile security situation in North Kivu and Ituri, further limits the implementation of response activities.

As the risk of national and regional spread is very high, it is important for neighbouring provinces and countries to enhance surveillance and preparedness activities. The International Health Regulations (IHR 2005) Emergency Committee has advised that failing to intensify these preparedness and surveillance activities would lead to worsening conditions and further spread. WHO will continue to work with neighbouring countries and partners to ensure that health authorities are alerted and are operationally prepared to respond.

WHO advice

International traffic: WHO advises against any restriction of travel to, and trade with, the Democratic Republic of the Congo based on the currently available information. There is currently no licensed vaccine to protect people from the Ebola virus. Therefore, any requirements for certificates of Ebola vaccination are not a reasonable basis for restricting movement across borders or the issuance of visas for passengers leaving the Democratic Republic of the Congo. WHO continues to closely monitor and, if necessary, verify travel and trade measures in relation to this event. Currently, no country has implemented travel measures that significantly interfere with international traffic to and from the Democratic Republic of the Congo. Travellers should seek medical advice before travel and should practice good hygiene.",Democratic Republic of the Congo,Ebola virus disease,27.68,62.0
26 february 2019,https://www.who.int/emergencies/disease-outbreak-news/item/2019-DON132,"On 6 February 2019, the National IHR Focal Point of The Kingdom of Saudi Arabia notified WHO of an ongoing outbreak of MERS-CoV infection in Wadi Aldwasir city and one of its hospitals (referred to as Hospital A). Between 29 January and 13 February 2019, 39 cases of MERS-CoV infection, including four deaths, were reported. At the time of writing, this outbreak remains ongoing. Human-to-human transmission has occurred between the index patient and health care workers, patients in the emergency department and intensive care unit (ICU) of Hospital A, and from patients to household contacts. As of 13 February, nine health care workers have been infected. Descriptions of the outbreak are based on information WHO has received as of 13 February 2019; further updates will be provided as they become available.

Details regarding each of the cases are provided in the file linked below.

MERS-CoV cases reported between 29 January and 13 February 2019
xls, 123kb
From 2012 through 13 February 2019, a total of 2 345 laboratory-confirmed cases of MERS-CoV, along with 817 associated deaths, have been reported to WHO globally. The number reflects the total number of laboratory-confirmed cases globally reported to WHO under IHR to date. The total number of deaths includes the deaths that WHO is aware of to date through follow-up with affected member states.

Public health response
The Saudi Arabian Ministry of Health (MoH) has launched a full-scaled investigation of the outbreak in Wadi Aldwasir, including identification of all household and healthcare worker contacts of confirmed patients. As of 13 February, a total of 350 contacts have been identified, including 230 household contacts and 120 healthcare worker contacts. All identified contacts will continue to be monitored for 14 days from the last date of exposure as per WHO and national guidelines for MERS-CoV.

Currently, symptomatic and high-risk exposure contacts have been tested for MERS-CoV infection by RT-PCR at least once and many contacts of known patients have been tested repeatedly. Any secondary cases of MERS-CoV infection have been reported to WHO. As of 13 February, the MoH believes that the possible active human-to-human transmission is minimized. The latest cases represent contacts who initially tested negative for MERS-CoV by RT-PCR, but were confirmed positive in subsequent repeat testing. WHO expects more cases epidemiologically linked to known cases to be reported.

Within the health care facilities with high risk of MERS-CoV transmission, infection prevention and control measures have been enhanced, including intensive mandatory on-the-job training on infection control measures for all healthcare workers in emergency room and ICU. Disinfection has been carried out in the emergency room and ICU of Hospital A, and respiratory triage has been enforced in all healthcare facilities in the Riyadh region. Additional hospital staff are also mobilized to support infection control activities. At this time, Hospital A is fully operational.

The MoH media department has launched an awareness campaign targeting Wadi Aldawasir city with special focus on camel owners and camel-related activities.

The Ministry of Agriculture is testing dromedaries in the Wadi Aldwasir area. Three dromedaries have tested positive via PCR and these animals were removed from the local market. Movement in and out of the camel market has also been restricted. Camels owned by confirmed human cases were quarantined regardless of testing results as a precaution. Full genome sequencing of available human and dromedary specimens will be conducted.

WHO risk assessment
Infection with MERS-CoV can cause severe disease resulting in high morbidity and mortality. Humans are infected with MERS-CoV from direct or indirect unprotected contact with infected dromedary camels. MERS-CoV has demonstrated the ability to transmit between humans. So far, the observed non-sustained human-to-human transmission has occurred mainly in health care settings.

As of 13 February, 39 cases have been identified and reported as part of the Wadi Aldwasir outbreak. At the time of writing, contact follow-up is ongoing. It is likely that more cases resulting from human-to-human transmission may be reported as part of this outbreak. The occurrence of this nosocomial transmission is deeply concerning. However, the epidemiologic patterns are not unusual and there are no signs so far that suggest further propagation of the outbreak. Human-to-human transmission between patients and health care workers, between patients sharing spaces in health care facilities, and from patients to household members, can occur when there are delays in isolation of suspected cases, inadequate infection and control measures, and late case management.

The notification of these additional cases does not change WHOÂs overall risk assessment of MERS-CoV. WHO expects that additional cases of MERS-CoV infection will be reported from the Middle East, and that cases will continue to be exported to other countries by individuals who might acquire the infection after exposure to infected dromedary camels, animal products (e.g. consumption of raw camel milk), or other human cases (e.g. in a health care setting). WHO will continue to monitor the epidemiological situation and conduct risk assessment based on the latest available information. Results of the completed epidemiological investigation, as well as full genome sequencing of available dromedary and human specimens are currently pending. These results will provide information of the extent of dromedary-to-human and human-to-human transmission in this outbreak.

WHO advice
Based on the current situation and available information, WHO encourages all Member States to continue their surveillance for acute respiratory infections and to carefully review any unusual patterns.

Infection prevention and control measures are critical to prevent the possible spread of MERS-CoV between people in health care facilities. It is not always possible to identify patients with MERS-CoV infection early because like other respiratory infections, the early symptoms of MERS-CoV are non-specific. Therefore, healthcare workers should always apply standard precautions consistently with all patients, regardless of their diagnosis. Droplet precautions should be added to the standard precautions when providing care to patients with symptoms of acute respiratory infection; contact precautions and eye protection should be added when caring for probable or confirmed cases of MERS-CoV infection; airborne precautions should be applied when performing aerosol generating procedures.

Early identification, case management and isolation, together with appropriate infection prevention and control measures can prevent human-to-human transmission of MERS-CoV.

WHO recommends that comprehensive identification, follow up and testing of all contacts of MERS-CoV infected patients be conducted, if feasible, regardless of the development of symptoms since approximately 20% of all reported MERS-CoV infections have been reported as mild or asymptomatic. The role of asymptomatic MERS-CoV infection in transmission is not well understood. However, reports of transmission from an asymptomatic MERS-CoV infected patient to another individual have been documented.

MERS-CoV causes more severe disease in people who are immunocompromised or have underlying chronic medical conditions such as diabetes, renal failure, or chronic lung disease. Therefore, these people should avoid close contact with dromedary camels when visiting farms, markets, or barn areas where the virus is known to be potentially circulating. General hygiene measures, such as regular hand washing before and after touching animals and avoiding contact with sick animals, should be adhered to. Food hygiene practices should also be observed. People should avoid drinking raw camel milk or camel urine, and refrain from eating meat that has not been properly cooked.

WHO does not advise special screening at points of entry with regards to this event, and does not currently recommend the application of any travel or trade restrictions at this time.",CoV),Middle East respiratory syndrome coronavirus (MERS,,
27 february 2019,https://www.who.int/emergencies/disease-outbreak-news/item/27-february-2019-polio-indonesia-en,"On 12 February, a circulating vaccine-derived poliovirus type 1 (cVDPV1) has been confirmed in Papua province, Indonesia. Two genetically-linked VDPV1 viruses were isolated from a child with acute flaccid paralysis (AFP) with onset of paralysis on 27 November 2018 and in a healthy community contact, a child whose stool sample was collected on 24 January 2019. The location of this healthy child, with the VDPV isolation, is in a remote village, approximately 3Â4 km away from the AFP case with onset of paralysis on 27 November 2018. Even though this province shares a border with Papua New Guinea, this outbreak is not linked to the cVDPV1 outbreak currently affecting its neighbouring country.

Public health response
WHO and partners are supporting the Ministry of Health (MoH) and local public health authorities in conducting a field investigation, a thorough risk assessment and planning an outbreak response. The exact extent and timing of the outbreak response is being finalized. Initial outbreak response immunization (ORI) has been conducted in Yahukimo district and 5718 children under 15 years of age have been immunized with bivalent oral polio vaccine (bOPV). Disease surveillance, including conducting retrospective and active searches for additional acute flaccid paralysis (AFP) cases, has been further strengthened in community health centres, hospitals and other health facilities including all districts and cities in Papua province. Surveillance has also been strengthened at entry and exit ports and monitoring notification and reporting through the Early Warning, Alert, and Response System (EWARS) has been reinforced. Other provinces have been alerted to improve immunization and AFP surveillance.

The most recent National Immunisation Day (NID) conducted in Indonesia was in March 2016 using trivalent oral polio vaccine (OPV) (in advance of the trivalent OPV to bivalent OPV switch), and Papua province conducted a bivalent OPV/measles/rubella Supplementary Immunization Activity (SIA) in late 2018. In addition, in response to the recent cVDPV1 outbreak in Papua New Guinea, MoH Indonesia had already established border vaccination posts and initiated environmental surveillance in Papua province. They had also conducted a simulation exercise to test their polio outbreak response plan. However, the polio vaccination coverage in Papua province remains low (2016 SIA coverage: 77% and 2018 SIA coverage: 72%; overall OPV4 coverage: 68.2% in 2017 and 40.8% in 2018).

WHO risk assessment
The detection of cVDPVs underscores the importance of maintaining high routine vaccination coverage everywhere to minimize the risk and consequences of any poliovirus circulation as well as the need to ensure quality surveillance for early detection of any polioviruses. These events also underscore the risk posed by any low-level transmission of the virus. A robust outbreak response is needed to rapidly stop circulation and ensure sufficient vaccination coverage in the affected areas to prevent similar outbreaks in the future. WHO will continue to evaluate the epidemiological situation and outbreak response measures being implemented.

The overall risk is assessed as moderate at the national level due to the sub-optimal polio vaccination coverage and surveillance quality in Papua province of Indonesia. The population density in the highlands, from where the virus has been isolated, is relatively low and population movement from that area to other provinces not significant. Locally in Papua province, there is limited capacity within existing resources for implementing response measures.

At the regional level despite proximity with Papua New Guinea the overall risk is assessed to be low as there is limited cross border population movement from the affected area; however, virological analysis indicates that the virus may have been possibly circulating for a few years with immunization coverage being low in neighbouring areas. Jayapura, a nearby district that has high international population movement has not had any persons test positive for cVDPV. At the global level, the overall risk is assessed as low due to generally high polio vaccine coverage, established AFP surveillance systems and availability of technical expertise for polio control.

This risk will be continuously assessed and could be reviewed according to the evolution of the situation.

WHO advice
Vaccine-derived poliovirus (VDPVs) are rare but well documented strains of poliovirus that can emerge in some populations which are inadequately immunized. The emergence of VDPV strains underscores the importance of maintaining high levels of routine coverage and effective surveillance systems for early detection.

It is important that all countries, in particular those with persons who frequently travel and have contact with polio-affected countries and areas, strengthen surveillance for AFP cases in order to rapidly detect any new virus importation and to facilitate a rapid response. Countries, territories and areas should also maintain uniformly high routine immunization coverage at the district level to minimize the consequences of any new virus introduction.

WHOÂs International Travel and Health (http://www.who.int/ith/en/) recommends that before travelling to areas with active poliovirus transmission (i.e. those with active transmission of a wild or vaccine derived poliovirus), travellers from polio-free countries should ensure that they have completed the age-appropriate polio vaccination series, according to their respective national immunization schedule. In addition, they should be given another one-time booster dose of polio vaccine if the OPV or IPV vaccine series were completed more than 12 months previously.

Before travelling abroad, persons of all ages residing in polio-infected countries and long-term visitors to such countries (i.e. persons who spend more than four weeks in the country) should have completed a full course of vaccination against polio in compliance with the national schedule. In addition, they should receive an additional dose of OPV or IPV within four weeks to 12 months of travel to boost intestinal mucosal immunity and reduce the risk of poliovirus shedding, which could lead to reintroduction of poliovirus into a polio-free area. For persons who previously received only IPV, OPV should be the choice for the booster dose, if available and feasible. In case of unavoidable last-minute travel, travellers who have not received a documented dose of polio vaccine within the previous 12 months, should still receive one dose of OPV or IPV before departure. Updates on currently or recently infected countries can be found on the website of the Global Polio Eradication Initiative.

As per the advice of the Emergency Committee convened under the International Health Regulations (2005), efforts to limit the international spread of poliovirus must continue as it remains a Public Health Emergency of International Concern (PHEIC). Countries affected by poliovirus transmission are subject to Temporary Recommendations. To comply with the Temporary Recommendations, any country infected by poliovirus should declare the outbreak as a national public health emergency and implement all required measures to support polio eradication such as adequate vaccination of international travellers; intensify efforts to increase routine immunization coverage, including sharing coverage data and intensify cross border efforts. State should ensure that travellers who receive such vaccination have access to an appropriate document to record their polio vaccination status. The full statement of the Emergency Committee Polio is available from the link below:

Polio Global Eradication Initiative: Public health emergency status",derived poliovirus type 1,Circulating vaccine,,
28 february 2019,https://reliefweb.int/report/democratic-republic-congo/ebola-virus-disease-democratic-republic-congo-disease-outbreak-39,"The Ebola virus disease (EVD) outbreak is continuing with moderate intensity. Katwa and Butembo remain the major health zones of concern, while simultaneously, small clusters continue to occur in various geographically dispersed locations. During the last 21 days (6 Â 26 February 2019), 77 new cases have been reported from 33 health areas within nine health zones (Figure 1), including: Katwa (45), Butembo (19), Vuhovi (4), Kyondo (3), Kalunguta (2), Oicha (1), Beni (1), Mandima (1), and Rwampara (1).

Although there are decreasing trends in case incidence (Figure 2), the high proportion of community deaths reported among confirmed cases and relatively low number of new cases who were known contacts under surveillance could increase the risk of further chains of transmission in affected communities. Response teams must maintain a high degree of vigilance across all areas with declining case incidence and contact tracing activity, as well as in areas with active cases, to rapidly detect new cases and prevent onward transmission. Following attacks this week on the treatment centres in Katwa and Butembo, WHO is working with partners to ensure the safety of the patients and staff. These incidents are disruptive to the response on many levels and can also hamper surveillance activities in the field.

As of 26 February, 879 EVD cases1 (814 confirmed and 65 probable) have been reported, of which 57% (499) were female and 30% (264) were children aged less than 18 years. Cumulatively, cases have been reported from 119 of 301 health areas across 19 health zones. Overall, 553 deaths (case fatality ratio: 63%) have been reported and as of 19 February 2019, 257 survivors have been reported. There is ongoing cleaning of the case database to correct the number deaths and survivors discharged from Ebola Treatment Centres (ETCs).

Public health response

For further detailed information about the public health response actions by the MoH, WHO, and partners, please refer to the latest situation reports published by the WHO Regional Office for Africa:

Ebola situation reports: Democratic Republic of the Congo

WHO risk assessment

WHO continuously monitors changes to the epidemiological situation and context of the outbreak to ensure that support to the response is adapted to the evolving circumstances. National and regional risk levels remain very high, though global risk levels remain low. This EVD outbreak is affecting primarily the north-eastern provinces of the Democratic Republic of the Congo bordering Uganda, Rwanda and South Sudan. There is a potential risk for transmission of EVD at the national and regional levels due to extensive travel between the affected areas, the rest of the country, and neighbouring countries for economic and personal reasons, as well as due to insecurity. The country is concurrently experiencing other epidemics (e.g. cholera, vaccine-derived poliomyelitis, malaria, measles), and a long-term humanitarian crisis. Additionally, the fragile security situation in North Kivu and Ituri, further limits the implementation of response activities.

As the risk of national and regional spread is very high, it is important for neighbouring provinces and countries to enhance surveillance and preparedness activities. The International Health Regulations (IHR 2005) Emergency Committee has advised that failing to intensify these preparedness and surveillance activities would lead to worsening conditions and further spread. WHO will continue to work with neighbouring countries and partners to ensure that health authorities are alerted and are operationally prepared to respond.

WHO advice

International traffic: WHO advises against any restriction of travel to, and trade with, the Democratic Republic of the Congo based on the currently available information. There is currently no licensed vaccine to protect people from the Ebola virus. Therefore, any requirements for certificates of Ebola vaccination are not a reasonable basis for restricting movement across borders or the issuance of visas for passengers leaving the Democratic Republic of the Congo. WHO continues to closely monitor and, if necessary, verify travel and trade measures in relation to this event. Currently, no country has implemented travel measures that significantly interfere with international traffic to and from the Democratic Republic of the Congo. Travellers should seek medical advice before travel and should practice good hygiene.",Democratic Republic of the Congo,Ebola virus disease,27.68,62.0
4 march 2019,https://www.who.int/emergencies/disease-outbreak-news/item/04-march-2019-mers-oman-en,"Between 12 and 18 February 2019, the National IHR Focal Point of Oman reported eight additional cases of Middle East respiratory syndrome coronavirus (MERS-CoV) infection. Four cases were reported from South Sharquia governorate, and four cases were reported from North Batinah governorate where a MERS-CoV cluster was recently identified. Details of the additional eight cases can be found in the attached excel sheet.

MERS-CoV cases reported from 12 through 18 February 2019
xlsx, 17kb
Since 27 January 2019, a total of 13 MERS cases were reported from Oman, including nine from North Batinah (five cases were previously reported in the Disease outbreak News 11 February 2019) and four from South Sharquia.

MERS-CoV Disease outbreak news 11 February 2019
An investigation into the exposure history to known risk factors in the 14 days prior to symptom onset in all eight cases is currently ongoing.

From 2012 through 18 February 2019, a total of 2357 laboratory-confirmed cases of MERS, along with 820 associated deaths, have been reported to WHO globally. The first reported MERS infection in Oman was reported in 2013. Since then, a total of 24 cases and seven deaths have been reported.

The global number reflects the total number of laboratory-confirmed cases reported to WHO under IHR to date. The total number of deaths includes the deaths that WHO is aware of to date through follow-up with affected member states.

Public Health response
Whole genome sequencing of available human specimens of patients is being conducted. As of 21 February, all identified contacts (family and health workers) of confirmed MERS patients have been screened, including 69 contacts from North Batinah patients and 57 contacts from South Sharqiyah patients. Tracing and follow-up of these contacts is ongoing by the Ministry of Health for 14 days from the last date of exposure as per WHO and national guidelines for MERS-CoV. All contacts have been sampled and have tested negative for MERS-CoV by RT-PCR.

The Ministry of Agriculture has conducted an investigation of dromedaries at the farms of one of the patients. Results of this investigation are pending.

The Ministry of Health has strengthened infection prevention and control measures in emergency departments, especially in triaging areas. Health education and awareness materials were produced and disseminated to health care staff, patients and visitors.

Family members of MERS-CoV infected patients have been contacted and advised about the virus and on measures to ensure personal protection to prevent infection. Efforts in improving public health awareness among the general public has been strengthened through greater messaging in the media.

WHO risk assessment
Infection with MERS-CoV can cause severe disease resulting in high morbidity and mortality. Humans are infected with MERS-CoV from direct or indirect contact with infected dromedary camels. MERS-CoV has demonstrated the ability to transmit between humans, especially from close unprotected contact with infected patients. So far, the observed non-sustained human-to-human transmission has occurred mainly in health care settings.

The notification of these additional cases does not change WHOÂs overall risk assessment of MERS-CoV. WHO expects that additional cases of MERS infection will be reported from the Middle East, and that cases will continue to be exported to other countries by individuals who might acquire the infection after exposure to dromedary camels, animal products (e.g. consumption of camelÂs raw milk), or humans (e.g. in a health care setting). WHO continues to monitor the epidemiological situation and conducts risk assessment based on the latest available information.

WHO advice
Based on the current situation and available information, WHO encourages all Member States to continue their surveillance for acute respiratory infections and to carefully review any unusual patterns.

Infection prevention and control measures are critical to prevent the possible spread of MERS-CoV between people in health care facilities. It is not always possible to identify patients with MERS-CoV infection early because like other respiratory infections, the early symptoms of MERS are non-specific. Therefore, healthcare workers should always apply standard precautions consistently with all patients, regardless of their diagnosis. Droplet precautions should be added to the standard precautions when providing care to patients with symptoms of acute respiratory infection; contact precautions and eye protection should be added when caring for probable or confirmed cases of MERS infection; airborne precautions should be applied when performing aerosol generating procedures.

Early identification, case management and isolation, together with appropriate infection prevention and control measures can prevent human-to-human transmission of MERS-CoV.

WHO recommends that comprehensive identification, follow up and testing of all contacts of MERS patients be conducted, if feasible, regardless of the development of symptoms since approximately 20% of all reported MERS infections have been reported as mild or asymptomatic. The role of asymptomatic MERS infection in transmission is not well understood. However, reports of transmission from an asymptomatic MERS infected patient to another individual have been documented.

MERS causes more severe disease in people with underlying chronic medical conditions such as diabetes, renal failure, chronic lung disease, and immunocompromised persons. Therefore, these people should avoid close contact with dromedary camels when visiting farms, markets, or barn areas where the virus is known to be potentially circulating. General hygiene measures, such as regular hand washing before and after touching animals and avoiding contact with sick animals, should be adhered to.

Food hygiene practices should be observed. People should avoid drinking raw camel milk or camel urine, and refrain from eating meat that has not been properly cooked.

WHO does not advise special screening at points of entry with regards to this event, and does not currently recommend the application of any travel or trade restrictions at this time.",CoV),Middle East respiratory syndrome coronavirus (MERS,,
5 march 2019,https://www.who.int/emergencies/disease-outbreak-news/item/5-march-2019-carbapenem-resistant-p-aeruginosa-mex-en,"On 12 February 2019, the Pan American Health Organization / World Health Organization (PAHO/WHO) received a report regarding surgical site infections caused by antibiotic-resistant Pseudomonas aeruginosa after invasive procedures performed in Tijuana, Mexico. As of 11 February, a total of 20 cases, 16 confirmed and 4 suspected, have been identified in nine states in the United States.

As per the United States Centers for Disease Control and Prevention (US CDC) case definition, a confirmed case is defined as Verona integron-encoded metallo-beta-lactamaseÂproducing carbapenem-resistant P. aeruginosa (VIM-CRPA) isolated from a patient who had an invasive procedure in Mexico in the month prior to collection of the VIM-CRPA positive specimen. A suspect case is CRPA unavailable for mechanism testing or pending mechanism testing from a patient who had an invasive procedure in Mexico in the month prior to collection of the specimen.

Of the 20 total cases, two were reported retrospectively and had dates of specimen collection in 2015 and 2017, while the remaining 18 cases had dates of specimen collection between 5 September 2018 and 24 January 2019. All cases were in travelers who received medical care from healthcare facilities in Tijuana, Mexico. Fifteen of the total cases reported having surgery, primarily for weight loss, at Grand View Hospital. Half of the total cases reported the use of the same medical tourism travel agency based in the United States to coordinate their surgical procedure in Mexico. Although most referred patients were from the United States and Canada, this medical tourism travel agency has reportedly referred patients from additional countries to Grand View Hospital since 1 August 2018.

A total of 13 cases have been hospitalized in the United States for complications associated with VIM-CRPA infection following invasive procedures in Mexico; most presented with a surgical site infection. One patient with a bloodstream infection and several underlying comorbidities died. Of the 17 cases with available information on sex and age, 14 (82%) were female, and ages ranged from 29 to 62 years.

A local investigation at Grand View Hospital identified reusable equipment that was not being appropriately processed, which poses a small but potential risk of transmission for bloodborne infections among patients.

On 9 January 2019, the US-CDC issued a Travel Notice regarding cases of resistant P. aeruginosa infection linked to surgery at Grand View Hospital in Tijuana, Mexico, with a recommendation that US residents not undergo surgery (bariatric or other type) at Grand View Hospital until it is confirmed that VIM-CRPA is no longer spreading at the facility. On 22 January 2019, the US-CDC issued a notification recommending that individuals who had surgery at Grand View Hospital on or after 1 August 2018 talk to their healthcare provider about getting tested for the following bloodborne pathogens: hepatitis B virus, hepatitis C virus, and human immunodeficiency virus (HIV).

On 13 February 2019, the Public Health Agency of Canada (PHAC) also issued a Public Health Notice regarding Canadian travelers who may have been exposed to antibiotic-resistant bacteria after having undergone surgical procedures in Tijuana, Mexico. In addition, Canadian travelers who had procedures at Grand View Hospital in Tijuana, Mexico, may also be at-risk for bloodborne infections such as HIV, hepatitis B virus, and hepatitis C virus. Given the possibility of exposure to these health risks, PHAC recommends that patients who have had surgery at Grand View Hospital or other medical facilities in Tijuana, and who are experiencing signs of an infectionÂsuch as fever, redness, pus or swelling at the surgical incision siteÂsee a healthcare provider immediately. Patients should tell their healthcare provider about their travel to Mexico and all medical care or surgeries they had while they were outside of Canada.

WHO risk assessment
Individuals in the United States with resistant P. aeruginosa infections following invasive procedures (e.g., surgery, endoscopy) in Mexico have reported undergoing procedures at different healthcare facilities in Tijuana. One facility, Grand View Hospital, is associated with an ongoing outbreak of VIM-producing P. aeruginosa infections. Persons who underwent procedures at this healthcare facility may be infected or at-risk of developing VIM-producing P. aeruginosa infections. There is a risk of spreading resistant P. aeruginosa by patients returning to their home countries, particularly in healthcare settings. A single medical tourism travel agency based in the United States reported referring individuals from different countries to Grand View Hospital since 1 August 2018; however, persons from additional countries may also be affected.

WHO continues to monitor the epidemiological situation and review the risk assessment based on the latest available information.

WHO advice
WHO encourages sharing this outbreak information with relevant public health authorities and clinicians, to enable timely recognition of potential cases that could be related to this outbreak. WHO recommends implementing infection prevention and control measures, as described in the ÂGuidelines for the prevention and control of carbapenem-resistant Enterobacteriaceae, Acinetobacter baumannii and Pseudomonas aeruginosa in health care facilitiesÂ, to prevent the dissemination of multi-drug resistant microorganisms in healthcare settings, available at the link below.

Guidelines for the prevention and control of carbapenem-resistant Enterobacteriaceae, Acinetobacter baumannii and Pseudomonas aeruginosa in health care facilities
As antimicrobial resistance is increasing globally, including in the Region of the Americas, WHO encourages States Parties to increase efforts for early detection of resistant microorganisms and to implement prevention and control actions for containing the spread of antimicrobial resistance. Surveillance is a key component of prevention and control of antimicrobial resistance and should be strengthened, along with laboratory capacity, to support the detection of infection caused by carbapenem-resistant bacteria and to inform infection prevention and control practices and antimicrobial stewardship. Treatment policies should be based on both antibiotic susceptibility testing when possible and on the local epidemiology of antimicrobial resistance when empiric treatment is prescribed. Clinicians must be updated on treatment recommendations as these evolve due to very dynamic changes in antimicrobial resistance patterns.

WHO recommends against the application of any general travel or trade restrictions to Mexico based on the information available for this event.

For more information:
PAHO/WHO. Antimicrobial Resistance.
PAHO/WHO. Infection Prevention and Control.
U.S. Centers for Disease Control and Prevention. US-CDC. Travel Notices: Drug-Resistant Infections in Mexico, Alert Â Level 2, Practice Enhanced Precautions. Updated 28 January 2019.
PHAC. Public Health Notice Â Information for Canadians who have received or are considering medical procedures in Mexico. 13 February 2019.
US-CDC. Pseudomonas aeruginosa in Healthcare Settings. Updated 9 March 2018.
The burden of health care-associated infection worldwide.
Report on the Burden of Endemic Health Care-Associated Infection Worldwide. 2011.",resistant <i>Pseudomonas aeruginosa</i> infection,Carbapenem,,
7 march 2019,https://reliefweb.int/report/democratic-republic-congo/ebola-virus-disease-democratic-republic-congo-disease-outbreak-40,"The Ebola virus disease (EVD) outbreak is continuing with moderate intensity. Katwa and Butembo remain the major health zones of concern, while small clusters continue simultaneously in some geographically dispersed locations. During the last 21 days (13 February Â 5 March 2019), 76 new confirmed and probable cases have been reported from 31 health areas within nine health zones (Figure 1), including: Katwa (44), Butembo (17), Mandima (6), Masereka (3), Kalunguta (2), Beni (1), Vuhovi (1), Kyondo (1), and Rwampara (1). The emerging cluster in Mandima health zone is occurring in a previously unaffected village, with five of the recent cases epidemiologically linked and the sixth case likely exposed in Butembo; nonetheless, there remains a high risk of further spread. Similarly, recent cases (two confirmed and one probable) in Masereka stem from a Butembo chain of transmission. These events highlight the importance for response teams to remain active across all areas, including those with lower case incidence, to rapidly detect new cases and prevent onward transmission.

As of 5 March, 907 EVD cases1 (841 confirmed and 66 probable) have been reported, of which 57% (514) were female and 30% (273) were children aged less than 18 years. Cumulatively, cases have been reported from 121 of 301 health areas across 19 health zones of the North Kivu and Ituri provinces. Overall, 569 deaths (case fatality ratio: 63%) have been reported, and 304 patients have been discharged from Ebola Treatment Centres (ETCs). Although declining trends in case incidence are currently being observed, the high proportion of community deaths reported among confirmed cases, relatively low proportion of new cases who were known contacts under surveillance, persistent delays in detection and isolation in ETCs (related as well to recent violent incidents), and challenges in the timely reporting and response to probable cases, all increase the likelihood of further chains of transmission in affected communities and continued spread.

Following the attacks on two ETCs in Katwa and Butembo, patients were temporarily transferred to the Katwa Transit Centre. On 2 March, the Butembo ETC was rehabilitated and resumed treatment of EVD patients. Response teams are progressively resuming activities in all affected areas with the exception of two health areas where security and community resistance remain a challenge.

Public health response

For further detailed information about the public health response actions by the MoH, WHO, and partners, please refer to the latest situation reports published by the WHO Regional Office for Africa:

WHO risk assessment

WHO continuously monitors changes to the epidemiological situation and context of the outbreak to ensure that support to the response is adapted to the evolving circumstances. National and regional risk levels remain very high, though global risk levels remain low. This EVD outbreak is primarily affecting the north-eastern provinces of the Democratic Republic of the Congo bordering Uganda, Rwanda and South Sudan. There is a potential risk for transmission of EVD at the national and regional levels due to extensive travel between the affected areas, the rest of the country, and neighbouring countries for economic and personal reasons, as well as due to insecurity. The country is concurrently experiencing other epidemics (e.g. cholera, vaccine-derived poliomyelitis, malaria, measles) and a long-term humanitarian crisis. Additionally, the fragile security situation in North Kivu and Ituri, further limits the implementation of response activities.

As the risk of national and regional spread is very high, it is important for neighbouring provinces and countries to enhance surveillance and preparedness activities. The International Health Regulations (IHR 2005) Emergency Committee has advised that failing to intensify these preparedness and surveillance activities would lead to worsening conditions and further spread. WHO will continue to work with neighbouring countries and partners to ensure that health authorities are alerted and are operationally prepared to respond.

WHO advice

International traffic: WHO advises against any restriction of travel to, and trade with, the Democratic Republic of the Congo based on the currently available information. There is currently no licensed vaccine to protect people from the Ebola virus. Therefore, any requirements for certificates of Ebola vaccination are not a reasonable basis for restricting movement across borders or the issuance of visas for passengers leaving the Democratic Republic of the Congo. WHO continues to closely monitor and, if necessary, verify travel and trade measures in relation to this event. Currently, no country has implemented travel measures that significantly interfere with international traffic to and from the Democratic Republic of the Congo. Travellers should seek medical advice before travel and should practice good hygiene.",Democratic Republic of the Congo,Ebola virus disease,27.68,62.0
14 march 2019,https://reliefweb.int/report/democratic-republic-congo/ebola-virus-disease-democratic-republic-congo-disease-outbreak-41,"The public health response to the Ebola virus disease (EVD) outbreak continues to make gains. During the last 21 days (20 February Â 12 March 2019), no new cases have been detected in 10 of the 20 health zones that have been affected during the outbreak (Figure 1). There has also been fewer new cases observed over the past five weeks compared to January 2019 and earlier in the outbreak (Figure 2).

Currently, the greatest concern centres on the neighbouring urban areas of Katwa and Butembo, which continue to contribute about three-quarters of recent cases. Clusters in other areas of North Kivu and Ituri provinces have been linked to chains of transmission in Katwa and Butembo, and have thus far been contained to limited local transmissions with relatively small numbers of cases. A total of 74 confirmed cases were reported during the last 21 days from 32 of the 125 health areas affected to date (Table 1). Risk of further chains of transmission and spread remain high, as highlighted by the recent spread to Lubero Health Zone, and reintroduction to Biena Health Zone following a prolonged period without new cases.

Response teams are fully operational in all outbreak affected areas and there are encouraging improvements in community acceptance of the response, despite the challenges of ongoing insecurity caused by armed groups. For example, during the last 21 days in Katwa and Butembo, 88% of the 256 families with a family member who died and was suspected to have EVD, accepted the support from response teams to conduct a safe and dignified burial. Seventy-four new vaccination rings were launched, with over 90% of people eligible for vaccination accepting to do so, and over 90% of these participated in follow-up visits. A total of 5974 people (including 2159 health and frontline workers) consented and were vaccinated this period; overall 87,632 people have been vaccinated to date. Vaccination teams are continuing to follow-up on 12 rings wherein the families have not yet accepted the intervention, and two other rings that are in the process of being defined. Seven field laboratories have remained fully operational, sustaining similar testing rates as previous weeks. During the past week, 1213 samples from new suspected cases, community deaths and previously confirmed cases were tested within 48 hours. Outreach teams made up mostly of local volunteers also met with 6000 households during the past week, building local knowledge of Ebola, and referring sick individuals to either Ebola Treatment Centres (ETCs) or other health facilities as appropriate. In the last two weeks, community dialogues were held in several villages in Katwa and Vuhovi to find ways in engaging community members to build trust and ownership in the Ebola response.

Efforts to strengthen case finding and investigation, and contact tracing activities are also bearing fruit. Of 74 confirmed cases reported in the last 21 days, 83% (62 cases) have been epidemiologically linked to active chains of transmission; either listed as contacts at illness onset (47 cases) or linked retrospectively to other cases or health centre where they were likely exposed (15 cases). Investigations are ongoing to identify links for the remaining cases.

Challenges include further attacks by armed groups on affected communities and ETCs, elements of community mistrust, and persistent delays in getting people into care in ETCs for various reasons. The Ministry of Health, WHO and partners continue to work actively to build community trust and participation in the response, while reinforcing security measures to protect patients and response teams. The ETC in Butembo has been rebuilt following two attacks and is treating patients again, and the Katwa Transit Centre remains operational.

Since the beginning of the outbreak to 12 March 2019, 927 EVD cases1 (862 confirmed and 65 probable) have been reported, of which 57% (525) were female and 30% (280) were children aged less than 18 years. Cumulatively, cases have been reported from 125 of 319 health areas across 20 health zones of the North Kivu and Ituri provinces (Table 1). Overall, 584 deaths (case fatality ratio: 63%) have been reported, and 308 patients have been discharged from ETCs.

Public health response

For further detailed information about the public health response actions by the MoH, WHO, and partners, please refer to the latest situation reports published by the WHO Regional Office for Africa:

Ebola situation reports: Democratic Republic of the Congo

WHO risk assessment

WHO continuously monitors changes to the epidemiological situation and context of the outbreak to ensure that support to the response is adapted to the evolving circumstances. The latest assessment on 6 March 2019 concluded that the national and regional risk levels remain very high, while global risk levels remain low. The outbreak has continued with a similar epidemiological profile to the last assessment. Attacks on ETCs in Katwa and Butembo represented the first large-scale and organized attacks targeted directly at the Ebola response, and were of a different order of magnitude to episodes of mistrust in communities or dangers of being caught in crossfire between fighting parties. In addition, the persistence of pockets of community resistance and mistrust, exacerbated by political tensions and insecurity, have resulted in recurrent temporary suspension and delays of case investigation and response activities in affected areas; reducing the overall effectiveness of interventions. These events occur amidst declining trends in case incidence; however, the high proportion of community deaths reported among confirmed cases, persistent delays in detection and isolation in ETCs, challenges in the timely reporting and response to probable cases, collectively increase the likelihood of further chains of transmission in affected communities and increased risk of geographical spread within the Democratic Republic of the Congo and to neighbouring countries. As do the risk of increased population movement anticipated during periods of heightened insecurity.

WHO advice

International traffic: WHO advises against any restriction of travel to, and trade with, the Democratic Republic of the Congo based on the currently available information. There is currently no licensed vaccine to protect people from the Ebola virus. Therefore, any requirements for certificates of Ebola vaccination are not a reasonable basis for restricting movement across borders or the issuance of visas for passengers leaving the Democratic Republic of the Congo. WHO continues to closely monitor and, if necessary, verify travel and trade measures in relation to this event. Currently, no country has implemented travel measures that significantly interfere with international traffic to and from the Democratic Republic of the Congo. Travellers should seek medical advice before travel and should practice good hygiene.

For more information, see:

Press briefing on Ebola, WHO Director-General Dr Tedros
WHO Director-General reiterates commitment to Ebola response despite another attack
WHO expresses concern over damage to Ebola treatment facilities in DRC
Ebola response in Democratic Republic of the Congo risks slowdown
SAGE interim recommendations on vaccination against EVD, 20 February 2019
Statement on the October 2018 meeting of the IHR Emergency Committee on the Ebola virus disease outbreak in the Democratic Republic of the Congo
WHO Interim recommendation Ebola vaccines
WHO recommendations for international travellers related to the Ebola Virus Disease outbreak in the Democratic Republic of the Congo
Ebola virus disease in the Democratic Republic of the Congo Â Operational readiness and preparedness in neighbouring countries
Ebola virus disease fact sheet",Democratic Republic of the Congo,Ebola virus disease,27.68,62.0
21 march 2019,https://reliefweb.int/report/democratic-republic-congo/ebola-virus-disease-democratic-republic-congo-disease-outbreak-42,"The Ebola virus disease (EVD) outbreak in North Kivu and Ituri provinces has recently shown an increase in the number of cases reported by week, after many weeks of overall decline (Figure 1). This rise is not unexpected and, in part, likely a result of the increased security challenges, including the recent direct attacks on treatment centers, and pockets of community mistrust, which slowed some response activities in affected areas for a few days.

Katwa, Butembo, Masereka and Mandima account for over 80% of all cases in the last 21 days. A total of 97 confirmed cases were reported during the last 21 days from 38 of the 130 health areas affected to date (Table 1, Figure 2). This week, EVD was confirmed in an infant who died in Bunia Health Zone, but whose parents are in good health. This is the first confirmed case from this health zone; a previous case was identified from neighbouring Rwampara Health Zone in early February. While investigations are ongoing to determine the source of the infection, teams in place have rapidly implemented response activities including contact tracing, vaccination and heightened surveillance. Given the geographical spread of the epidemic and the high mobility in this region, the risk of Ebola spreading to unaffected areas or being reintroduced to previously affected areas remains high.

Response teams are fully operational in all outbreak affected areas. There are encouraging improvements in community acceptance of the response, despite the ongoing challenges of insecurity caused by armed groups. Over 90% of people eligible for vaccination have accepted to do so, and over 90% of these individuals having participated in follow-up visits. To date, 89 855 people have been vaccinated. Vaccination teams are continuing to follow-up on the rings where some families have not yet accepted the intervention.

Field laboratories have sustained similar testing rates as previous weeks. On average, 1300 samples are tested weekly and more than 23 000 samples have been tested to date with a turnaround time of less than 48 hours. Ebola Treatment Centres (ETCs) and Transit Centres continue to operate, and the Katwa Transit Centre is being scaled up by ALIMA to increase capacity to respond to the outbreak in that area. To date, 335 patients have received one of the four investigational therapeutics under the MEURI protocol (compassionate use), and 80 patients under the RCT protocol.

In Butembo, Katwa, and Vuhovi health zones, response teams have continued to engage communities through various community dialogue platforms. Five community dialogue platforms have been organised in three health areas in Katwa, one health area in Butembo and one health area in Vuhovi. This initiative allows community members to participate and lead in decisions regarding Ebola response interventions in their localities. In other EVD-affected areas, ongoing activities include systematic collection of community feedback and responding to community concerns through adjustments of activities in consultation with community leaders and influencers. Community outreach activities are carried out in faith-based settings, market places, and schools with the collaboration of faith-based leaders and civil society groups (including women and youth). Civil society groups and community health volunteers also assist in the door-to-door community outreach activities on a regular basis.

Since the beginning of the outbreak to 19 March 2019, 980 EVD cases1 (915 confirmed and 65 probable) have been reported, of which 57% (554) were female and 30% (293) were children aged less than 18 years. Cumulatively, cases have been reported from 130 of 339 health areas across 21 health zones of the North Kivu and Ituri provinces (Table 1). Overall, 610 deaths (case fatality ratio: 62%) have been reported, and 317 patients have been discharged after treatment in ETCs.

Public health response

For further detailed information about the public health response actions by the MoH, WHO, and partners, please refer to the latest situation reports published by the WHO Regional Office for Africa:

Ebola situation reports: Democratic Republic of the Congo

WHO risk assessment

WHO continuously monitors changes to the epidemiological situation and context of the outbreak to ensure that support to the response is adapted to the evolving circumstances. The last assessment concluded that the national and regional risk levels remain very high, while global risk levels remain low. Attacks on ETCs in Katwa and Butembo represented the first large-scale and organized attacks targeted directly at the Ebola response, and were of a different order of magnitude to episodes of mistrust in communities or dangers of being caught in crossfire between fighting parties. In addition, the persistence of pockets of community resistance and mistrust, exacerbated by political tensions and insecurity, have resulted in recurrent temporary suspension and delays of case investigation and response activities in affected areas; reducing the overall effectiveness of interventions. The high proportion of community deaths reported among confirmed cases, persistent delays in detection and isolation in ETCs, challenges in the timely reporting and response to probable cases, collectively increase the likelihood of further chains of transmission in affected communities and increased risk of geographical spread within the Democratic Republic of the Congo and to neighbouring countries. As do the risk of increased population movement anticipated during periods of heightened insecurity.

WHO advice

International traffic: WHO advises against any restriction of travel to, and trade with, the Democratic Republic of the Congo based on the currently available information. There is currently no licensed vaccine to protect people from the Ebola virus. Therefore, any requirements for certificates of Ebola vaccination are not a reasonable basis for restricting movement across borders or the issuance of visas for passengers leaving the Democratic Republic of the Congo. WHO continues to closely monitor and, if necessary, verify travel and trade measures in relation to this event. Currently, no country has implemented travel measures that significantly interfere with international traffic to and from the Democratic Republic of the Congo. Travellers should seek medical advice before travel and should practice good hygiene.",Democratic Republic of the Congo,Ebola virus disease,27.68,62.0
28 march 2019,https://reliefweb.int/report/democratic-republic-congo/ebola-virus-disease-democratic-republic-congo-disease-outbreak-43,"The ongoing Ebola virus disease (EVD) outbreak in the North Kivu and Ituri provinces saw a rise in the number of new cases this past week. At this time, response teams are facing daily challenges in ensuring timely and thorough identification and investigation of all cases amidst a backdrop of sporadic violence from armed groups and pockets of mistrust in some affected communities. Despite this, progress is being made in areas such as Mandima, Masereka and Vuhovi, where response teams are gradually able to access once again and acceptance by the community of proven interventions to break the chains of transmission is observed.

During the last 21 days (6 Â 26 March), a total of 125 new cases were reported from 51 health areas within 12 of the 21 health zones affected to date; 38% of the 133 health areas affected to date (Figure 2). The majority of these cases were from remaining hotspot areas of Katwa (36), Butembo (14), and three emerging clusters in Mandima (19), Masereka (18) and Vuhovi (17), in addition to a limited number of cases in other areas (Table 1). All cases link back to chains of transmission in hotspot areas, with onward local transmission observed in a limited number of towns and villages within family/social networks or health centers where cases have visited prior to their detection and isolation.

As of 26 March, a total of 1029 confirmed and probable EVD cases have been reported, of which 642 died (case fatality ratio 62%). Of 1029 cases with reported age and sex, 57% (584) were female, and 30% (307) were children aged less than 18 years. The number of healthcare workers affected has risen to 78 (8% of total cases), including 27 deaths.

Community engagement efforts to encourage greater local participation and ownership of the outbreak response is ongoing and has yielded some success in many areas. In Butembo and Katwa this past week, a total of 4171 households have been visited by community health volunteers and Red Cross volunteers. This past week also saw the establishment of nine community committees to enhance direct dialogue with healthcare workers and empower community members to partake in the decision-making process of the local response. Special dialogues are being held in the communities where there have been the most frequent incidents. Herein, an anthropologist first meets with the community to ascertain their concerns, then arranges for communal meetings where these concerns can be discussed, including amongst local youth leaders, womenÂs associations, traditional practitioners, and healthcare providers.

As of 26 March, 324 EVD patients have recovered and been discharged from Ebola Treatment Centres. In Beni, local NGOs and international teams are currently conducting eye care training for ten ophthalmologists and establishing dedicated eye care clinics to provide screening and eye care for EVD survivors. To date, 145 survivors have been screened in these clinics and a total of 293 survivors have enrolled in the survivorÂs programme.

Notable strides have also been made in improving IPC capacities in healthcare facilities. Since January, IPC field teams have decontaminated over 250 healthcare facilities and households, provided over 100 supply kits, and trained over 3000 healthcare workers in IPC. A recent National IPC workshop has been completed to aid the implementation of new IPC strategies, while the establishment of an IPC task force has further improved partner communication and coordination at all levels. The work is, however, is ongoing and IPC teams continue to respond to new instances of nosocomial transmission with the emergence of clusters in previously unaffected communities and health facilities.

These local successes do not come without its challenges. When visiting communities in high risk areas, Ebola response teams sometimes face security challenges. Though no major security incidents have been reported over the last 10 days, the overall situation remains fragile. WHO and partners have recently established operational analysis and coordination centres to both gain a more holistic understanding of how we can engage communities more effectively, as well as further increase operational awareness of the day to day operations to ensure the safety of frontline healthcare workers and the communities they are aiding. WHO and partners have also strengthened physical security in the treatment centres and accommodations of healthcare workers.

Finding a balance between providing adequate operational protection to community members at risk of Ebola and healthcare workers while simultaneously winning the trust of communities remains an iterative learning process. WHO is constantly evolving the response efforts to address these operational challenges and will continue to step up collaboration with communities to increase acceptance on the ground.

Public health response

For further detailed information about the public health response actions by the MoH, WHO, and partners, please refer to the latest situation reports published by the WHO Regional Office for Africa:

Ebola situation reports: Democratic Republic of the Congo

WHO risk assessment

WHO continuously monitors changes to the epidemiological situation and context of the outbreak to ensure that support to the response is adapted to the evolving circumstances. The last assessment concluded that the national and regional risk levels remain very high, while global risk levels remain low. Attacks on ETCs in Katwa and Butembo represented the first large-scale and organized attacks targeted directly at the Ebola response, and were of a different order of magnitude to episodes of mistrust in communities or dangers of being caught in crossfire between fighting parties. In addition, the persistence of pockets of community mistrust, exacerbated by political tensions and insecurity, have resulted in recurrent temporary suspension and delays of case investigation and response activities in affected areas; reducing the overall effectiveness of interventions. The high proportion of community deaths reported among confirmed cases, persistent delays in detection and isolation in ETCs, challenges in the timely reporting and response to probable cases, collectively increase the likelihood of further chains of transmission in affected communities and increased risk of geographical spread within the Democratic Republic of the Congo and to neighbouring countries. As do the risk of increased population movement anticipated during periods of heightened insecurity.

WHO advice

International traffic: WHO advises against any restriction of travel to, and trade with, the Democratic Republic of the Congo based on the currently available information. There is currently no licensed vaccine to protect people from the Ebola virus. Therefore, any requirements for certificates of Ebola vaccination are not a reasonable basis for restricting movement across borders or the issuance of visas for passengers leaving the Democratic Republic of the Congo. WHO continues to closely monitor and, if necessary, verify travel and trade measures in relation to this event. Currently, no country has implemented travel measures that significantly interfere with international traffic to and from the Democratic Republic of the Congo. Travellers should seek medical advice before travel and should practice good hygiene.",Democratic Republic of the Congo,Ebola virus disease,27.68,62.0
29 march 2019,https://www.who.int/emergencies/disease-outbreak-news/item/2019-DON139,"From 1 through 28 February 2019, the National IHR Focal Point of Saudi Arabia reported 68 additional cases of Middle East respiratory syndrome coronavirus (MERS-CoV) infection, including 10 deaths. Of the 68 MERS cases reported in February, 19 cases occurred in cities other than Wadi Aldwasir.

This Disease Outbreak News update describes the 19 cases. Among these cases, fifteen were sporadic, and four were reported as part of two unrelated clusters. Cluster 1 involved two cases in Buridah city; and Cluster 2 involved two cases in Riyadh city. The link below provides details of the 19 reported cases.

MERS-CoV cases reported from 1 February through 28 February 2019
xls, 116kb
A separate Disease Outbreak News will provide an update on the outbreak in Wadi Aldwasir which affected 49 cases and resulted in seven deaths in February making a total of 52 cases since the onset of the outbreak.

From 2012 through 28 February 2019, the total number of laboratory-confirmed MERS cases reported globally to WHO is 2374 with 823 associated deaths. The global number reflects the total number of laboratory-confirmed cases reported to WHO under IHR to date. The total number of deaths includes the deaths that WHO is aware of to date through follow-up with affected member states.

WHO risk assessment
Infection with MERS-CoV can cause severe disease resulting in high morbidity and mortality. Humans are infected with MERS-CoV from direct or indirect contact with infected dromedary camels. MERS-CoV has demonstrated the ability to transmit between humans, especially from close unprotected contact with infected patients. So far, the observed non-sustained human-to-human transmission has occurred mainly in health care settings.

The notification of these additional cases does not change WHOÂs overall risk assessment of MERS. WHO expects that additional cases of MERS will be reported from the Middle East, and that cases will continue to be exported to other countries by individuals who might acquire the infection after exposure to dromedary camels, animal products (e.g. consumption of camelÂs raw milk), or humans (e.g. in a health care setting). WHO continues to monitor the epidemiological situation and conducts risk assessment based on the latest available information.

WHO advice
Based on the current situation and available information, WHO encourages all Member States to continue their surveillance for acute respiratory infections and to carefully review any unusual patterns.

Infection prevention and control (IPC) measures are critical to prevent the possible spread of MERS-CoV in health care facilities. It is not always possible to identify patients with MERS-CoV infection early because like other respiratory infections, the early symptoms of MERS are non-specific. Therefore, healthcare workers should always apply standard precautions consistently with all patients, regardless of their diagnosis. Droplet precautions should be added to the standard precautions when providing care to patients with symptoms of acute respiratory infection; contact precautions and eye protection should be added when caring for probable or confirmed cases of MERS; airborne precautions should be applied when performing aerosol generating procedures.

Early identification, case management and isolation, together with appropriate infection prevention and control measures can prevent human-to-human transmission of MERS-CoV.

WHO recommends that comprehensive identification, follow up and testing of all contacts of MERS patients be conducted, if feasible, regardless of the development of symptoms since approximately 20% of all reported MERS cases have been reported as mild or asymptomatic. The role of asymptomatic MERS-CoV infection in transmission is not well understood. However, reports of transmission from an asymptomatic MERS patient to another individual have been documented.

MERS causes more severe disease in people with underlying chronic medical conditions such as diabetes mellitus, renal failure, chronic lung disease, and compromised immune systems. Therefore, people with these underlying medical conditions should avoid close unprotected contact with animals, particularly dromedary camels, when visiting farms, markets, or barn areas where the virus is known to be potentially circulating. General hygiene measures, such as regular hand washing before and after touching animals and avoiding contact with sick animals, should be adhered to.

Food hygiene practices should be observed. People should avoid drinking camelÂs raw milk or camel urine or eating camel meat that has not been properly cooked.

WHO does not advise special screening at points of entry with regard to this event nor does it currently recommend the application of any travel or trade restrictions.",CoV),Middle East respiratory syndrome coronavirus (MERS,,
4 april 2019,https://reliefweb.int/report/democratic-republic-congo/ebola-virus-disease-democratic-republic-congo-disease-outbreak-44,"This past week saw a marked increase in the number of Ebola virus disease (EVD) cases in the Democratic Republic of the Congo. During the last 21 days (13 March to 2 April 2019), 57 health areas within 12 health zones reported new cases; 42% of the 135 health areas affected to date (Table 1 and Figure 2). During this period, a total of 172 confirmed cases were reported from Katwa (50), Vuhovi (34), Mandima (28), Masereka (18), Beni (13), Butembo (12), Oicha (8), Kayna (3), Lubero (3), Kalunguta (1), Bunia (1) and Musienene (1). WHO and partners will continue to adapt our strategies and strengthen response efforts to limit the further spread of EVD in these health areas.

As of 2 April, a total of 1100 confirmed and probable EVD cases have been reported, of which 690 died (case fatality ratio 63%). Of the 1100 cases with reported age and sex, 58% (633) were female, and 29% (320) were children aged less than 18 years. The number of healthcare workers affected has risen to 81 (7% of total cases), including 27 deaths.

To date, a total of 338 EVD patients who received care at Ebola Treatment Centres (ETCs) have been discharged. As part of a broader programme to provide care for Ebola survivors and build sustainable, local response capacity, an eye care training programme and clinic was completed this week in Beni through the combined efforts of WHO, Ministry of Health, and a team of ophthalmologists from Emory University and the University of North Carolina. A total of 252 EVD survivors were screened in the eye clinic and ten national ophthalmologists were trained to provide higher level eye care in their communities. Feedback from participating national healthcare providers and enrolled survivors was overwhelmingly positive. Of note were some of the clinical findings witnessed in the present cohort of EVD survivors. The team noted that complications such as uveitis were observed at lower rates when compared to cases from the 2014-16 West Africa EVD outbreak.

A Risk Communication and Community Engagement partners meeting was held in Goma from 25-26 March, involving more than 80 participants representing the different partners participating in the outbreak response. The discussion focused on engagement strategies that have worked in the past, what is working on the ground currently, and what needs to be improved to build upon our current gains and address future challenges.

The recent shift of emphasis in the response strategy to promoting greater engagement and ownership by affected communities is beginning to produce results. While community reluctance and mistrust remain present in certain areas around Butembo and Katwa, other areas saw a notable decrease in resistance to the presence of response workers. Diligent efforts at engaging with community committees through direct dialogue resulted in the reopening of the ETC in Katwa, bringing the total number of operational facilities providing care up to six ETCs in Beni, Butembo, Goma, Komanda, Mangina, and six transit centres in Beni, Bunia, Katwa, Kayna, Bwanasura, and Oicha. A more proactive approach to investigating and resolving incidents in the communities is also being undertaken to minimise the risk of misunderstandings and to mitigate potential sources of mistrust between local residents and healthcare providers.

The increase in the number of cases this week highlights the difficult environment the outbreak is occurring in, as well as the multitude of evolving challenges confronting the outbreak response on a daily basis. A holistic approach involving rigorous implementation of proven measures to break chains of transmission, thorough contract tracing, continued vaccination of high-risk contacts, and persistent efforts in community engagement must be persevered with to curtail the spread of EVD in the Democratic Republic of the Congo.

Public health response

For further detailed information about the public health response actions by the MoH, WHO, and partners, please refer to the latest situation reports published by the WHO Regional Office for Africa:

Ebola situation reports: Democratic Republic of the Congo

WHO risk assessment

WHO continuously monitors changes to the epidemiological situation and context of the outbreak to ensure that support to the response is adapted to the evolving circumstances. The last assessment concluded that the national and regional risk levels remain very high, while global risk levels remain low. Attacks on ETCs in Katwa and Butembo represented the first large-scale and organized attacks targeted directly at the Ebola response, and were of a different order of magnitude to episodes of mistrust in communities or dangers of being caught in crossfire between fighting parties. In addition, the persistence of pockets of community mistrust, exacerbated by political tensions and insecurity, have resulted in recurrent temporary suspension and delays of case investigation and response activities in affected areas; reducing the overall effectiveness of interventions. The high proportion of community deaths reported among confirmed cases, persistent delays in detection and isolation in ETCs, challenges in the timely reporting and response to probable cases, collectively increase the likelihood of further chains of transmission in affected communities and increased risk of geographical spread within the Democratic Republic of the Congo and to neighbouring countries. As do the risk of increased population movement anticipated during periods of heightened insecurity.

WHO advice

International traffic: WHO advises against any restriction of travel to, and trade with, the Democratic Republic of the Congo based on the currently available information. There is currently no licensed vaccine to protect people from the Ebola virus. Therefore, any requirements for certificates of Ebola vaccination are not a reasonable basis for restricting movement across borders or the issuance of visas for passengers leaving the Democratic Republic of the Congo. WHO continues to closely monitor and, if necessary, verify travel and trade measures in relation to this event. Currently, no country has implemented travel measures that significantly interfere with international traffic to and from the Democratic Republic of the Congo. Travellers should seek medical advice before travel and should practice good hygiene.",Democratic Republic of the Congo,Ebola virus disease,27.68,62.0
11 april 2019,https://reliefweb.int/report/democratic-republic-congo/ebola-virus-disease-democratic-republic-congo-disease-outbreak-45,"The rise in number of Ebola virus diseases cases observed in the North Kivu provinces of the Democratic Republic of the Congo continues this week. During the last 21 days (20 March to 9 April 2019), 57 health areas within 11 health zones reported new cases; 40% of the 141 health areas affected to date (Table 1 and Figure 2). During this period, a total of 207 probable and confirmed cases were reported from Katwa (83), Vuhovi (41), Mandima (29), Beni (21), Butembo (15), Oicha (8), Masereka (4), Lubero (2), Musienene (2), Kalunguta (1), and Mabalako (1).

As of 9 April, a total of 1186 confirmed and probable EVD cases have been reported, of which 751 died (case fatality ratio 63%). Of the 1186 cases with reported age and sex, 57% (675) were female, and 29% (341) were children aged less than 18 years. The number of healthcare workers affected has risen to 87 (7% of total cases), including 31 deaths. To date, a total of 354 EVD patients who received care at Ebola Treatment Centres (ETCs) have been discharged.

WHO Director-General Dr. Tedros Adhanom Ghebreyesus has convened the Emergency Committee for a meeting on 12 April, to consider whether the current EVD outbreak constitutes a public health emergency of international concern and to provide recommendations.

Progress on the ground this week focused primarily on intensifying infection prevention and control (IPC) activities in and around outbreak hotspot areas. IPC teams are concentrating their efforts at addressing reluctance to decontamination activities amongst some local residents by actively engaging in regular direct dialogues with community leaders. Along with intensifying decontamination efforts, other IPC measures being undertaken include rapid evaluation of IPC practices in healthcare facilities and patientsÂ homes and identifying facilities at increased risk of contact with EVD cases. Results from these rapid evaluations demonstrated a range of IPC gaps depending on the type of facility, which were then promptly addressed through supplementary supervision. Reoccurring issues include limited knowledge of standard precautions, lack of triage and isolation capacity, insufficient supplies (e.g., of personal protective equipment), inappropriate waste management, and lack of capacity for decontaminating medical equipment. These findings highlight the importance of maintaining supportive supervision and mentorship at priority facilities throughout the response. WHO is confident that strengthening these IPC measures would be an integral means of slowing the spread of EVD in the outbreak areas.

WHO and partners in Risk Communication and Community Engagement are continuing with activities to build and maintain a trusting relationship between communities and the Ebola response teams. Dialogues with community committees are ongoing in the hotspot areas of Butembo, Katwa, and Vuhovi, and form a key part of a larger increase ownership of the Ebola response by the communities. Information about community disquiet are systematically collected and monitored to ensure that any misunderstanding leading to reluctance, refusal, or resistance of the Ebola response is followed up with and resolved as quickly as possible. This has been made possible by feedback from the community members, received through ongoing dialogue and various research activities within both the Democratic Republic of the Congo, and neighbouring areas.

In an effort to address the feedback received and specific concerns over the outbreak response, guided visits of the Ebola Treatment Centres (ETCs) in various affected areas have been organized. Students and community associations who attended these guided visits to the ETCs can see first-hand how EVD patients are treated and help stop the potential dissemination of misinformation surrounding EVD and the ongoing response efforts.

The security situation has remained calm for the past week as well. Provisional results released on 9 April by the Commission Ãlectorale Nationale IndÃ©pendante concerning the national and provincial legislative elections in Beni, Butembo city (North Kivu), and Yumbi territory (Mai-Ndombe) have caused no significant unrest or disruption to outbreak response activities.

The continued increase in cases this past week reflects the complex reality of conducting an effective outbreak response in a geographically difficult area with a highly fluid population, intermittent attacks by armed groups, and limited healthcare infrastructure. Despite these challenges, WHO and partners remain committed to limiting the spread of EVD amongst these vulnerable populations through the continued strengthening of our multi-faceted response efforts.

Public health response

For further detailed information about the public health response actions by the MoH, WHO, and partners, please refer to the latest situation reports published by the WHO Regional Office for Africa:

Ebola situation reports: Democratic Republic of the Congo

WHO risk assessment

WHO continuously monitors changes to the epidemiological situation and context of the outbreak to ensure that support to the response is adapted to the evolving circumstances. The last assessment concluded that the national and regional risk levels remain very high, while global risk levels remain low. Attacks on ETCs in Katwa and Butembo represented the first large-scale and organized attacks targeted directly at the Ebola response, and were of a different order of magnitude to episodes of mistrust in communities or dangers of being caught in crossfire between fighting parties. In addition, the persistence of pockets of community mistrust, exacerbated by political tensions and insecurity, have resulted in recurrent temporary suspension and delays of case investigation and response activities in affected areas; reducing the overall effectiveness of interventions. The high proportion of community deaths reported among confirmed cases, persistent delays in detection and isolation in ETCs, challenges in the timely reporting and response to probable cases, collectively increase the likelihood of further chains of transmission in affected communities and increased risk of geographical spread within the Democratic Republic of the Congo and to neighbouring countries. As do the risk of increased population movement anticipated during periods of heightened insecurity.

WHO advice

International traffic: WHO advises against any restriction of travel to, and trade with, the Democratic Republic of the Congo based on the currently available information. There is currently no licensed vaccine to protect people from the Ebola virus. Therefore, any requirements for certificates of Ebola vaccination are not a reasonable basis for restricting movement across borders or the issuance of visas for passengers leaving the Democratic Republic of the Congo. WHO continues to closely monitor and, if necessary, verify travel and trade measures in relation to this event. Currently, no country has implemented travel measures that significantly interfere with international traffic to and from the Democratic Republic of the Congo. Travellers should seek medical advice before travel and should practice good hygiene.",Democratic Republic of the Congo,Ebola virus disease,27.68,62.0
18 april 2019,https://reliefweb.int/report/democratic-republic-congo/ebola-virus-disease-democratic-republic-congo-disease-outbreak-46,"The incidence of Ebola virus disease (EVD) cases in the Democratic Republic of the Congo continued to increase this week; however, it remained confined to a limited geographical area within North Kivu and Ituri provinces. This recent trend is likely attributable, in part, to past and ongoing security issues, unrest amongst certain local populations, and lingering community mistrust towards outbreak response teams. Improved case detection and response activities have been observed in previously inaccessible hotspots.

In the 21 days between 27 March and 16 April 2019, 55 health areas within 11 health zones reported new cases; 39% of the 143 health areas affected to date (Table 1 and Figure 2). During this period, a total of 249 confirmed cases were reported from Katwa (124), Vuhovi (40), Mandima (28), Butembo (24), Beni (16), Oicha (6), Mabalako (5), Kalunguta (2), Masereka (2), Musienene (1), and Lubero (1).

As of 16 April, a total of 1290 confirmed and probable EVD cases have been reported, of which 833 died (case fatality rate 65%). Of the 1290 cases with reported age and sex, 56% (725) were female, and 28% (361) were children aged less than 18 years. The number of healthcare workers affected has risen to 89 (7% of total cases), including 32 deaths. To date, a total of 379 EVD patients who received care at Ebola Treatment Centres (ETCs) have been discharged.

On 12 April 2019, the International Health Regulation (IHR) Emergency Committee convened in Geneva, Switzerland, to discuss whether the EVD outbreak posed a Public Health Emergency of International Concern (PHEIC) and offer response recommendations. While the Emergency Committee and the WHO Director-General reiterated their serious concern at the recent rise in the number of cases and the high risk of regional spread, upon consultation with various technical experts and further review of available epidemiological data, it was concluded that the current outbreak did not constitute a PHEIC. For the complete WHO statement concerning the 12 April IHR Emergency Committee meeting, please see here.

The ongoing vaccination efforts have produced some promising results this past week. On 12 April 2019, WHO and Institut National de Recherche BiomÃ©dicale (INRB) published a preliminary analysis concerning the efficacy of the rVSV-ZEBOV-GP vaccine currently utilised in this outbreak (please see full report here). The data suggested the vaccine demonstrated notable efficacy in preventing Ebola infections in vaccinated individuals compared to those who are unvaccinated. Between 2-4 April 2019, the Strategic Advisory Group of Experts (SAGE) convened a meeting to review the epidemiological data and offer further recommendations to the ongoing vaccination efforts. They urged the further expansion of those eligible for vaccination to include children older than 6 months and lactating women; two populations observed to have especially high attack rates and high case fatality rates (please see here for further highlights from SAGE meeting).

In light of the findings, WHO and partners are evolving the existing vaccination strategy on the ground. Along with intensifying contact tracing of cases and vaccinating their known immediate contacts, a greater emphasis is being placed on following up contacts of contacts and ensuring these at-risk individuals are adequately vaccinated against Ebola. Various approaches are being employed at this time to vaccinate people at-risk including:

Site-by-site vaccinations at the places of residence and other locations previously visited by cases Simultaneous vaccination of healthcare and frontline workers (HCW/FLW), and others at increased risk working in healthcare facilities Pop-up vaccination, where those at risk are invited to an agreed upon location, outside their place of residence Targeted geographic vaccination of villages if contacts, and contacts of contacts, cannot be clearly ascertained due to security constraints, but are invited to a previously agreed upon site to be vaccinated. Through these strategies, 23 operational vaccination teams have effectively closed previously observed gaps in the vaccination rings surrounding reported cases; rings are currently pending for 10 of the 257 cases confirmed during the period between 28 March to 16 April 2019. As of 16 April, a total of 102 501 contacts and contacts of contacts have been vaccinated, of whom 29 720 were HCWs/FLWs. Outside of the Democratic Republic of the Congo, vaccination of frontline healthcare workers commenced in neighbouring Rwanda on 16 April 2019, with 176 HCWs/FLWs already vaccinated. It is expected that the vaccination strategy will be an effective means to slowing the spread of EVD.

Infection prevention and control (IPC) efforts have also yielded some notable progress this past week. A revised IPC strategy with an operational work plan for February to May 2019 period has been endorsed by the Ministry of Health (MoH). The strategy and work plan are intended to guide the national coordination activities of the Ebola responseÂs IPC Task Force, and the implementation of activities by the IPC commissions and partners at the subnational level. To support this operational shift, Risk Communication and Community Engagement research initiatives are being developed to better understand transmission pathways that can be addressed by the IPC coordination activities. Additional support will be provided by collecting feedback through community dialogue on how IPC can be better implemented at the community level.

While the EVD outbreak remains ongoing and the rise in number of cases is likely to continue in the following weeks, it should be noted that substantial progress has been made to adapt response strategies to the ever-evolving situation. Despite the multitude of challenges posed by having to mount a robust outbreak response in the demanding circumstances in which this EVD outbreak is currently taking place, WHO and partners are continuing to intensify all facets of the response efforts to curtail the further spread of EVD in the North Kivu and Ituri provinces.

Public health response

For further detailed information about the public health response actions by the MoH, WHO, and partners, please refer to the latest situation reports published by the WHO Regional Office for Africa:

Ebola situation reports: Democratic Republic of the Congo

WHO risk assessment

WHO continuously monitors changes to the epidemiological situation and context of the outbreak to ensure that support to the response is adapted to the evolving circumstances. The last assessment concluded that the national and regional risk levels remain very high, while global risk levels remain low. Weekly increases in the number of new cases has been ongoing since late February 2019. A general deterioration of the security situation, and the persistence of pockets of community reluctance, refusal, and resistance due to mistrust exacerbated by political tensions and insecurity, have resulted in recurrent temporary suspension and delays of case investigation and response activities in affected areas, reducing the overall effectiveness of interventions. However, recent community dialogue, outreach initiatives, and restoration of access to certain hotspot areas have resulted in some improvements in community acceptance of response activities and case investigation efforts. The high proportion of community deaths reported among confirmed cases, relatively low proportion of new cases who were known contacts under surveillance, existence of transmission chains linked to nosocomial infection, persistent delays in detection and isolation in ETCs, and challenges in the timely reporting and response to probable cases, are all factors increasing the likelihood of further chains of transmission in affected communities and increasing the risk of geographical spread both within the Democratic Republic of the Congo and to neighbouring countries. The high rates of population movement occurring from outbreak affected areas to other areas of the Democratic Republic of the Congo and across porous borders to neighbouring countries during periods of heightened insecurity further compounds these risks. Additional risks are posed by the long duration of the current outbreak, fatigue amongst response staff, and ongoing strain on limited resources. Conversely, substantive operational readiness and preparedness activities in a number of neighbouring countries, including vaccination of HCW and FLWs at prioritised health facilities, have likely increased capacity to rapidly detect cases and mitigated local spread; this must continue to be scaled-up.

WHO advice

International traffic: WHO advises against any restriction of travel to, and trade with, the Democratic Republic of the Congo based on the currently available information. There is currently no licensed vaccine to protect people from the Ebola virus. Therefore, any requirements for certificates of Ebola vaccination are not a reasonable basis for restricting movement across borders or the issuance of visas for passengers leaving the Democratic Republic of the Congo. WHO continues to closely monitor and, if necessary, verify travel and trade measures in relation to this event. Currently, no country has implemented travel measures that significantly interfere with international traffic to and from the Democratic Republic of the Congo. Travellers should seek medical advice before travel and should practice good hygiene.

For more information, see:

Press briefing on Ebola, WHO Director-General Dr Tedros
WHO Director-General reiterates commitment to Ebola response despite another attack
WHO expresses concern over damage to Ebola treatment facilities in DRC
Ebola response in Democratic Republic of the Congo risks slowdown
SAGE interim recommendations on vaccination against EVD, 20 February 2019
Statement on the October 2018 meeting of the IHR Emergency Committee on the Ebola virus disease outbreak in the Democratic Republic of the Congo
WHO Interim recommendation Ebola vaccines
WHO recommendations for international travellers related to the Ebola Virus Disease outbreak in the Democratic Republic of the Congo
Ebola virus disease in the Democratic Republic of the Congo Â Operational readiness and preparedness in neighbouring countries
Ebola virus disease fact sheet",Democratic Republic of the Congo,Ebola virus disease,27.68,62.0
18 april 2019,https://www.who.int/emergencies/disease-outbreak-news/item/18-april-2019-yellow-fever-brazil-en,"In Brazil, seasonal increases of yellow fever have historically occurred between December and May. During the 2016-2017 and 2017-2018 seasons, the number of yellow fever cases was much larger than in previous years (Figures 1 & 2). The increase in cases was partly due to a geographical expansion of the areas affected by yellow fever to include areas previously considered risk-free (Figure 3).

In the current 2018- 2019 season (July 2018 to March 2019), a total of 75 confirmed human cases, including 17 deaths (case fatality rate = 23%), have been reported in Brazil in the states of SÃ£o Paulo (62), ParanÃ¡ (12), and Santa Catarina (1). Of these cases, 88% (66/75) are males, the median age is 43 years, and 71% (53/75) are rural workers.

In the state of SÃ£o Paulo, the municipalities that reported confirmed cases are: Eldorado (16), Iporanga (15), Barra do Turbo (6), Cajati (5), Cananeia (4), Jacupiranga (4), Pariquera-aÃ§u (4), Juquia (1), Registro (1), Serra Negra (1), Sete Barras (1), Ribeira (1), Vargem (1) and for 2 cases, the municipalities were unknown. In the state of ParanÃ¡, the municipalities with confirmed cases are: GuaraqueÃ§aba (2), Antonina (2), SÃ£o JosÃ© dos Pinhais (2), Morretes (1), AndrinÃ³polis (3), ParanaguÃ¡ (1) and in 1 case, the municipality is unknown. The state of Santa Catarina reported one fatal confirmed human case of yellow fever. The case is a 36-year-old male, without vaccination, whose municipality is unknown.

Likewise, in the same reporting period of July 2018 to March 2019, 33 confirmed epizootics were reported in five federal states: SÃ£o Paulo (20), Rio de Janeiro (8), Minas Gerais (1), Mato Grosso (2), and ParanÃ¡ (2). In the four weeks preceding this report, epizootics have been confirmed in SÃ£o Paulo and ParanÃ¡ states.

Figure 1. Distribution of confirmed human yellow fever cases by year. Brazil, 1980Â2018.

Enlarge image
2018 As of Epidemiological week 26 Source: Data published by the Brazil Ministry of Health and reproduced by PAHO/WHO

Figure 2. Distribution of confirmed human yellow fever cases by epidemiological week (EW). Brazil, 2016Â2019.

Enlarge image
*Epidemic curve showing two prior waves of transmission, one during the 2016-2017 seasonal period, with 778 human cases, including 262 deaths, and another during the 2017-2018 seasonal period, with 1,376 human cases, including 483 deaths.

Source: Data published by the Brazil Ministry of Health and the SÃ£o Paulo and ParanÃ¡ State Secretariats of Health and reproduced by PAHO/WHO

Figure 3. Distribution of epizootics and confirmed human cases in Brazil from July 2018 to March 2019.

Enlarge image
Public health response
Given the geographical expansion in Brazil of the human cases and the epizootic wave in the last two seasonal periods, the country has had to adjust its immunization policies for yellow fever. The number of areas with recommended vaccination has increased from 3,526 municipalities in 2010 to 4,469 municipalities in 2018.

In line with the World Health Organization guidelines, Brazil has adopted a single dose vaccination scheme for yellow fever since April 2017. The use of fractional doses was also adopted to respond to outbreaks and the risk of urbanization of yellow fever, especially in large cities. This strategy was implemented in response to the 2018 yellow fever outbreak in 77 municipalities with the greatest risk for yellow fever in the states of SÃ£o Paulo (54 municipalities), Rio de Janeiro (15 municipalities), and BahÃ­a (8 municipalities).

Prior to the vaccination campaign, the states of Rio de Janeiro and SÃ£o Paulo had already vaccinated about 13.2 million people. During the campaign, an additional 13.3 million people were vaccinated in SÃ£o Paulo, 6.5 million in Rio de Janeiro and 1.85 million in Bahia. This resulted in a vaccination coverage of 53.6%, 55.6%, and 55.0% respectively and across all 77 municipalities with the greatest risk of yellow fever1. Furthermore, data from the Brazilian Ministry of Health indicate that vaccination coverage of at least 95% was achieved in 17.8% (71/399) of the municipalities of ParanÃ¡, 23.7% (118/497) of the municipalities of Rio Grande do Sul and 14.9% (44/295) of the municipalities of Santa Catarina.

WHO risk assessment
Further transmission is expected in the coming months based on seasonal patterns. Recent human cases of yellow fever during the current seasonal cycle have been reported in SÃ£o Paulo, ParanÃ¡, and Santa Catarina states in Southeast Brazil.

The preliminary assessment of the vaccination coverage in municipalities from ParanÃ¡, Rio Grande do Sul, SÃ£o Paulo, and Santa Catarina states suggests a high proportion of persons remaining susceptible and the necessity to intensify communication to encourage greater vaccine uptake among groups at risk.

The geographical distribution of human cases and epizootics from the current and previous two seasonal cycles (Figure 3) suggests southward movement of the virus, which presents further risk to the states of ParanÃ¡, Rio Grande do Sul, and Santa Catarina. Furthermore, these areas have ecosystems favourable for yellow fever transmission and borders with other countries such as Argentina, Paraguay, and Uruguay.

During the 2017-2018 yellow fever season, human cases of yellow fever acquired in Brazil were reported among travelers, most of whom arrived from countries where the vector is absent (or absent during winter).

To date, yellow fever transmission by Aedes aegypti has not been documented. An investigation conducted by the Evandro Chagas Institute and reported by the Brazil Ministry of Health revealed the detection of the yellow fever virus in Aedes albopictus mosquitoes captured in rural areas of 2 municipalities in Minas Gerais (ItuÃªta and Alvarenga) in 2017. The significance of this finding requires further investigation. The last documented outbreak of urban yellow fever in Brazil was recorded in 1942. The sylvatic yellow fever virus is transmitted to monkeys by forest dwelling mosquitoes such as Haemagogus and Sabethes spp. Humans who are exposed to these mosquitoes can become infected if they are not vaccinated. In entomological studies conducted in some of the affected states during the 2016-2017 outbreak, isolated Haemagogus mosquitoes were found to be positive for yellow fever, indicating predominantly sylvatic transmission.

WHO continues to monitor the epidemiological situation and review the risk assessment based on the latest available information. Currently, based on available information, WHO assesses the overall risk as High at the national level, Moderate at the regional level, and Low at the global level.

WHO advice
On 25 January 2019, PAHO/WHO alerted2 Member States about the beginning of the seasonal period for yellow fever and therefore, the highest risk of transmission to unvaccinated humans. Thus, PAHO/WHO advises Member States with areas at-risk for yellow fever to continue efforts to immunize susceptible populations and to take the necessary actions to keep travelers informed and vaccinated prior to traveling to areas where yellow fever vaccination is recommended.

WHO recommends vaccination of international travelers above 9 months of age going to Brazil. The updated areas at-risk for yellow fever transmission and the related recommendations for vaccination of international travelers were updated by WHO on 3 May 20183; the map of revised areas at risk and yellow fever vaccination recommendations is available on the WHO International Travel and Health website:

WHO International Travel and Health
Yellow fever can easily be prevented through immunization, if vaccine is administered at least 10 days before travel. A single dose of yellow fever vaccine is sufficient to confer life-long protection against yellow fever infection: a booster dose of the vaccine is not needed and should not be required of international travelers as a condition of entry. The vaccine has been used for many decades and is safe and affordable.

WHO advises against the application of any general travel or trade restrictions to Brazil based on the information available for this event.

Resources
Information on the yellow fever situation in Brazil and other countries in the Americas is published regularly on the PAHO/WHO website and on the Brazil Ministry of Health website:

PAHO: Epidemiological Alerts and Updates
Febre Amarela: causas, sintomas, diagnÃ³stico, prevenÃ§Ã£o e tratamento
Information on the yellow fever situation in SÃ£o Paulo, ParanÃ¡, and Santa Catarina states are available at:

Yellow fever in SÃ£o Paulo
Yellow fever in ParanÃ¡
Yellow fever in Santa Catarina
For more information on yellow fever, please see:

PAHO/WHO yellow fever fact sheet
WHO yellow fever health topics
WHO list of countries with vaccination requirements and recommendations for international travellers
WHO yellow fever risk mapping and recommended vaccination for travellers
WHO strategy for yellow fever epidemic preparedness and response
1This data is preliminary and subject to change.

2Pan American Health Organization / World Health Organization. Epidemiological Update: Yellow Fever. 25 January 2019, Washington, D.C: PAHO/WHO; 2019.
3Updates on yellow fever vaccination recommendations for international travelers related to the current situation in Brazil",Brazil,Yellow fever,-12.96,86.0
24 april 2019,https://www.who.int/emergencies/disease-outbreak-news/item/2019-DON145,"From 14 February through 31 March 2019, the National IHR Focal Point of Saudi Arabia reported 22 additional cases of Middle East respiratory syndrome coronavirus (MERS-CoV) infection, including four deaths, associated with the outbreak in Wadi Aldwasir. Of the 22 cases, 19 were reported from Wadi Aldwasir city including two healthcare workers. The remaining three cases, which are epidemiologically linked to the outbreak, were healthcare workers from a hospital in Khamees Mushait city, Asir region.

Since the beginning of this outbreak in January 2019, a total of 61 MERS-CoV cases, with a case fatality ratio of 13.1% (8/61), have been reported in Wadi Aldwasir city. The median age of reported cases was 46 years (range 16 to 85 years). Of the 61 cases, 65% (n=46) were male, and 23% (n = 14) were health care workers. Investigations into the source of infection of the 61 cases found that 37 were health-care acquired infections, 14 were primary cases presumed to be infected from contact with dromedary camels and the remaining (10) infections occurred among close contacts outside of health care settings. As previously reported1, two human to human transmission amplification events took place at a hospital during this outbreak (one amplification event in the emergency department, and one amplification event in a cardiac intensive care unit; Figure 1).


Enlarge image
Figure 1. Transmission chain of laboratory-confirmed cases of MERS-CoV infection associated with Wadi Aldwasir city, Riyadh region, outbreak, 2019 (n=61)

The link below provides details of the 22 reported cases:

MERS-CoV cases reported from 14 February through 31 March 2019
xls, 116kb
From 2012 through 31 March 2019, a total of 2399 laboratory-confirmed cases of MERS-CoV and 827 associated deaths were reported globally to WHO under the International Health Regulations (IHR). The associated deaths reported to WHO were identified through follow-up with affected member states.

Public health response
As reported previously, the Saudi Arabian Ministry of Health (MoH) has conducted and completed a full-scale investigation of the MERS outbreak in Wadi Aldwasir including identification of all household and healthcare worker contacts of confirmed patients in all of the hospitals affected.

As of 31 March 2019, a total of 380 contacts have been identified, including 260 household contacts and 120 healthcare worker contacts. All identified contacts were monitored for 14 days from the last date of exposure as per WHO and national guidelines for MERS. All secondary cases have been reported to WHO.

Currently, all the listed contacts have been tested for MERS-CoV infection by reverse transcription polymerase chain reaction (RT-PCR) at least once and many contacts of known patients have been tested repeatedly. All secondary cases of MERS-CoV infection have been reported to WHO. The last case from Wadi Aldwasir was reported on 12 March 2019.

Within the affected health care facilities, infection prevention and control measures have been enhanced including intensive mandatory on-the-job training on infection control measures for all healthcare workers in emergency room and intensive care unit. Disinfection has been carried out in the emergency room and ICU of hospital A, which is fully operational and additional staff were mobilized to support infection control activities. Respiratory triage has been enforced in all healthcare facilities in the Riyadh region.

The MoH media department launched an awareness campaign targeting Wadi Aldawasir city with special focus on camel owners and camel related activities.

The Ministry of Agriculture is testing dromedaries in Wadi Aldwasir city and initial results have identified several PCR positive dromedaries in the city. Positive camels have been removed from the market and movement in and out of the camel market has been restricted. Camels owned by confirmed human cases were quarantined regardless of testing results. Full genome sequencing of available human and dromedary specimens have been conducted. Laboratory findings of camel testing by the Ministry of Agriculture have been reported to the World Organization for Animal Health (OIE).

WHO risk assessment
Infection with MERS-CoV can cause severe disease resulting in high morbidity and mortality. Humans are infected with MERS-CoV from direct or indirect contact with infected dromedary camels or by transmission between humans. So far, the observed non-sustained human-to-human transmission has occurred mainly in health care settings.

The notification of these additional cases does not change WHOÂs overall risk assessment of MERS. WHO expects that additional cases of MERS will be reported from the Middle East, and that cases will continue to be exported to other countries by individuals who might acquire the infection after exposure to dromedary camels, dromedary camel animal products (for example, consumption of camelÂs raw milk), or humans (for example, in a health care setting or household contacts).

WHO continues to monitor the epidemiological situation and conducts risk assessment based on the latest available information. Results of the completed epidemiological investigation, as well as full genome sequencing of available dromedary and human specimens are being used by Ministry of Health officials to further evaluate the zoonotic and human-to-human transmission that has occurred in Wadi Aldwasir outbreak.

WHO advice
Based on the current situation and available information, WHO encourages all Member States to continue their surveillance for acute respiratory infections and to carefully review any unusual patterns.

Infection prevention and control (IPC) measures are critical to prevent the possible spread of MERS-CoV in health care facilities. It is not always possible to identify patients with MERS-CoV infection early because like other respiratory infections, the early symptoms of MERS are non-specific. Therefore, healthcare workers should always apply standard precautions consistently with all patients, regardless of their diagnosis. Droplet precautions should be added to the standard precautions when providing care to patients with symptoms of acute respiratory infection; contact precautions and eye protection should be added when caring for probable or confirmed cases of MERS; airborne precautions should be applied when performing aerosol generating procedures.

Early identification, case management and isolation, together with appropriate infection prevention and control measures can prevent human-to-human transmission of MERS-CoV.

WHO recommends that comprehensive identification, follow up and testing of all contacts of MERS patients be conducted, if feasible, regardless of the development of symptoms since approximately 20% of all reported MERS cases have been reported as mild or asymptomatic. The role of asymptomatic MERS-CoV infection in transmission is not well understood. However, reports of transmission from an asymptomatic MERS patient to another individual have been documented.

MERS causes more severe disease in people with underlying chronic medical conditions such as diabetes mellitus, renal failure, chronic lung disease, and compromised immune systems. Therefore, people with these underlying medical conditions should avoid close unprotected contact with animals, particularly dromedary camels, when visiting farms, markets, or barn areas where the virus is known to be potentially circulating. General hygiene measures, such as regular hand washing before and after touching animals and avoiding contact with sick animals, should be adhered to.

Food hygiene practices should be observed. People should avoid drinking camelÂs raw milk or camel urine or eating camel meat that has not been properly cooked.

WHO does not advise special screening at points of entry with regard to this event nor does it currently recommend the application of any travel or trade restrictions.

1 Middle East respiratory syndrome coronavirus (MERS-CoV) Â The Kingdom of Saudi Arabia Â 26 February 2019",CoV),Middle East respiratory syndrome coronavirus (MERS,,
25 april 2019,https://reliefweb.int/report/democratic-republic-congo/ebola-virus-disease-democratic-republic-congo-disease-outbreak-47,"This past week witnessed a notable escalation of security incidents surrounding the Ebola virus disease (EVD) response efforts. On 19 April, an attack on a hospital in Katwa by armed militia resulted in the tragic death of Dr Richard Mouzoko Kiboung, a WHO epidemiologist, and the injury of two other healthcare workers. To ensure the safety of all outbreak responders, Ebola response activities have been temporarily halted in some high-risk health areas until security measures can be reinforced.

WHO, the UN, and the government of the Democratic Republic of the Congo are actively collaborating to review current strategic and operational security measures to ensure the protection of healthcare workers in the field, and improve effective coordination and information sharing amongst all security elements covering the response. Existing operational security measures continue to be implemented and strengthened as well, including the establishment of security perimeters around the residences of EVD response personnel, increasing security at fixed locations, enhancing the joint quick response team (QRT) capacities of local police and UN security forces, and ensuring staff compliance with tracking procedures and adherence to curfew. These measures and other security risk management processes will be continually updated to reflect the needs of the evolving security situation on the ground.

In addition to revising security measures, efforts in community outreach through direct dialogue with various community leaders are also being intensified. Since January, there has been a notable increase in community resistance incidents, primarily around Katwa and Butembo. Incidents in April are anticipated to reach or go beyond March levels. As gaining community understanding and acceptance is integral to our ability to mount an effective outbreak response, community engagement efforts remain a significant element of our response to alleviate future security risks to healthcare workers, develop and increase local community capacity to ensure continuity of response operations, and improve the overall security situation in EVD hotspot areas.

Incidence of EVD cases in the Democratic Republic of the Congo this week saw a lull compared to the week prior (Figure 1). However, this observation should be interpreted with caution and in the context of the recent disruption to response activities and case reporting in certain hotspot areas. In the 21 days between 3 Â 23 April 2019, 62 health areas within 11 health zones reported new cases; 42% of the 147 health areas affected to date (Table 1 and Figure 2). During this period, a total of 255 confirmed cases were reported from Katwa (132), Butembo (29), Vuhovi (29), Mandima (21), Beni (15), Mabalako (9), Kalunguta (6), Musienene (6), Masereka (5), Oicha (2), and Kyondo (1).

As of 23 April, a total of 1367 confirmed and probable EVD cases have been reported, of which 885 died (case fatality rate 65%). Of the total cases, 56% (765) were female, and 28% (386) were children aged less than 18 years. The number of healthcare workers affected has risen to 90 (7% of total cases), including 33 deaths. To date, a total of 392 EVD patients who received care at Ebola Treatment Centres (ETCs) have been discharged.

Public health response

For further detailed information about the public health response actions by the MoH, WHO, and partners, please refer to the latest situation reports published by the WHO Regional Office for Africa:

Ebola situation reports: Democratic Republic of the Congo

WHO risk assessment

WHO continuously monitors changes to the epidemiological situation and context of the outbreak to ensure that support to the response is adapted to the evolving circumstances. The last assessment concluded that the national and regional risk levels remain very high, while global risk levels remain low. Weekly increases in the number of new cases has been ongoing since late February 2019. A general deterioration of the security situation, and the persistence of pockets of community reluctance, refusal, and resistance due to mistrust exacerbated by political tensions and insecurity, have resulted in recurrent temporary suspension and delays of case investigation and response activities in affected areas, reducing the overall effectiveness of interventions. However, recent community dialogue, outreach initiatives, and restoration of access to certain hotspot areas have resulted in some improvements in community acceptance of response activities and case investigation efforts. The high proportion of community deaths reported among confirmed cases, relatively low proportion of new cases who were known contacts under surveillance, existence of transmission chains linked to nosocomial infection, persistent delays in detection and isolation in ETCs, and challenges in the timely reporting and response to probable cases, are all factors increasing the likelihood of further chains of transmission in affected communities and increasing the risk of geographical spread both within the Democratic Republic of the Congo and to neighbouring countries. The high rates of population movement occurring from outbreak affected areas to other areas of the Democratic Republic of the Congo and across porous borders to neighbouring countries during periods of heightened insecurity further compounds these risks. Additional risks are posed by the long duration of the current outbreak, fatigue amongst response staff, and ongoing strain on limited resources. Conversely, substantive operational readiness and preparedness activities in a number of neighbouring countries, including vaccination of HCW and FLWs at prioritised health facilities, have likely increased capacity to rapidly detect cases and mitigated local spread; this must continue to be scaled-up.

WHO advice

International traffic: WHO advises against any restriction of travel to, and trade with, the Democratic Republic of the Congo based on the currently available information. There is currently no licensed vaccine to protect people from the Ebola virus. Therefore, any requirements for certificates of Ebola vaccination are not a reasonable basis for restricting movement across borders or the issuance of visas for passengers leaving the Democratic Republic of the Congo. WHO continues to closely monitor and, if necessary, verify travel and trade measures in relation to this event. Currently, no country has implemented travel measures that significantly interfere with international traffic to and from the Democratic Republic of the Congo. Travellers should seek medical advice before travel and should practice good hygiene.",Democratic Republic of the Congo,Ebola virus disease,27.68,62.0
1 may 2019,https://reliefweb.int/report/congo/chikungunya-congo-disease-outbreak-news-1-may-2019,"On 9 February 2019, the government of Congo officially declared an outbreak of chikungunya virus disease.

The outbreak was detected following an increase in the number of patients presenting to several health facilities with signs and symptoms of sudden onset of fever, joint pain and muscle pain and a subsequent laboratory confirmation of 12 samples in the National Institute of Biomedical Research (INRB) in Kinshasa. The first suspected case was a symptomatic 49-year-old woman who presented on 7 January 2019 to a health facility in Diosso town, 25 kilometres north of Pointe-Noire. Samples taken during a joint investigation of the Ministry of Health (MoH) and WHO tested positive to chikungunya on polymerase chain reaction (PCR) at INRB in Kinsasha.

From 1 January to 14 April 2019, a total of 6,149 suspected cases of chikungunya have been reported in the country with approximately 54% of reported cases being female. One hundred and seventy-three blood samples have been collected with 61 (35.3%) testing positive by PCR at INRB. However, the scale of this outbreak has likely been underestimated given the limited detection capacity of the surveillance system in the country. Several mosquito breeding sites in affected areas and inadequate vector control mechanisms also represent major contributing factors for the outbreak.

The Ministry of Health has reported that the outbreak has spread to eight of twelve health departments in the country (Kouilou, Bouenza, Pointe Noire, Plateaux, Pool, Niari, LÃ©koumou and Brazzaville). Since the report of the first case on 7 January 2019, 47% of all cases have been reported from Kouilou Department. No deaths have been reported. This is the second outbreak reported in Congo since 2011 and no seasonal pattern has previously been observed.

Public health response

The Ministry of Health is coordinating the development and adoption of response and communication plans at the health department level.
WHO is supporting the Ministry of Health to adapt existing protocols for the management of chikungunya cases.
Epidemiological surveillance is being strengthened using the Early Warning, Alert and Response System (EWARS).
The Ministry of Health in collaboration with WHO is undertaking an entomological survey to provide a better understanding of the characteristics of vectors.
Vector control activities have commenced in many affected health districts including indoor residual spraying and eliminating mosquito breeding sites through source reduction.
Regular health promotion messages are being delivered on local television and radio channels.

WHO risk assessment

Based on available information, the risk of continued transmission and spread of chikungunya to unaffected areas cannot be ruled out. The overall risk is considered moderate at both the national and regional levels.

Geographic spread of the vector and human cases is likely due to the high number of cases reported in several health departments, the presence of Aedes vectors in many parts of the country, ubiquity of breeding sites in and around living areas and poor coordination of response activities including vector control complicated by the ongoing rainy season. Strengthened disease surveillance will help inform the implementation of appropriate public health actions to control the outbreak.

The WHO Regional Office is mobilizing financial and technical resources to support the ministry of health and WHO country office in controlling the ongoing outbreak and is prepared to support neighbouring countries if the outbreak spreads beyond Congo. The overall risk at global level is low.

WHO advice

Reducing the number of natural and artificial breeding sites for mosquitoes has a significant impact on the prevention and control of chikungunya outbreaks. This requires affected communities to be mobilized to institute control measures including covering of water collection containers, proper waste disposal and improved environmental sanitation. During outbreaks, insecticides may be used to kill adult mosquitoes and immature larvae.

Clothing which minimizes the exposure of skin during the day is advised during outbreaks as vectors are known to bite in daylight. Repellents can be applied to exposed skin or to clothing in strict accordance with product label instructions. Repellents should contain DEET (N, N-diethyl-3-methylbenzamide), IR3535 (3-[N-acetyl-N-butyl]-aminopropionic acid ethyl ester) or icaridin (1-piperidinecarboxylic acid, 2-(2-hydroxyethyl)-1-methylpropylester).

Basic precautions should be taken by people travelling to Congo including the use of mosquito repellents and wearing of long sleeved clothing. Also, the use of a mosquito bed net or window screens, air conditioning, mosquito coils or other insecticide vaporizers may also reduce indoor biting.

For more information, please see the link below:

WHO fact sheet on Chikungunya",Congo,Chikungunya,25.47,79.0
2 may 2019,https://reliefweb.int/report/democratic-republic-congo/ebola-virus-disease-democratic-republic-congo-disease-outbreak-48,"The operating environment has become increasingly insecure and socio-politically complex. Insecurity remains a major impediment to ensuring timely response interventions in the affected communities. Ebola virus disease (EVD) response activities in Butembo and Katwa remained limited; however, these are gradually resuming following a comprehensive reinforcement of security measures and community engagement efforts. The overall security situation, nevertheless, remains volatile. While, no significant injuries or damages are reported this week, access and activities in parts of Mandima, Masereka, Kalunguta and Vuhovi, remain irregular due to the presence of armed groups and other security concerns. New EVD cases are expected to continue to increase, in tandem with incidents of insecurity in these hotspot areas over the coming weeks, placing significant strain on response teams and the security resources available to secure their movements.

Incidence of EVD cases in the Democratic Republic of the Congo this week saw a considerable, although not unexpected, rise compared to the week prior. This observation is in line with previous instances where a disruption to response activities was followed by a spike in the number of new cases. Transmission remains most intense in the Katwa, Butembo, and Mandima hotspot areas (Figure 1 and Table 1). In addition, notable recurring re-introduction events having been documented in previously affected health zones such as Mabalako and Musienene, followed by local amplification and extension to affect new heath areas. In the 21 days between 10 Â 30 April 2019, 70 health areas within 15 health zones reported new cases; 45% of the 157 health areas affected to date (Table 1 and Figure 2). During this period, a total of 292 confirmed cases were reported, the majority of which were from the health zones of Katwa (47%, n=137), Butembo (13%, n=38), Mandima (11%, n=32), Mabalako (7%, n=20), and Musienene (6%, n=17).

As of 30 April, a total of 1495 confirmed and probable EVD cases have been reported, of which 984 died (case fatality rate 66%). Of the total cases with recorded sex and age, 56% (830) were female, and 28% (422) were children aged less than 18 years. The number of healthcare workers affected has risen to 92 (6% of total cases). To date, a total of 415 EVD patients who received care at Ebola Treatment Centres (ETCs) have been discharged.

From 27 to 30 April, WHO Director-General Dr Tedros Adhanom Ghebreyesus and WHO Regional Director for Africa Dr Matshidiso Moeti, visited Butembo to review current response activities and bolster support for the response personnel currently operating there. During the visit, Dr Tedros and Dr Moeti travelled to Butembo to express their gratitude and show support to WHO and partner organisation staff, while also assessing the next steps needed to strengthen both security and the Ebola response effort. They also met with local political, business and religious leaders, and called on them to accelerate their efforts to help stabilise the surrounding environment. The visit concluded with both Dr Tedros and Dr Moeti reiterating their concerns for the present situation and repeating their appeal to the international community to intensify support to contain the outbreak by bridging the funding gap.

Risk Communication & Community Engagement (RCCE) and Infection Prevention and Control (IPC) teams have been collaborating in preparation for the launch of an IPC campaign due to commence on 5 May 2019, WHO World Hand Hygiene Day. The initial focus of this campaign is on Injection Safety, an initiative aimed at encouraging the greater use of oral medication over injectables and the safe use and handling of needles at healthcare facilities as a means of reducing EVD transmission risks. RCCE teams are also working closely with other WHO partners to bring about a new mass communication campaign in the coming weeks to promote key messages from all outbreak response pillars to the affected communities.

As part of the continued efforts to empower communities to be more actively engaged in the EVD response, requests received from the numerous dialogues with local residents are being reviewed to aid the transfer of some of the response ownership back to the community. Recent dialogues have focused on addressing community-related incidents of reluctance or mistrust. Some notable successes from this effort have resulted, including some previously resistant contacts coming forward to re-engage with response activities, and pledging to assist by utilising their influence in the community to encourage greater cooperation with EVD response teams.",Democratic Republic of the Congo,Ebola virus disease,27.68,62.0
6 may 2019,https://reliefweb.int/report/ukraine/measles-european-region-disease-outbreak-news-update-6-may-2019,"In the first two months of 2019, 34 300 measles cases have been reported in 42 countries of the WHO European Region, including 13 measles-related deaths in three countries (Albania, Romania and Ukraine). The majority of cases are reported in Ukraine, with more than 25 000 cases (>70%)1.

As of 28 March 2019, the WHO European Region reported a total of 83 540 measles cases and 74 related deaths. This is compared to 25 863 cases and 42 deaths in 2017, and 5 273 cases and 13 deaths in 2016. In 2018, eight countries reported over 2 000 cases each including Ukraine (n= 53 218), Serbia (n=5 076), France (n=2 913), Israel (3 140), Italy, (n=2 686), Russian Federation (n=2 256), Georgia (n=2 203) and Greece (n=2 193).

Although the European Region achieved its highest ever estimated coverage for the second dose of measles vaccination in 2017 (90%), countries with measles outbreaks have experienced a range of challenges in recent years including a decline or stagnation in overall routine immunization coverage in some cases, low coverage at subnational level or among some marginalized groups and immunity gaps in older populations. Most cases are occurring in unvaccinated or under-vaccinated individuals.

According to the most recent report from the European Regional Verification Commission for Measles and Rubella Elimination (RVC), based on 2017 data, measles elimination has been verified in 37 (out of the 53) countries in the WHO European Region, which documented interrupted transmission for at least 36 months. Five countries provided evidence for the interruption of measles transmission for a period of at least 24 months but less than 36 months, and one for interruption for transmission for 12 months. Ten countries including Belgium, Bosnia and Herzegovina, France, Georgia, Germany, Italy, Romania, Russian Federation, Serbia and Ukraine remain endemic for measles. The RVC will meet in June 2019 to review reports from National Verification Committees (NVCs) for measles and rubella elimination documenting each countryÂs status by the end of 2018. All countries reporting measles cases continuously for 12 months or more will have to provide a detailed epidemiological and molecular epidemiology (measles virus genotypes and lineages) analysis to document absence of continuous measles transmission or re-established endemic transmission.

Public health response

The European Vaccine Action Plan 2015Â2020 (EVAP) states that at least 95% of individuals in every population needs to be immune, through two doses of vaccination or prior exposure to the virus, to ensure community protection for everyone Â including babies too young to be vaccinated and others who cannot be immunized due to existing diseases and medical conditions. The EVAP was adopted unanimously by all 53 Member States in the European Region at the 64th session of the WHO Regional Committee for Europe on 18 September 2014.

The WHO Regional Office for Europe continues to work with countries in the Region to enhance their immunization and disease surveillance systems. This includes building capacities and providing guidance to:

Ensure that all population groups have equitable access to vaccination services and that these are convenient
Identify who has been missed in the past and reach them with the vaccines they need
Ensure that health workers are vaccinated to prevent transmission in health facilities, and that they have sufficient technical knowledge about vaccines and the immune system to feel confident in recommending vaccination to their patients
Strengthen public trust in vaccines and health authorities
Secure access to a timely and affordable supply of vaccines
Improve outbreak detection and response
Listen and respond to peopleÂs concerns and respond to any health event that could be potentially related to vaccine safety.
WHO risk assessment

Measles is a highly contagious viral disease. It remains one of the leading causes of morbidity and mortality among young children globally, despite the availability of a safe and effective vaccine. Transmission from person-to-person is airborne, as well as by direct or indirect contact of secretions (nasal, throat) of an infected person. The virus can cause widespread outbreaks in the presence of large numbers of susceptible persons.

Even with implementation of outbreak response measures, measles continues to circulate in the European Region as a result of suboptimal vaccination coverage and population immunity gaps. If outbreak response is not timely and comprehensive, the virus will find its way into more pockets of vulnerable individuals and potentially spread to additional countries within and beyond the Region. It is proportional to the size of the population that remains susceptible to measles. Measles has also been reported among health workers and nosocomial transmission has contributed to some outbreaks.

The impact on public health will persist until the ongoing outbreaks are controlled, routine immunization coverage is continuously high (? 95%) and immunity gaps in the population closed. As long as measles continues to circulate anywhere in the world, no country can avoid importation, but they can protect their populations through high routine and supplemental immunization coverage of susceptible individuals.

WHO advice

Initial symptoms of measles, which usually appear 10-12 days after infection, include high fever, runny nose, red eyes, cough, and tiny white spots on the inside of the mouth. A few days later, a rash develops, starting on the face and upper neck and gradually spreading downwards. A patient is usually infectious 4 days before the start of the rash to 4 days after the appearance of the rash.

There is no specific antiviral treatment for measles. Vaccination is the only way to prevent the disease. High vaccination coverage of at least 95% with two doses of measles vaccines in all population groups and age cohorts at national level and in all districts is crucial to elimination.

Countries need to identify susceptible individuals and population groups and consider undertaking catch-up immunization or supplementary immunization activities to close immunity gaps. Tailored strategies to reach older populations and marginalized groups may be required.

Every opportunity should be used to vaccinate susceptible children, adolescents and adults. Measles-containing vaccines should also be recommended for susceptible persons intending to travel to countries where measles is endemic and where outbreaks are ongoing.

To protect health workers, prevent nosocomial infections and limit transmission of these diseases, health workers should be vaccinated. This includes those with an uncertain vaccination status and no or unknown history of disease.

Elimination of measles is a priority goal that all European countries have firmly committed to. In adopting the EVAP 2015Â2020, all 53 Member States of the Region committed to eliminating measles and rubella as one of the RegionÂs priority immunization goals. The cornerstones for eliminating measles remain high population immunity to stop disease transmission and high-quality surveillance to monitor disease occurrence for public health action.",European Region,Measles,,
7 may 2019,https://reliefweb.int/report/philippines/measles-western-pacific-region-disease-outbreak-news-update-7-may-2019,"Globally, between 2016 and 2017, the number of reported measles cases increased by 31%, while in the WHO Western Pacific Region (WPR), the total number of cases reported decreased by 82% during the same period. However, there was an increase in cases reported in WPR, from 11 118 in 2017 to 26 163 cases in 2018. A resurgence of measles cases has been seen in all WHO Regions. An unusually high number of cases reported from countries and areas of the WPR in 2019 have been reported from: 1) several countries/areas where measles has been eliminated due to importation-related outbreaks; and 2) endemic countries such as the Philippines which has ongoing measles outbreak. In WPR, currently nine countries and areas (Australia, Brunei Darussalam, Cambodia, Hong Kong SAR (China), Japan, Macao SAR (China), New Zealand, the Republic of Korea, and Singapore) are verified by the Regional Verification Commission for Measles Elimination as having interrupted endemic measles virus transmission for more than 36 months.

To date, there have been no measles cases reported from the Pacific Island Countries and areas. The majority of countries and areas in WPR have made positive inroads to improve immunization and achieve higher vaccination coverage at the national level. However, with global resurgence of measles and movement of populations, several countries and areas in WPR remain vulnerable to outbreaks of measles due to low coverage of measles-containing-vaccine (MCV), at the subnational level and among vulnerable populations.

The following is a brief update on the measles situation in WPR from publicly available or information shared by Member States with WPR

Regional update

Australia

From 1 January to 12 April 2019, 97 measles cases have been reported nationwide. So far, the number of reported cases is higher than the number of cases reported for the same time period in the last 4 years. The majority of cases in 2019 were imported from countries that have reported cases or outbreaks of measles including Indonesia, Israel, Myanmar, Philippines, Sri Lanka, Thailand and Viet Nam. For more information, please see here

China

In 2018, 3 940 confirmed measles cases were reported nationally, and the predominant genotype was H1. Although China reported the second highest number of cases in the region following the Philippines in 2018, relative to the population size, the incidence rate remained low at 2.9 per 1 000 000 persons. In January, February and March of 2019, there were 178, 156 and 267 measles cases reported nationwide, respectively. For more information, please see here and here

Hong Kong SAR, China

Hong Kong SAR, China achieved measles elimination in 2016 and the annual reported number of measles cases has remained at a low level in the past few years. As of 11 April 2019, the national cumulative number of measles cases is 66. From 4 March 2019, there has been an airport cluster of 29 measles cases, 27 workers from the Hong Kong International Airport (HKIA) and two crew members of a local airline. Thirty cases have no obvious epidemiological link identified and the majority have a travel history to; Philippines (8), Mainland China (9, six of which are from Shenzhen, China), Japan (6),Taiwan,China (3), Europe (1), Cambodia (1), Thailand (1), and Viet Nam (1). From next year (2020), children aged 18 months will receive the second vaccination instead of having it when they are six years old under the existing policy. For more information, please see here

Macao SAR, China

As of 8 April, 32 measles cases have been reported in Macao SAR, China. Of these, 14 are imported cases, and the rest (18) were locally acquired but epidemiologically linked to imported cases. The 18 locally acquired cases include 10 staff from two hospitals. For more information, please see here

Japan

On March 2015, the WHO Western Regional Office verified that Japan had achieved measles elimination. However, from 1 January to 3 April 2019, 378 measles cases have been reported in Japan, the highest number of measles cases recorded during the same time period in a decade. Fifty-six (14.8%) cases were among persons with reported travel history to Philippines (23), Viet Nam (13), Myanmar (5), Hong Kong SAR, China (3), Maldives (2), Sri Lanka (1), New Zealand (1) Malaysia (1), Republic of Korea (1) and Ukraine (1), Cambodia (1), Thailand (1), and an additional two cases with travel to both Maldives and Sri Lanka, and one case with travel to both Thailand and Lao PDR. In comparison, a total of 282 measles cases were reported nationally in 2018. In 2019, 65% of cases were among persons aged between 15 to 39 years, and 256 cases (68%) with no or unknown vaccination history. For more information, please see here

Malaysia

The Ministry of Health reported that the number of measles cases in Malaysia increased exponentially from 195 cases in 2013 to 1 934 cases in 2018, an increase of almost 900% over a period of 5 years with six deaths related to measles, of which none were immunized. The number of measles cases among unimmunized persons increased from 125 cases (69%) in 2013 to 1 467 cases (76%) in 2018. From 2016 to 2018, WHO data showed the incidence rate for confirmed measles cases in Malaysia ranged from 50 to 60 per 1 000 000 population. For more information, please see here and here

New Zealand

From 1 January to 10 April 2019, there have been 72 measles cases with three clusters. Canterbury region has the largest number of infections with 39 cases, followed by Auckland region with 16 cases, Waikato with 12 cases, three in Bay of Plenty and two in Southland. The virus isolated from cases in Canterbury was a B3 genotype, similar to a recent strain from the Philippines. A typed cluster in Waikato was linked to cases reported in November 2018 associated with a travel-related case. Two cases in Bay of Plenty were related to travellers returning from the Philippines and another case was in a person who made multiple stops in Japan and Singapore. The majority of cases have occurred in adolescents and young adults aged between 10 to 29 years. In 2018, a total of 30 cases were reported nationally. New Zealand achieved measles elimination in 2017 with a national Immunization coverage of 92% and 89% for first and second dose of measles-containing vaccine, respectively, in 2016. For more information, please see here

The Philippines

The Philippines experienced an increase in measles cases from late 2017. In February 2019, the Department of Health (DoH) officially declared a measles outbreak in five regions: National Capital Region (NCR) (which is Metro Manila), Regions IVA, III, VI and VII. While an outbreak was declared in five regions, measles cases were reported from all regions. Nationally, from 1 January to 30 March 2019, there have been 25 956 measles cases including 381 deaths reported (case fatality rate (CFR)= 1.5%), an increase by 378% compared to the same time period in 2018. From 1 January to 30 March 2019, NCR recorded the highest number of measles cases with 5 586 including 104 deaths (CFR= 2%) followed by region IVA with 5 281 cases including 104 deaths (CFR= 2%). The majority of measles cases were among persons who were unvaccinated (59%) and under five years of age (53%). The Philippines has had persistent low immunization coverage over the past few years, from above 80% in 2008 to below 70% in 2017. According to World Health Organization (WHO) estimates, 2.6 million Filipino children under the age of 5 years are not protected from measles, with 80% coming from 7 out of 17 regions. Chronic low routine immunization coverage and vaccination hesitancy is broadly agreed as the root cause for this outbreak. For more information, please see here

Republic of Korea

From 17 December 2018 to 22 April 2019, 150 measles cases have been reported, including eight clusters associated with imported cases. Confirmed cases with recent overseas travel visited the following countries: Viet Nam (16), Philippines (10), Thailand (2), Ukraine (2), Europe (1), Taiwan, China (1), Madagascar (1), Cambodia (1), Uzbekistan (1) and Kyrgyzstan (1). For more information, please see here

Public health response

WHO is working with Member States and partners to:

Detect measles cases early and prevent avoidable deaths through case management
Investigate, guide response to, and mobilize funds for ongoing measles outbreaks
Develop risk communication plans and mobilize communities
Strengthen outbreak preparedness
Strengthen overall immunization systems and improve routine vaccination coverage
Plan and implement preventive supplemental immunization campaigns to increase population immunity
Strengthen laboratory-supported measles surveillance
Develop national action plans for measles elimination
Monitor progress towards and verify achievement of measles elimination through the Regional Verification Commission for Measles and Rubella Elimination
Produce Regional guidance for preparedness for and response to measles and rubella outbreaks.

WHO risk assessment

Measles is a highly contagious viral disease and remains a leading cause of morbidity and mortality among young children globally, despite the availability of a safe and effective vaccine. Globally, there has been an increasing trend of measles cases reported across all regions, with outbreaks in countries that had previously achieved elimination status. Furthermore, the resurgence of endemic measles has occurred despite high national immunization coverage in some countries. This reflects the risk that measles virus can spread when there is variability in immunization coverage at the district and local levels, or gaps in population immunity among sub-populations. Infants too young to be vaccinated are at highest risk of measles; however, infants and those with medical contraindications to measles vaccination can be protected through herd (population) immunity when immunization coverage rates (> 95%) are high. Infants, populations with poor access to health care services, and comorbidities such as malnutrition, including Vitamin A deficiency are vulnerable to infection and at higher risk for severe disease after infection.

Given the variable immunization coverage and capacity for detection and response, the risk of continued transmission remains, and there is ongoing possibility of further spread internationally. Countries experiencing regular movement of tourists or overseas workers, in particular those travelling to or from measles-affected countries, are at risk for introduction of measles; countries with low level of immunization coverage (< 95%) at the district and local level are also vulnerable to outbreaks.

The recent outbreaks have been fuelled by: 1) low immunization coverage due to gaps in routine immunization programs; 2) low immunization coverage among subpopulations; 3) movement of people domestically and internationally, and; 4) vaccine hesitancy.

WHO advice

Measles has a long incubation period with the average time from exposure to onset of early symptoms of about 10 - 12 days, and from exposure to rash onset an average of 14 days (range 7- 21 days), which means that international travel can be completed before an infected traveller becomes symptomatic. Case patients may be infectious from approximately 3 days prior to the onset of the rash to 4 days after the rash erupts.

With ongoing measles outbreaks in all regions, the WHO Regional Office for the WPR urges Member States to refer to and implement the following published WHO guidance, which provides specific recommendations to strengthen preparedness and response to measles outbreaks, including detailed procedures for effective surveillance and investigation of acute rash and fever cases, which enable rapid detection and containment of imported cases of measles:

WPRO Measles Elimination Field Guide (2013)1 [pp. 25Â33, 38Â52]; and Regional Strategy and Plan of Action for Measles and Rubella Elimination in the Western Pacific (2018)2 [pp. 72Â76]. In particular, all countries in the WPR - regardless of country context or whether they have achieved elimination of endemic measles transmission or are currently experiencing an ongoing outbreak - should urgently take the following actions:

Intensify surveillance for acute rash and fever to ensure measles cases are rapidly detected, confirmed and linked to rapid public health action.

Intensify messaging for clinicians to notify all acute rash and fever cases to the vaccine-preventable disease (VPD) surveillance system, regardless of clinical suspicion and to be particularly attentive to whether patients have travelled internationally or have been in contact with international travellers in the preceding 21 days.

Ensure that protocols and procedures for reporting, sample collection, rapid laboratory testing for case confirmation and genotyping, and epidemiological linkage for case confirmation are updated and reinforced among stakeholders.

Analyse and provide regular and timely feedback of surveillance data to healthcare facilities and subnational public health officials (e.g. updates on suspected case counts nationally and at the subnational level).

Ensure contingency resources for human resources, available vaccine stock, and operational funds are inventoried, and accessible to support rapid outbreak investigation and response immunization if measles cases are detected

Identify coordination and leadership structures, mechanisms for rapid response team activation and lines of communication between local level, sub national and national level.

Update and inform clinicians on immunization schedules (including criteria for providing Âzero-doseÂ to infants older than 6 months, if applicable) and guidelines for immunization of travellers to measles-affected countries; case management protocols; and infection prevention and control procedures to prevent nosocomial measles spread.

Update and inform the public on the risk of measles and how the disease can be prevented. WHOÂs Guide to Tailoring Immunization Programmes3 provides some useful strategies to increase uptake of childhood vaccines if tailored and adjusted to the local context and changing situation.

WHO has not made a recommendation towards compulsory vaccination, travel restrictions, or border screening for measles. It is up to countries to decide how best to ensure their population is immunized to protect individuals and communities from disease. Signage about measles at air and sea ports, including on how to seek health care if measles is suspected, is a useful adjunct to raising measles awareness in the community. People planning international travel should ensure they have been vaccinated against measles because of the high risk of exposure to the measles virus from fellow travellers and in many countries in the world where measles is currently spreading.

The current global resurgence of measles is an urgent signal for countries to renew focus on implementing the strategies, activities, and procedures detailed in the ÂMeasles Elimination Field GuideÂ1 and the ÂRegional Strategy and Plan of ActionÂ2to achieve sufficient population immunity to reduce the risk of outbreaks and prevent sustained endemic measles transmission.",Western Pacific Region,Measles,,
9 may 2019,https://reliefweb.int/report/democratic-republic-congo/ebola-virus-disease-democratic-republic-congo-disease-outbreak-49,"The Ebola virus disease (EVD) outbreak response this past week continues to be hampered by insecurity. On 3 May in Katwa, a Safe and Dignified Burial (SDB) team was violently attacked following the completion of a burial for a deceased EVD case. In Butembo and surrounding health zones, response activities were repeatedly halted due to a number of serious security incidents taking place from 4-6 May. On 8 May, a group of over 50 armed militia infiltrated the city centre. Security forces repelled the attack following intense gunfire in close proximity to staff accommodations. Although activities resumed on 9 May, after almost five consecutive days of suspension, threats of further attacks against EVD response teams and facilities remain prevalent.

These security incidents, and especially the resultant lack of access to EVD affected communities, remain a major impediment to the response, with teams unable to perform robust surveillance nor deliver much needed treatment and immunisations. The ongoing violent attacks sow fear, perpetuate mistrust, and further compound the multitude of challenges already faced by frontline healthcare workers. Without commitment from all groups to cease these attacks, it is unlikely that this EVD outbreak can remain successfully contained in North Kivu and Ituri provinces.

EVD transmission remains most intense in Katwa, Butembo, Mandima, Mabalako, Musienene, Beni and Kalunguta hotspot health zones, which collectively account for the vast majority (93%) of the 303 cases reported in the last 21 days between 17 April Â 7 May 2019 (Figure 1 and Table 1). During this period, new cases were reported from 78 health areas within 15 of the 21 health zones affected to date (Figure 2). It is expected that the resumption of response activities will bring a substantial increase in the number of cases reported in the coming weeks due to the backlog from the disruptions.

As of 7 May, a total of 1600 confirmed and probable EVD cases have been reported, of which 1069 died (case fatality of 67%). Of the total cases with recorded sex and age, 57% (907) were female and 30% (475) were children aged less than 18 years. The number of healthcare workers affected has risen to 97 (6% of total cases). 442 EVD patients who received care at Ebola Treatment Centres (ETCs) have been successfully discharged.

Adapted vaccination strategies On 7 May 2019, the Strategic Advisory Group of Experts (SAGE) issued new vaccination recommendations in light of the increasing number of EVD cases and continued insecurity in this outbreak in the Democratic Republic of the Congo (click here for the full recommendations). The panel made recommendations pertaining to adjusting vaccine dosages, expanding vaccine eligibility, ring vaccination operational improvements, and strengthening training of local healthcare workers to aid in the EVD response.

The rVSV ZEBOV GP vaccine dosage and eligibility criteria have been revised. For high-risk individuals such as contacts and contacts of contacts, the new SAGE recommendations advise the use of 0.5mL of vaccine instead of 1mL. This revised dose has been previously used during the 2015 Ebola Ã§a Suffit! trial in Guinea, and is expected to provide similar efficacy in this current EVD outbreak. Those at lower risks are now to receive 0.2mL instead. SAGE also recommends expanding the accessibility of the vaccine to more individuals in affected health areas. In addition to high-risk individuals, it is now recommended that individuals who are potential contacts due to their residence in the villages or neighbourhoods with incident cases (i.e. where EVD cases have been reported in the last 21 days) be offered the rVSV ZEBOV GP vaccine. SAGE believes that by expanding vaccine eligibility, this would address some of the requests from communities in affected health areas for the vaccine to be more widely available, foster greater trust, and improve willingness of communities to engage with other EVD response activities.

SAGE advised the implementation of an adaptive operational approach to ring vaccinations, implemented in two main methods: pop-up vaccinations and targeted geographic vaccinations. Pop-up vaccination would be conducted by inviting contacts and contacts of contacts to a previously agreed upon temporary location some distance away from the residence of contacts. In areas where accurate identification of contacts and contacts of contacts is not possible due to insecurity, targeted geographic vaccination of whole villages or quartiers would be administered at a fixed location with security present. Both of these vaccination operational methods have been utilised successfully before, and are expected to make the vaccination process more efficient and secure for both healthcare providers and the patients they are caring for.

SAGE additionally recommends offering an alternative vaccine (other than rVSV-ZEBOV-GP) to those at lower risk within affected health areas or neighbouring areas. WHO has reviewed evidence provided by two vaccine manufacturers, and the adenovirus 26 vectored glycoprotein / MVA-BN (Ad26.ZEBOV/MVA-BN) investigational Ebola vaccine is being considered and evaluated by a coalition led by the Coalition for Epidemic Preparedness (CEPI) and the London School of Hygiene & Tropical Medicine. At this time, this vaccine is in the late stages of formal trials and is expected to be deployed to the field in the near future. These efforts are in line with previous SAGE recommendations regarding the need for more studies to assess the efficacy of additional, alternative Ebola vaccines.

SAGE also supported the proposal to introduce alternative individual informed consent forms and follow up procedures which can potentially simplify and expedite both the vaccination and safety follow up processes. Aside from pregnant women who will be actively followed up until delivery or end of pregnancy, and infants 6-12 months of age who will receive a single visit at day 21, all other case follow up will be completed through passive reporting of adverse events via telephone.

In addition to technical recommendations, WHO and partners are working closely with residents of Ebola-affected communities to empower them to take on greater ownership of the EVD response. Through intensifying training and engagement with local community members, WHO aims to have the majority of vaccination teams comprised of local healthcare providers by the end of the month. Other key elements to transferring ownership of the response to the communities includes fulfilling community requests made in relation to development projects, and ensuring all persons residing in at-risk areas are well-informed about the status of the outbreak, transmission prevention, and availability of care through further mass communication initiatives.

Public health response

For further detailed information about the public health response actions by the MoH, WHO, and partners, please refer to the latest situation reports published by the WHO Regional Office for Africa:

Ebola situation reports: Democratic Republic of the Congo

WHO risk assessment

WHO continuously monitors changes to the epidemiological situation and context of the outbreak to ensure that support to the response is adapted to the evolving circumstances. The last assessment concluded that the national and regional risk levels remain very high, while global risk levels remain low. Weekly increases in the number of new cases has been ongoing since late February 2019. A general deterioration of the security situation, and the persistence of pockets of community mistrust exacerbated by political tensions and insecurity, have resulted in recurrent temporary suspension and delays of case investigation and response activities in affected areas, reducing the overall effectiveness of interventions. However, recent community dialogue, outreach initiatives, and restoration of access to certain hotspot areas have resulted in some improvements in community acceptance of response activities and case investigation efforts. The high proportion of community deaths reported among confirmed cases, relatively low proportion of new cases who were known contacts under surveillance, existence of transmission chains linked to nosocomial infection, persistent delays in detection and isolation in ETCs, and challenges in the timely reporting and response to probable cases, are all factors increasing the likelihood of further chains of transmission in affected communities and increasing the risk of geographical spread both within the Democratic Republic of the Congo and to neighbouring countries. The high rates of population movement occurring from outbreak affected areas to other areas of the Democratic Republic of the Congo and across porous borders to neighbouring countries during periods of heightened insecurity further compounds these risks. Additional risks are posed by the long duration of the current outbreak, fatigue amongst response staff, and ongoing strain on limited resources. Conversely, substantive operational readiness and preparedness activities in a number of neighbouring countries have likely increased capacity to rapidly detect cases and mitigated local spread. However, these efforts must continue to be scaled-up at this time.

WHO advice

WHO advises against any restriction of travel to, and trade with, the Democratic Republic of the Congo based on the currently available information. There is currently no licensed vaccine to protect people from the Ebola virus. Therefore, any requirements for certificates of Ebola vaccination are not a reasonable basis for restricting movement across borders or the issuance of visas for passengers leaving the Democratic Republic of the Congo. WHO continues to closely monitor and, if necessary, verify travel and trade measures in relation to this event. Currently, no country has implemented travel measures that significantly interfere with international traffic to and from the Democratic Republic of the Congo. Travellers should seek medical advice before travel and should practice good hygiene.

For more information, please see:

Press briefing on Ebola, WHO Director-General Dr Tedros
WHO Director-General reiterates commitment to Ebola response despite another attack
WHO expresses concern over damage to Ebola treatment facilities in DRC
Highlights from the April 2019 meeting of the IHR Emergency Committee on the EVD outbreak in the Democratic Republic of the Congo
SAGE interim recommendations on vaccination against EVD, 20 February 2019
WHO Interim recommendation Ebola vaccines
Ebola response in Democratic Republic of the Congo risks slowdown
WHO recommendations for international travellers related to the Ebola Virus Disease outbreak in the Democratic Republic of the Congo
Ebola virus disease in the Democratic Republic of the Congo Â Operational readiness and preparedness in neighbouring countries
Ebola virus disease fact sheet",Democratic Republic of the Congo,Ebola virus disease,27.68,62.0
9 may 2019,https://reliefweb.int/report/tunisia/measles-tunisia-disease-outbreak-news-update-9-may-2019,"From 1 January through 30 April 2019, the Ministry of Health in Tunisia responded to a large measles outbreak in the country. A total of 3 141 suspected cases, of which 909 (28.9%) were laboratory confirmed and 1 236 (39.4 %) epidemiologically linked cases including 30 deaths (case fatality ratio=1.0 %), have been reported in all of the 24 governorates (range 1 Â 1 274). The majority of cases were reported from Kasserine (1 274 cases) and Sfax (212 cases) governorates. In April 2019, four additional governorates were particularly affected with 155, 116, 93 and 69 cases reported from Kairouan, Tunis, Sousse and Nabeul respectively.

The two most affected age groups were those older than 15 years (31%) and infants between the age of 6 and 12 months (28%). The male: female ratio was 1.2. Eighty four percent of affected children between 1 and 5 years were not vaccinated. Death was reported in 30 cases ranging in age from 15 days to 41 years of age (median, 7.5 months).

To date, the number of reported measles cases is above the average annual number (12 cases) registered in the past 10 years in the country, with the highest number (48 cases) reported in 2012.

In 2013, Tunisia changed its immunization strategy and introduced the first dose of measles-containing-vaccine at the age of 12 months instead of 9 months (Fig. 1).

Fig. 1: Distribution of measles cases in relation to the change in immunization strategy. Tunisia, 1993-2019

Public health response

The Ministry of Health (MoH) in Tunisia is coordinating the response activities, with the support of WHO and other partners. Public health response measures include:

Isolation of all reported cases and rapid initiation of epidemiological investigation including contact tracing.
Measures to reduce transmission (isolation of patients, limit hospitalization, and personal protective equipment) at hospitals.
Vaccination of unvaccinated children older than 6 months hospitalized in the pediatric hospital.
Vaccination of hospital staff (nurses and paramedics) in the pediatric hospital.
Vaccination of infants aged 6-11 months in all governorates.
Enhancement of active surveillance, identification of measles vaccine dropouts in the affected governorates and their provision with the vaccine.

WHO risk assessment

Despite the increase in number of measles cases in 2019, the risk at the national level is still moderate due to the immediate government response (vaccination of all 6 to 11 months old infants, nationwide). In addition, the country has had high levels of measles-containing-vaccine second dose (MCV2) immunization coverage (>95%) since 2012, which should help protect many birth cohorts from disease.

A total of seven Tunisian governorates have a border with Algeria. Despite the absence of official number for people crossing the border, it is known that many families move freely between the two countries, which induces a moderate risk at regional level, whereas the risk at global level remains low.

WHO advice

Measles is a highly contagious viral disease which affects susceptible individuals of all ages and remains one of the leading causes of death among young children globally, despite the availability of safe and effective measles-containing vaccines. It is transmitted via droplets from the nose, mouth, or throat of infected persons. Initial symptoms, which usually appear 10Â12 days after infection, include high fever, usually accompanied by one or several of the following: runny nose, conjunctivitis, cough and tiny white spots on the inside of the mouth. Several days later, a rash develops, starting on the face and upper neck and gradually spreads downwards. A patient is infectious 4 days before the start of the rash to 4 days after the appearance of the rash. Most people recover within 2Â3 weeks.

While there is no specific antiviral treatment for measles, the provision of vitamin A is recommended by WHO for all children infected with measles, as it is associated with reduced mortality and severity of complications. In populations with high levels of malnutrition and a lack of adequate health care, up to 10% of measles cases result in death and in most vulnerable groups deaths can reach up to 30%. Among malnourished children and people with greater susceptibility, measles can also cause serious complications, including blindness, encephalitis, severe diarrhea, ear infection, and pneumonia.

In countries with low vaccination coverage, epidemics typically occur every two to three years and usually last between two and three months, although their duration varies according to population size, crowding, and the populationÂs immunity status.

Immunization is the only effective preventive measure against measles. Two doses of measles-rubella (MR) are recommended to ensure immunity.

WHO urges all member states to:

Vaccinate to maintain high coverage ( ? 95%) with two doses of MCV, in every district

Vaccinate at-risk populations (without proof of vaccination or immunity against measles and rubella), such as healthcare workers, people working in tourism and transportation, and international travelers

Maintain a reserve of MCV for control of imported cases in each country in the region

Strengthen epidemiological surveillance of fever or rash cases for timely detection of all suspected cases of measles in public and private healthcare facilities and ensure that samples are received by laboratories within five days of being taken

Provide a rapid response to imported measles cases through the activation of rapid response teams to prevent the establishment or re-establishment of endemic transmission

Administer vitamin A supplementation to all children diagnosed with measles to reduce the complications and mortality (two doses of 50,000 IU for a child less than 6 month of age, 1,00,000 IU for children between 6 and 12 months of age and 200,000 IU for children 12-59 months, immediately upon diagnosis and on the following day).

WHO does not recommend any restriction on travel to, and trade with Tunisia based on the available information from the current outbreak.",Tunisia,Measles,9.99,52.0
9 may 2019,https://reliefweb.int/report/mayotte-france/rift-valley-fever-mayotte-france-disease-outbreak-news-13-may-2019,"Disease outbreak news
13 May 2019

On 4 January 2019, the National IHR Focal Point for France informed WHO of five human autochthonous cases of Rift Valley Fever (RVF) diagnosed on Mayotte Island through the Early Warning and Response System of the European Union. The dates of symptom onset ranged from 22 November to 31 December 2018.

From November 2018 to 03 May 2019, 129 confirmed human Rift Valley Fever (RVF) cases and 109 animal foci (23 small ruminants and 86 bovine) have been reported in Mayotte. After a steady decline in cases during the last three weeks of March 2019, a slight increase has been observed in April 2019. As of 3 May 2019, one new human case but no new animal foci have been reported. Both human RVF cases and animal foci are mainly located in the center and the north west of the main island Grande-Terre. However, since the end of March 2019, a few new animal foci have also been detected in the east of Grande-Terre and in Petite Terre of Mayotte.

Public Health Response

The following actions have been taken since the detection of the human cases in January 2019:

Enhanced surveillance of both human and animal health has been implemented by the local health authorities. Meetings between human and animal health experts have been held locally and at national level for disease information exchange. Local health authorities supply regular communications to breeders and the population to remind them about the importance of personal protective measures against mosquito bites, and avoiding consuming raw meat and milk for infection prevention. Raising awareness among health workers to rapidly diagnose cases. Commercialization of raw milk has been forbidden since 27 February 2019. Exportation of cattle and raw meat and milk from Mayotte is also forbidden since 20 March 2019.

WHO risk assessment

RVF virus has been circulating actively on the island of Mayotte, in a context of regular import of the virus from nearby countries through illegal animal movements, the presence of susceptible animals and a favorable environment for mosquito vectors to maintain virus transmission locally. RVF virus is primarily transmitted by mosquitoes mainly belonging to the Aedes and Culex genera (but also Anopheles, Mansonia and other mosquito species) among animals. Mayotte, has a notable species richness of mosquitoes with 45 documented species belonging to 15 genera including Aedes and Culex which act as reservoirs of RVF virus. The risk of mosquito borne infections in animals should decrease in the coming months as the rainy season (December to April) in Mayotte is over. However, prolonged rain linked to post-cyclone Kenneth may lead to an increase in RVF cases.

While the main route of infection of humans is through direct or indirect contact with the blood, body fluids, tissues and organs of infected animals and aborted animal fetuses, it is highly contagious for humans when handling infected livestock. The high-risk groups including veterinarians, livestock farmers and butchers should conduct safe animal husbandry and slaughtering practices to prevent infections. To date, no human-to-human transmission of RVF virus has been reported.

The RVF epizootic can cause agricultural impact and economic losses to communities due to high mortality and abortion rates among infected livestock, loss of public trust in safety of animal products (milk, meat) or bans of movement that might be put in place to control this outbreak. Local authorities have implemented appropriate control measures and strengthened the multisectoral One Health approach to prevent, detect and respond to the RVF outbreak. Nevertheless, there are concerns about a potential increase of cases and foci in May 2019, because of the Ramadan period where an increase of illegal cattle importations is expected. To date, there is no information suggesting the disease will spread beyond Mayotte.

WHO advice

RVF is a viral zoonosis that primarily affects domestic animals (including cattle, sheep, camels and goats) and to a lesser extent human. The RVF virus is highly contagious for humans when handling potentially-infected livestock. Raising awareness of the risk factors of RVF transmission as well as protective measures such as vector control and protection against mosquito bites is the key to reduce human infection and deaths. Public health messages for risk reduction should focus on:

Reducing the risk of animal-to-human transmission because of unsafe animal husbandry and slaughtering practices. Practicing hand hygiene, wearing gloves and other appropriate individual protective equipment when handling sick animals or their tissues or when slaughtering animals. Reducing the risk of animal-to-human transmission arising from the unsafe consumption of fresh blood, raw milk or animal tissue by thoroughly cooking before eating.

The importance of personal and community protection against mosquito bites by using impregnated mosquito nets, personal insect repellent if available, light-colored clothing (long-sleeved shirts and trousers) and by avoiding outdoor activities at peak biting times of the vector species. As outbreaks of RVF in animals precede human cases, the establishment of an active animal health surveillance system is essential in providing early warning for veterinary and human public health authorities. Routine animal immunization in endemic areas can prevent RVF epizootics. Vaccination campaigns are not recommended during an outbreak as it may intensify transmission among the herd through needle propagation of the virus. WHO does not recommend any restriction on travel to, and trade with Mayotte based on the current information available on this event.

For more information on Rift Valley fever, please see the links below:

Rift Valley Fever, WHO Fact sheet
Recognizing Rift Valley Fever, FAO Animal Health Manual No.17
Rift Valley Fever in Mayotte: update on 26 April 2019
Rift Valley Fever, Mayotte, 2007Â2008
Rapid Risk Assessment, Rift Valley fever outbreak in Mayotte, France, 7 March 2019
Survey of the Mosquitoes (Diptera: Culicidae) of Mayotte",CoV),Middle East respiratory syndrome coronavirus (MERS,,
13 may 2019,https://reliefweb.int/report/democratic-republic-congo/ebola-virus-disease-democratic-republic-congo-disease-outbreak-50,"Although the security situation has subsided mildly into an unpredictable calm, the transmission of Ebola virus disease (EVD) continues to intensify in North Kivu and Ituri provinces with more than 100 confirmed cases reported this week.

The main drivers behind the continued rise in cases stems from insecurity hampering access to critical hotspot areas, persistent pockets of poor community acceptance and hesitation to participate in response activities, and delayed detection and late presentation of EVD cases to Ebola Treatment Centres (ETCs)/Transit Centres (TCs).

Of particular concern are the community deaths resulting from the culmination of these factors. Community deaths denote all EVD (confirmed and probable) cases who died outside of an ETC/TC. This includes cases who die at home, as well as those who die within public/private hospitals and other health centres. On average, community deaths comprise approximately 40% of cases reported each week. This proportion fluctuates on a weekly basis, ranging from 28% to 43% of cases since the beginning of April after peaking as high as 71% in February. Of the total deaths (1147) currently listed in surveillance systems, approximately two thirds (68%) occurred outside of ETCs. Many of the patients who arrive at ETCs, often do so in a severe condition with a poor prognosis, and subsequently die shortly after admission. Community deaths also pose a major transmission risk as these cases have spent more time in the community while symptomatic and remain highly infectious at the time of their death and thereafter; propagating EVD to other members of the community such as family members and healthcare workers.

Despite the continued increase in EVD cases, it should be noted that transmission remains most intense in seven main hotspot areas: Katwa, Mabalako, Mandima, Butembo, Musienene, Kalunguta, and Beni. Collectively, these health zones account for the vast majority (93%) of the 350 cases reported in the last 21 days between 24 April Â 14 May 2019 (Figure 1 and Table 1). A new case was also reported in the health zone of Alimbongo this week with links to cases deriving from Katwa. Current transmission patterns also illustrate the challenges resulting from cases originating from hotpot health zones and re-introducing the virus to areas where transmissions have previously been successfully halted. During this period, new cases were reported from 91 health areas within 18 of the 22 health zones affected to date (Figure 2).

As of 14 May, a total of 1739 confirmed and probable EVD cases have been reported, of which 1147 died (case fatality ratio 66%). Of the total cases with recorded sex and age, 56% (974) were female and 30% (514) were children aged less than 18 years. The number of healthcare workers affected has risen to 102 (6% of total cases). Of the EVD patients who received care at ETCs, 459 have been successfully discharged.

Risk communication and community engagement teams continue to spread messages about the importance of seeking care early at healthcare facilities for an increased chance of survival. These messages have been particularly effective in Beni, where affected individuals have been reporting to the ETCs more frequently and more rapidly after onset of symptoms. The risk communication and community engagement actors have been instrumental in mediating instances of reluctance and resistance at the community level to ensure peaceful agreements are reached and that other pillars of the response such as vaccination, infection prevention and control (IPC), and safe and dignified burials (SDB) are able to carry out their respective response activities.

It is anticipated that the rising case figures will continue within the hotspot areas in the coming weeks given the resumption of most major response activities, which will lead to the detection of more cases. The increased transmission rates witnessed recently continue to demonstrate a heightened risk of EVD spreading to other neighbouring provinces in the Democratic Republic of the Congo, and to surrounding countries.

Public health response

For further detailed information about the public health response actions by the MoH, WHO, and partners, please refer to the latest situation reports published by the WHO Regional Office for Africa:

Ebola situation reports: Democratic Republic of the Congo

WHO risk assessment

WHO continuously monitors changes to the epidemiological situation and context of the outbreak to ensure that support to the response is adapted to the evolving circumstances. The last assessment concluded that the national and regional risk levels remain very high, while global risk levels remain low. Weekly increases in the number of new cases has been ongoing since late February 2019. A general deterioration of the security situation, and the persistence of pockets of community mistrust exacerbated by political tensions and insecurity, especially over the past four weeks, have resulted in recurrent temporary suspension and delays of case investigation and response activities in affected areas, reducing the overall effectiveness of interventions. However, recent community dialogue, outreach initiatives, and restoration of access to certain hotspot areas have resulted in some improvements in community acceptance of response activities and case investigation efforts. Renewed efforts and honing of security mitigation measures, addressing procedural, operational and physical security means to ensure staff safety and security are undertaken. The high proportion of community deaths reported among confirmed cases, relatively low proportion of new cases who were known contacts under surveillance, existence of transmission chains linked to nosocomial infection, persistent delays in detection and isolation in ETCs, and challenges in the timely reporting and response to probable cases, are all factors increasing the likelihood of further chains of transmission in affected communities and increasing the risk of geographical spread both within the Democratic Republic of the Congo and to neighbouring countries. The high rates of population movement occurring from outbreak affected areas to other areas of the Democratic Republic of the Congo and across porous borders to neighbouring countries during periods of heightened insecurity further compounds these risks. Additional risks are posed by the long duration of the current outbreak, fatigue amongst response staff, and ongoing strain on limited resources. Conversely, substantive operational readiness and preparedness activities in a number of neighbouring countries have likely increased capacity to rapidly detect cases and mitigate local spread. These efforts must continue to be scaled-up at this time.

WHO advice

WHO advises against any restriction of travel to, and trade with, the Democratic Republic of the Congo based on the currently available information. There is currently no licensed vaccine to protect people from the Ebola virus. Therefore, any requirements for certificates of Ebola vaccination are not a reasonable basis for restricting movement across borders or the issuance of visas for passengers leaving the Democratic Republic of the Congo. WHO continues to closely monitor and, if necessary, verify travel and trade measures in relation to this event. Currently, no country has implemented travel measures that significantly interfere with international traffic to and from the Democratic Republic of the Congo. Travellers should seek medical advice before travel and should practice good hygiene.",Mayotte (France),Rift Valley Fever,,
16 may 2019,https://www.who.int/emergencies/disease-outbreak-news/item/16-may-2019-ebola-drc-en,"Although the security situation has subsided mildly into an unpredictable calm, the transmission of Ebola virus disease (EVD) continues to intensify in North Kivu and Ituri provinces with more than 100 confirmed cases reported this week.

The main drivers behind the continued rise in cases stems from insecurity hampering access to critical hotspot areas, persistent pockets of poor community acceptance and hesitation to participate in response activities, and delayed detection and late presentation of EVD cases to Ebola Treatment Centres (ETCs)/Transit Centres (TCs).

Of particular concern are the community deaths resulting from the culmination of these factors. Community deaths denote all EVD (confirmed and probable) cases who died outside of an ETC/TC. This includes cases who die at home, as well as those who die within public/private hospitals and other health centres. On average, community deaths comprise approximately 40% of cases reported each week. This proportion fluctuates on a weekly basis, ranging from 28% to 43% of cases since the beginning of April after peaking as high as 71% in February. Of the total deaths (1147) currently listed in surveillance systems, approximately two thirds (68%) occurred outside of ETCs. Many of the patients who arrive at ETCs, often do so in a severe condition with a poor prognosis, and subsequently die shortly after admission. Community deaths also pose a major transmission risk as these cases have spent more time in the community while symptomatic and remain highly infectious at the time of their death and thereafter; propagating EVD to other members of the community such as family members and healthcare workers.

Despite the continued increase in EVD cases, it should be noted that transmission remains most intense in seven main hotspot areas: Katwa, Mabalako, Mandima, Butembo, Musienene, Kalunguta, and Beni. Collectively, these health zones account for the vast majority (93%) of the 350 cases reported in the last 21 days between 24 April Â 14 May 2019 (Figure 1 and Table 1). A new case was also reported in the health zone of Alimbongo this week with links to cases deriving from Katwa. Current transmission patterns also illustrate the challenges resulting from cases originating from hotpot health zones and re-introducing the virus to areas where transmissions have previously been successfully halted. During this period, new cases were reported from 91 health areas within 18 of the 22 health zones affected to date (Figure 2).

As of 14 May, a total of 1739 confirmed and probable EVD cases have been reported, of which 1147 died (case fatality ratio 66%). Of the total cases with recorded sex and age, 56% (974) were female and 30% (514) were children aged less than 18 years. The number of healthcare workers affected has risen to 102 (6% of total cases). Of the EVD patients who received care at ETCs, 459 have been successfully discharged.

Risk communication and community engagement teams continue to spread messages about the importance of seeking care early at healthcare facilities for an increased chance of survival. These messages have been particularly effective in Beni, where affected individuals have been reporting to the ETCs more frequently and more rapidly after onset of symptoms. The risk communication and community engagement actors have been instrumental in mediating instances of reluctance and resistance at the community level to ensure peaceful agreements are reached and that other pillars of the response such as vaccination, infection prevention and control (IPC), and safe and dignified burials (SDB) are able to carry out their respective response activities.

It is anticipated that the rising case figures will continue within the hotspot areas in the coming weeks given the resumption of most major response activities, which will lead to the detection of more cases. The increased transmission rates witnessed recently continue to demonstrate a heightened risk of EVD spreading to other neighbouring provinces in the Democratic Republic of the Congo, and to surrounding countries.

Figure 1: Confirmed and probable Ebola virus disease cases by week of illness onset by health zone. Data as of 14 May 2019*

Enlarge image
*Data in recent weeks are subject to delays in case confirmation and reporting, as well as ongoing data cleaning. Other health zones include: Alimbongo, Biena, Bunia, Kalunguta, Kayna, Komanda, Kyondo, Lubero, Mangurujipa, Masereka, Mutwanga, Nyankunde, Oicha, Rwampara, and Tchomia.

Figure 2: Confirmed and probable Ebola virus disease cases by health area, North Kivu and Ituri provinces, Democratic Republic of the Congo, data as of 14 May 2019

Enlarge image
Table 1: Confirmed and probable Ebola virus disease cases, and number of health areas affected, by health zone, North Kivu and Ituri provinces, Democratic Republic of the Congo, data as of 14 May 2019**

Enlarge image
**Total cases and areas affected based during the last 21 days are based on the initial date of case alert and may differ from date of confirmation and daily reporting by the Ministry of Health.

Public health response
For further detailed information about the public health response actions by the MoH, WHO, and partners, please refer to the latest situation reports published by the WHO Regional Office for Africa:

Ebola situation reports: Democratic Republic of the Congo
WHO risk assessment
WHO continuously monitors changes to the epidemiological situation and context of the outbreak to ensure that support to the response is adapted to the evolving circumstances. The last assessment concluded that the national and regional risk levels remain very high, while global risk levels remain low. Weekly increases in the number of new cases has been ongoing since late February 2019. A general deterioration of the security situation, and the persistence of pockets of community mistrust exacerbated by political tensions and insecurity, especially over the past four weeks, have resulted in recurrent temporary suspension and delays of case investigation and response activities in affected areas, reducing the overall effectiveness of interventions. However, recent community dialogue, outreach initiatives, and restoration of access to certain hotspot areas have resulted in some improvements in community acceptance of response activities and case investigation efforts. Renewed efforts and honing of security mitigation measures, addressing procedural, operational and physical security means to ensure staff safety and security are undertaken. The high proportion of community deaths reported among confirmed cases, relatively low proportion of new cases who were known contacts under surveillance, existence of transmission chains linked to nosocomial infection, persistent delays in detection and isolation in ETCs, and challenges in the timely reporting and response to probable cases, are all factors increasing the likelihood of further chains of transmission in affected communities and increasing the risk of geographical spread both within the Democratic Republic of the Congo and to neighbouring countries. The high rates of population movement occurring from outbreak affected areas to other areas of the Democratic Republic of the Congo and across porous borders to neighbouring countries during periods of heightened insecurity further compounds these risks. Additional risks are posed by the long duration of the current outbreak, fatigue amongst response staff, and ongoing strain on limited resources. Conversely, substantive operational readiness and preparedness activities in a number of neighbouring countries have likely increased capacity to rapidly detect cases and mitigate local spread. These efforts must continue to be scaled-up at this time.

WHO advice
WHO advises against any restriction of travel to, and trade with, the Democratic Republic of the Congo based on the currently available information. There is currently no licensed vaccine to protect people from the Ebola virus. Therefore, any requirements for certificates of Ebola vaccination are not a reasonable basis for restricting movement across borders or the issuance of visas for passengers leaving the Democratic Republic of the Congo. WHO continues to closely monitor and, if necessary, verify travel and trade measures in relation to this event. Currently, no country has implemented travel measures that significantly interfere with international traffic to and from the Democratic Republic of the Congo. Travellers should seek medical advice before travel and should practice good hygiene.

For more information, please see:

Press briefing on Ebola, WHO Director-General Dr Tedros
WHO Director-General reiterates commitment to Ebola response despite another attack
WHO expresses concern over damage to Ebola treatment facilities in DRC
Highlights from the April 2019 meeting of the IHR Emergency Committee on the EVD outbreak in the Democratic Republic of the Congo
Updated SAGE recommendations on vaccination against EVD, 7 May 2019
WHO Interim recommendation Ebola vaccines
Ebola response in Democratic Republic of the Congo risks slowdown
WHO recommendations for international travellers related to the Ebola Virus Disease outbreak in the Democratic Republic of the Congo
Ebola virus disease in the Democratic Republic of the Congo Â Operational readiness and preparedness in neighbouring countries
Ebola virus disease fact sheet",Democratic Republic of the Congo,Ebola virus disease,27.68,62.0
16 may 2019,https://www.who.int/emergencies/disease-outbreak-news/item/16-may-2019-monkeypox-singapore-en,"On 9 May 2019, the Ministry of Health (MOH) in Singapore notified WHO of one laboratory-confirmed case of monkeypox. The case-patient is a 38 year old Nigerian man who arrived in Singapore on 28 April 2019 and attended a workshop from 29-30 April. Prior to his travel to Singapore, he had worked in the Delta state in Nigeria, and had attended a wedding on 21 April 2019 in a village in Ebonyi State, Nigeria.

The patient developed fever, muscle aches, chills and skin rash on 30 April. He reported that he had remained in his hotel room most of the time between 1 and 7 May. He was transferred to a public hospital by ambulance on 7 May and referred to the National Centre for Infectious Diseases (NCID) on the same day, where he was isolated for further management. Skin lesion samples were taken on 8 May and tested positive for monkeypox virus by the National Public Health Laboratory on the same day. He is currently in a stable condition.

Public health response
Based on investigations thus far, authorities in Singapore have traced and contacted a total of 23 close contacts, including 18 participants and trainers who attended the same workshop, one staff at the workshop venue, and four hotel staff who had close contact with the affected individual. Healthcare workers who were in contact with the patient had used personal protection equipment. MOHÂs investigation and contact tracing operations are ongoing.

One of the 18 workshop participants had left Singapore before the patient was diagnosed. This contact is a Nigerian national who travelled by air to Nigeria on 5 May. The Nigerian national IHR focal point has been provided with details of the contact for follow up action, as necessary. Potential sources of exposure and possible epidemiological links within Nigeria are currently being investigated.

Close contacts of the affected individual were referred to NCID for further assessment and offered post-exposure prophylaxis with smallpox vaccination, which can prevent disease or reduce the severity of symptoms. As of 15 May 2019, 14 persons were vaccinated. As a precautionary measure, close contacts have been quarantined either at home or designated government quarantine facility and monitored for 21 days from their date of exposure to the confirmed case. If anyone develops symptoms, they will be treated at NCID. All other contacts, who have a low risk of being infected, have been placed under active surveillance, and will be contacted twice daily to monitor their health status.

Singapore MOH released a press statement on 9 May 2019, providing information about the situation, advice for the public, and measures being taken to minimize the risk of any potential onward transmission of the disease.

WHO risk assessment
Monkeypox is a sylvatic zoonosis with incidental human infections that occur sporadically in parts of Central and West Africa. It is caused by the monkeypox virus (MPXV) and belongs to the Orthopoxvirus family. The disease is self-limiting, with symptoms usually resolving spontaneously within 14-21 days. There is currently no vaccine specifically for monkeypox. The animal reservoir remains unknown, although it is likely to include rodents. Direct contact with affected live or dead animals through hunting and consumption of bush meat are presumed drivers of human infection.

This is the first diagnosed case of monkeypox infection in Singapore. The patient was a traveller arriving from Nigeria, where a multistate monkeypox outbreak has been ongoing since September 2017.

Given that authorities in Singapore have promptly initiated appropriate public health measures, including isolation of the primary case, contact tracing and quarantine, surveillance and risk communication, the risk of onward spread in the country is low.

WHO advice
Residents and travelers to endemic areas/countries should avoid contact with sick, dead or live animals that could harbor MPXV (rodents, marsupials, and primates) and should refrain from eating or handling bush meat. Hand hygiene using soap and water, or alcohol-based sanitizer should be emphasized. Any illness during travel or upon return should be reported to a health professional, including information about all recent travel and immunization history. There is no specific treatment or vaccine for the MPXV infection.

Timely contact tracing, surveillance measures and raising awareness of imported emerging diseases among health care providers are essential to prevent secondary cases and effectively manage monkeypox cases and outbreaks.

Health-care workers caring for patients with suspected or confirmed MPXV infection should implement standard, contact and droplet infection control precautions. Samples taken from people and animals with suspected MPXV infection should be handled by trained staff working in suitably equipped laboratories.

WHO does not recommend any restriction for travel to, or trade with, Singapore or Nigeria based on available information at this time.

For more information on Monkeypox:

WHO factsheet on monkeypox, 6 June 2018
WHO disease outbreak news, monkeypox, Nigeria, 21 December
Weekly epidemiological record (WER) no.11, 16 March 2018, Emergence of monkeypox in West Africa and Central Africa 1970-2017
Nigeria CDC, An Update of Monkeypox Outbreak in Nigeria
MOH Singapore press release",Singapore,Monkeypox,31.64,51.0
17 may 2019,https://www.who.int/emergencies/disease-outbreak-news/item/17-may-2019-mers-saudi-arabia-en,"From 9 through 30 April 2019, the National International Health Regulations (IHR) Focal Point of Saudi Arabia reported nine additional cases of Middle East respiratory syndrome coronavirus (MERS-CoV) infection, including three deaths. Of the nine cases reported, five were associated with ongoing clusters in three cities. Three cases (including one death) were reported in Alkhafji city in the Eastern region of Saudi Arabia, one case in Alderb city in Jazan region and one case in Alkharji city in Riyadh region of Saudi Arabia.

Details of the ongoing clusters are available in the Disease Outbreak News published on 9 May 2019.

The link below provides details of the nine reported cases:

MERS-CoV cases reported from 9 through 30 April 2019
xls, 113kb
From 2012 through 30 April 2019, a total of 2428 laboratory-confirmed cases of MERS-CoV infection and 839 associated deaths were reported globally to WHO under the IHR. The associated deaths reported to WHO were identified through follow-up with affected member states.

WHO risk assessment
Infection with MERS-CoV can cause severe disease resulting in high morbidity and mortality. Humans are infected with MERS-CoV from direct or indirect contact with infected dromedary camels. MERS-CoV has demonstrated the ability to transmit between humans, especially from close unprotected contact with infected patients. So far, the observed non-sustained human-to-human transmission has occurred mainly in health care settings.

The notification of these additional cases does not change WHOÂs overall risk assessment of MERS. WHO expects that additional cases of MERS will be reported from the Middle East, and that cases will continue to be exported to other countries by individuals who might acquire the infection after exposure to dromedary camels, animal products (e.g. consumption of camelÂs raw milk), or humans (e.g. in a health care setting).

WHO continues to monitor the epidemiological situation and conducts risk assessment based on the latest available information.

WHO advice
Based on the current situation and available information, WHO encourages all Member States to continue their surveillance for acute respiratory infections and to carefully review any unusual patterns.

Infection prevention and control (IPC) measures are critical to prevent the possible spread of MERS-CoV in health care facilities. It is not always possible to identify patients with MERS-CoV infection early because like other respiratory infections, the early symptoms of MERS are non-specific. Therefore, healthcare workers should always apply standard precautions consistently with all patients, regardless of their diagnosis. Droplet precautions should be added to the standard precautions when providing care to patients with symptoms of acute respiratory infection; contact precautions and eye protection should be added when caring for probable or confirmed cases of MERS; airborne precautions should be applied when performing aerosol generating procedures.

Early identification, case management and isolation, together with appropriate infection prevention and control measures can prevent human-to-human transmission of MERS-CoV.

WHO recommends that comprehensive identification, follow up and testing of all contacts of MERS patients be conducted, if feasible, regardless of the development of symptoms since approximately 20% of all reported MERS cases have been reported as mild or asymptomatic. The role of asymptomatic MERS-CoV infection in transmission is not well understood. However, reports of transmission from an asymptomatic MERS patient to another individual have been documented.

MERS causes more severe disease in people with underlying chronic medical conditions such as diabetes mellitus, renal failure, chronic lung disease, and compromised immune systems. Therefore, people with these underlying medical conditions should avoid close unprotected contact with animals, particularly dromedary camels, when visiting farms, markets, or barn areas where the virus is known to be potentially circulating. General hygiene measures, such as regular hand washing before and after touching animals and avoiding contact with sick animals, should be adhered to.

Food hygiene practices should be observed. People should avoid drinking camelÂs raw milk or camel urine or eating camel meat that has not been properly cooked.

WHO does not advise special screening at points of entry with regard to this event nor does it currently recommend the application of any travel or trade restrictions.",CoV),Middle East respiratory syndrome coronavirus (MERS,,
20 may 2019,https://reliefweb.int/report/r-union-france/dengue-fever-r-union-france-disease-outbreak-news-20-may-2019,"On 16 March 2018, WHO was notified by the National International Health Regulations (IHR) Focal Point of France, through the European Commission Early Warning and Response System, of an increase in the number of dengue cases reported on La RÃ©union Island, France, since the beginning of 2018.

According to the local health authority (Agence RÃ©gionale de SantÃ© OcÃ©an Indien) and the regional office of SantÃ© publique France in La RÃ©union, a total of 6942 confirmed locally acquired cases of dengue fever were reported in RÃ©union in 2018, a 6000% increase from 2017 when 100 cases were reported. From 1 January through 30 April 2019, over 7700 confirmed cases have been reported. Also, as of 30 April 2019, 50 000 probable cases have been reported on the island since 2018, with 22 000 probable cases reported in 2019. Overall, fourteen deaths related (seven directly related) to dengue infections have been reported since 2018. Dengue-related emergency room visits have increased from 475 visits in 2018 to 1102 visits in 2019. Likewise, the number of hospitalizations has increased from twelve in 2017 to 156 in 2018 and 271 in 2019 as of 30 April 2019. According to local authorities, hospital capacities are still sufficient to handle cases.

The southern parts of the island are the most affected areas with cases dispersed across settlements with known prior transmission in Etang-SalÃ©, Les Avirons, Saint-Joseph and Petite-Ile Saint-Louis. The number of cases in the western and northern parts of the island are also increasing and new areas of transmission have been detected weekly in all parts of the island since March 2019.

Between 2014 and 2016, the predominant circulating serotypes were DENV-1, DENV-2 and DENV-3. Since 2017, the most commonly reported serotype was DENV-2, with DENV-1 and DENV-4 being occasionally reported among imported cases. However, as of 24 April 2019, fourteen locally acquired cases of DENV-1 have been reported.

The competent vectors, Aedes aegypti and Aedes albopictus mosquitoes are both found on La RÃ©union island. However, Ae. albopictus had the highest relative abundance and Ae. aegypti larvae are only found on the west coast of the island.

Public health response

Notification of dengue fever has been mandatory on La RÃ©union island since 2006. On 10 July 2018, local authorities raised the level of emergency risk of the civil security plan to level 4, corresponding to a medium-level epidemic. This risk level is still valid to date. The local health authority (Agence RÃ©gionale de SantÃ© - OcÃ©an Indien) and the regional office of SantÃ© publique France in La RÃ©union are currently following the situation and a number of actions have been implemented on La RÃ©union island by local authorities:

Strengthened vector control measures, focusing primarily around the areas were dengue cases are reported. The vector control team workforce is being supported by local subsidized contracts and civil protection staff from La RÃ©union and mainland France; rapid diagnostic tests have also been distributed, including to emergency rooms, for early diagnosis of acute dengue infection;

Enhanced surveillance of cases;

Strengthening of substances of human origin (SoHo) safety measures for cell, tissue and organ donations including viral genome detection screening of every donation;

Social mobilization including local representativesÂ mobilization in municipalities and districts, awareness campaigns at school and door-to-door operations to inform the population on exposures and remove mosquito breeding sites. A specific guide for dengue fever control was designed and distributed to local and regional elected officials and communities;

Specific risk communication, aimed at raising dengue fever awareness in the public and among healthcare workers, including posters at points of entry of the country, oral communication on flights to and from La RÃ©union, weekly press releases and communication on local TV and radios;

Strengthen hospital capacity to provide care to severe dengue cases, and if necessary to increase the capacities in health care services for dengue cases.

WHO risk assessment

The first documented dengue outbreak occurred in 1977Â1978 and affected approximately 30% of the population of La Reunion. Subsequently, locally acquired sporadic cases and clusters of dengue fever have been reported. However, the upsurge of confirmed and probable cases reported in 2018 is unprecedented. This could be partly explained by:

an increase in the viral load of asymptomatic cases over the threshold values of infectivity for mosquito vectors;

lack of herd immunity in the local population for the prevailing serotype, but also for other co-circulating serotypes, thus favoring further transmission of the virus;

co-circulation of different serotypes (since 2014) may result in more severe hemorrhagic fever cases and increase in deaths, in particular among secondary cases.

La RÃ©union is a popular touristic destination and the current outbreak increases the likelihood of exporting dengue virus to other countries. In addition, the high number of travelers from other dengue endemic countries also pose the risk of introducing other serotypes of dengue to La RÃ©union.

WHO advice

WHO recommends Integrated Vector Management (IVM) activities to remove potential breeding sites, reduce vector populations and minimize individual exposures, as currently implemented by the local authorities, including vector control strategies targeting both the immature (i.e. environmental management, and chemical and biological control measures) and adult stages of the vector. Other IVM strategies can protect individuals and households;

Vector control activities should target all settings where humanÂvector contact occurs (e.g. place of residence, workplaces, schools, hospitals); where indoor biting occurs, household insecticide aerosol products, mosquito coils or other insecticide vaporizers may also reduce biting activity. Household fixtures such as window and door screens and air-conditioning may also prevent biting;

Since the Aedes mosquitoes (the primary vector for transmission) are day biting mosquitoes, personal protective measures such as use of clothing that minimizes skin exposure during daylight hours is recommended. Repellents may be applied to exposed skin or to clothing. The use of repellents must be in strict accordance with label instructions;

Insecticide treated mosquito nets afford good protection for those who sleep during the day (e.g. infants, people confined to beds due to illness or age, dengue patients and night shift workers); and - There is currently no specific treatment for dengue fever. Prompt diagnosis and management of dengue fever patients can significantly reduce mortality rates from severe dengue.","RÃ©union, France",Dengue fever,,
23 may 2019,https://reliefweb.int/report/democratic-republic-congo/ebola-virus-disease-democratic-republic-congo-disease-outbreak-51,"Although this past week continues to bear witness to a steady rise in the number of Ebola virus disease (EVD) cases in the Democratic Republic of the Congo, the overall security situation has allowed for the resumption of most response activities. While no major insecurity incidents have occurred, outbreak response teams, local healthcare workers, and community members cooperating with response efforts, are increasingly subjected to threats made against them by armed groups present in hotspot areas such as Katwa and Butembo. These threats are often disseminated through leaflets or direct intimidation. Armed groupsÂ presence, activities and increasing direct threats against response teams continue to be reported in other EVD affected areas, in particular Lubero, Masereka, Mabalako, Kalunguta, and Vuhovi, resulting in some healthcare workers being unwilling to don personal protective equipment or perform critical Infection Prevention Control (IPC) measures out of fear of violence being levied against them or the healthcare facilities where they operate.

During the past three weeks, reports indicate that transmission remains most intense in seven main hotspot areas: Beni, Butembo, Kalunguta, Katwa, Mabalako, Mandima, and Musienene. Collectively, these health zones account for the vast majority (93%) of the 349 cases reported in the last 21 days between 1 - 21 May 2019 (Figure 1 and Table 1). During this period, new cases were reported from 91 health areas within 15 of the 22 health zones affected to date (Figure 2).

As of 21 May, a total of 1866 confirmed and probable EVD cases have been reported, of which 1241 died (case fatality ratio 67%). Of the total cases with recorded sex and age, 56% (1051) were female and 30% (545) were children aged less than 18 years. The number of healthcare workers affected has risen to 105 (6% of total cases). 490 EVD patients who received care at ETCs have been successfully discharged.

Public health response

For further detailed information about the public health response actions by the MoH, WHO, and partners, please refer to the latest situation reports published by the WHO Regional Office for Africa:

Ebola situation reports: Democratic Republic of the Congo

WHO risk assessment

WHO continuously monitors changes to the epidemiological situation and context of the outbreak to ensure that support to the response is adapted to the evolving circumstances. The last assessment concluded that the national and regional risk levels remain very high, while global risk levels remain low. Weekly increases in the number of new cases has been ongoing since late February 2019. A general deterioration of the security situation, and the persistence of pockets of community mistrust exacerbated by political tensions and insecurity, have resulted in recurrent temporary suspension and delays of case investigation and response activities in affected areas, reducing the overall effectiveness of interventions. However, recent community dialogue, outreach initiatives, and restoration of access to certain hotspot areas have resulted in some improvements in community acceptance of response activities and case investigation efforts. The high proportion of community deaths reported among confirmed cases, relatively low proportion of new cases who were known contacts under surveillance, existence of transmission chains linked to nosocomial infection, persistent delays in detection and isolation in ETCs, and challenges in the timely reporting and response to probable cases, are all factors increasing the likelihood of further chains of transmission in affected communities and increasing the risk of geographical spread both within the Democratic Republic of the Congo and to neighbouring countries. The high rates of population movement occurring from outbreak affected areas to other areas of the Democratic Republic of the Congo and across porous borders to neighbouring countries during periods of heightened insecurity further compounds these risks. Additional risks are posed by the long duration of the current outbreak, fatigue amongst response staff, and ongoing strain on limited resources. Conversely, substantive operational readiness and preparedness activities in a number of neighbouring countries have likely increased capacity to rapidly detect cases and mitigated local spread. However, these efforts must continue to be scaled-up at this time.

WHO advice

WHO advises against any restriction of travel to, and trade with, the Democratic Republic of the Congo based on the currently available information. There is currently no licensed vaccine to protect people from the Ebola virus. Therefore, any requirements for certificates of Ebola vaccination are not a reasonable basis for restricting movement across borders or the issuance of visas for passengers leaving the Democratic Republic of the Congo. WHO continues to closely monitor and, if necessary, verify travel and trade measures in relation to this event. Currently, no country has implemented travel measures that significantly interfere with international traffic to and from the Democratic Republic of the Congo. Travellers should seek medical advice before travel and should practice good hygiene.",Democratic Republic of the Congo,Ebola virus disease,27.68,62.0
24 may 2019,https://reliefweb.int/report/iran-islamic-republic/wild-poliovirus-type-1-islamic-republic-iran-disease-outbreak-news-24,"On 9 May 2019, the Global Polio Laboratory Network (GPLN) notified WHO of the detection of wild poliovirus type 1 (WPV1) from an environmental sewage sample collected on 20 April 2019 in Konarak district, Sistan-Baluchistan province, Islamic Republic of Iran. The virus was detected in an environmental sample only, and to date, no associated cases of paralysis have been detected.

The subsequent scheduled sewage sample collected from the same site on 4 May 2019 (2 weeks after the positive sample) tested negative for poliovirus.

The affected province borders both Baluchistan province in Pakistan, and part of Southern Region in Afghanistan. Genetic sequencing confirmed that the virus isolated is most closely linked to WPV1 currently circulating in Karachi region (Sindh province) in Pakistan.

The last laboratory-confirmed indigenous wild polio case from the Islamic Republic of Iran was reported in 1997. From 1998-2000, cases of wild poliovirus were imported from Pakistan and Afghanistan. No polio cases have been confirmed since 2001. Routine immunization against polio has been mandatory since 1984. Highly organized and well-implemented national immunization days were held during the period from 1994 to 1998. Since 1999, supplementary immunization activities in high-risk areas and populations including province of Sistan-Baluchistan are conducted annually.

Public health response

The Ministry of Health and Medical Education (MOHME) and local health authorities are undertaking a detailed investigation, and partners of the Global Polio Eradication Initiative (GPEI) are providing support as required. The findings reconfirmed that immunization and surveillance systems in the Islamic Republic of Iran are strong.

WHO risk assessment

WHO assesses the risk of international spread of WPV-1 from the Islamic Republic of Iran to be low. The risk assessment suggests that this event has limited public health implications, given IranÂs very high levels of routine immunization coverage for OPV3 (3 doses of oral polio vaccine), estimated at 99%, and strong disease surveillance.

However, this event reinforces the importance of implementing the Temporary Recommendations of the International Health Regulations (IHR) committee regarding the international spread of poliovirus by the Member States infected with WPV1, which include Afghanistan and Pakistan.

WHO advice

Polio is a highly infectious disease and can cause permanent paralysis or death. The poliovirus can spread easily and over large distances.

It is important that all countries, in particular those with frequent travellers and contacts with polio-affected countries and areas, strengthen surveillance for acute flaccid paralysis (AFP) cases in order to rapidly detect any new virus importation and to facilitate a rapid response.

Countries, territories and areas should also maintain uniformly high routine immunization coverage at the district level to minimize the consequences of any new virus introduction.

WHOÂs International Travel and Health recommends that all travellers to polio-affected areas should be fully vaccinated against polio. Residents (and visitors for more than 4 weeks) from infected areas should receive an additional dose of OPV or inactivated polio vaccine (IPV) within 4 weeks to 12 months of travel.

The twentieth meeting of the Emergency Committee under IHR regarding the international spread of poliovirus, held in February 2019 concluded that the risk of international spread of poliovirus remains a Public Health Emergency of International Concern (PHEIC) and recommended the extension of Temporary Recommendations for a further three months.

To comply with the Temporary Recommendations issued under the PHEIC, States infected with wild poliovirus type 1 (WPV1), circulating vaccine-derived poliovirus type 1 (cVDPV1) or circulating vaccine-derived poliovirus type 3 (cVDPV3) with potential risk of international spread, and states infected with circulating vaccine-derived poliovirus type 2 (cVDPV2) with potential risk of international spread should declare the outbreak as a national public health emergency and consider vaccination of all international travellers.",Islamic Republic of Iran,Wild poliovirus type 1,7.02,42.0
30 may 2019,https://reliefweb.int/report/democratic-republic-congo/ebola-virus-disease-democratic-republic-congo-disease-outbreak-52,"A decline in the number of confirmed Ebola virus disease (EVD) cases has been reported this week (22 to 28 May). Over the past seven days, a total of 73 new confirmed cases were reported compared to the previous where 127 new confirmed cases were reported. This should be interpreted with caution given the complex operating environment and fragility of the security situation. Katwa, one of the epicenters of the outbreak, reported fewer cases this week and other health zones such as Mabalako, Kalunguta and Mandima have also seen a decline in case reporting. Active transmission was reported in 14 of the 22 health zones that have been affected to date. Other initial encouraging findings such as a lower proportion of reported nosocomial infections, a lower proportion of community deaths and a higher proportion of registered contacts at case detection have also been reported. Weekly fluctuations in these indicators have been reported in the past and uncertainties remain with regards to the ability of the surveillance system to identify all new cases in areas faced with ongoing insecurity. Operations are still regularly hampered by security issues, and the risk of national and regional spread remains very high.

Mabalako reported 24% (73/309) of the new confirmed cases in the past 21 days. Nine out of the 12 Mabalako health areas have reported new confirmed cases during this period. In the 21 days between 8 to 28 May 2019, 83 health areas within 14 health zones reported new cases, representing 46% of the 180 health areas affected to date (Table 1 and Figure 2). During this period, a total of 309 confirmed cases were reported, the majority of which were from the Mabalako (24%, n=73), Butembo (21%, n=64), Katwa (14%, n=42), Beni (11%, n=34), Kalunguta (10%, n=31), Musienene (7%, n=23) and Mandima (6%, n=20) health zones.

As of 28 May 2019, a total of 1945 EVD cases, including 1851 confirmed and 94 probable cases, were reported. A total of 1302 deaths were reported (overall case fatality ratio 67%), including 1208 deaths among confirmed cases. Of the 1945 confirmed and probable cases with known age and sex, 58% (1122) were female, and 29% (572) were children aged less than 18 years. The number of healthcare workers affected has risen to 108 (6% of total cases).

All alerts in affected areas, in other provinces in the Democratic Republic of the Congo, and in neighbouring countries continue to be monitored and investigated. To date, EVD has been ruled out in all alerts outside the outbreak affected areas. On 3 June, a pilgrimage is planned to Namugongo, Uganda to commemorate the death of Catholics and Anglican martyrs. Preparedness activities surrounding the pilgrimage are ongoing.

EVD Cases in Under Five-Year Olds

WHO periodically conducts in-depth epidemiological analyses so that data can help reveal any gaps and drive evidence-based response improvements. An in-depth analysis of EVD cases in children under five-years of age demonstrated some noteworthy trends. As of 28 May, children under the age of five accounted for 15% (300/1949) of EVD cases reported, with children under one year of age accounting for 6% (118/1949). Of the 300 cases in children under the age of five, 19 were probable cases (19/94, 20% of all probable cases).

Data indicate that children under the age of five are being brought into healthcare facilities sooner than cases over the age of five (2.4 days vs. 3.2 days respectively), but most of these cases are not being referred to ETCs, and instead attend multiple local healthcare facilities. These cases visited on average 1.5 healthcare facilities, compared to 1.2 healthcare facilities for cases aged over five-years of age. These observations show that in general, parents are willing to seek medical attention for their children at healthcare facilities but are reluctant to bringing their children to ETCs, perhaps out of fear of being far from home and without the support of family members. More work needs to be done to reduce fear and misunderstanding of ETCs and to reduce any other barriers to access, with a special focus on this age group. All cases that may not be adequately isolated including children under five-years of age may pose a considerable transmission risk to healthcare workers, patients, and members of the community.

With regards to contact-tracing, 28% of EVD cases under five-years of age are registered as contacts, compared to 41% in cases over five-years of age. Although EVD cases under five years of age are less frequently listed as contacts, proportions of cases both below and over five-years of age are under surveillance remain similar (18% vs. 20% respectively). The reasons underlying these low figures are unclear at this time and further investigations are ongoing.

As of 28 May, the overall case fatality rate (CFR) of EVD cases in children under the age of five stands at 77%. This CFR was notably higher than that of EVD cases over five-years of age at 57%. These figures are in line with those observed in the 2014 West Africa EVD outbreak1 . There are a number of possible explanations for the higher CFR in this vulnerable population: the lower proportion of cases that present to ETCs, higher baseline mortalities in this population in general, and the inability to vaccinate cases who were not listed as contacts. Community deaths (i.e. any EVD deaths occurring outside of Ebola treatment centres/Transit centres (ETCs/TCs) account for 76% of deaths due to EVD in children under the age of five and 65% above the age of five. Of the community deaths of children under the age of five, 54% died in a healthcare facility.

As expected, the CFRs of EVD cases both younger and older than five-years of age (50% and 39% respectively) who sought treatment at ETCs is markedly lower than those who did not (86% and 68% respectively). The relative difference in CFRs between the two groups reduces upon admission into an ETC. This again reinforces the need to continue strengthening efforts to work with communities to encourage all affected populations, and in particular parents of young children, to seek treatment at ETCs as early as possible in order to give them the best chance of survival. Overall, the fact that these observed trends indicate that while it is promising to see lower CFRs in young children treated in ETCs, and to see that parents are willing to seek medical attention for their children at healthcare facilities, much emphasis needs to be made at improving contact listing of children under five years of age and encouraging parents to bring their children to be treated in ETCs. It must also be stressed that the proportions and resultant associations described above must be interpreted with caution given the often-limited demographic information available and are subject to change due to the fluid nature of the ongoing EVD outbreak.

Efforts are ongoing to encourage community-based facilities to refer suspected cases to ETCs/TCs, however these activities can be further strengthened. Children of all ages, including infants, that have suspected or confirmed EVD, are cared for at ETUs with specific optimized, supportive care protocols. Paediatric-specific equipment, medicines and trained specialists are available to provide clinical support at ETCs for this age group. All confirmed children are also rapidly enrolled in investigational therapeutic protocols after informed consent is obtained. Children receive nutritional care and psychosocial support from psychologists while at the ETC and are cared for 24/7 by care providers from survivors so they are not alone. As with all age groups, infants and young children are offered support via a specialized programme of care for Ebola survivors. In addition, pregnant women that have survived EVD are followed closely in the survivor program and return to ETCs for delivery by a multi-disciplinary team that has obstetric and paediatric expertise.

In light of these findings, UNICEF and WHO are working with partners in supporting activities related to nutritional care and psychosocial support of EVD patients, particularly for parents and children. These include supporting and providing information related to infant feeding for children separated from their parents or orphaned. UNICEF is working with EVD survivors and creating infant and young child feeding (IYCF) counselling support groups. They are also supporting the screening of malnourished children under two years old and their referral to Nutritional Units for assistance. Psychosocial support and material assistance are being conducted in outbreak areas where nurseries for children who have been separated from their mothers are set up and psychosocial support is provided to family members accompanying EVD affected persons and their contacts.

Public health response

For further detailed information about the public health response actions by the MoH, WHO, and partners, please refer to the latest situation reports published by the WHO Regional Office for Africa:

Ebola situation reports: Democratic Republic of the Congo

WHO risk assessment

WHO continuously monitors changes to the epidemiological situation and context of the outbreak to ensure that support to the response is adapted to the evolving circumstances. The last assessment concluded that the national and regional risk levels remain very high, while global risk levels remain low. Weekly increases in the number of new cases has been ongoing since late February 2019. A general deterioration of the security situation, and the persistence of pockets of community mistrust exacerbated by political tensions and insecurity, have resulted in recurrent temporary suspension and delays of case investigation and response activities in affected areas, reducing the overall effectiveness of interventions. However, recent community dialogue, outreach initiatives, and restoration of access to certain hotspot areas have resulted in some improvements in community acceptance of response activities and case investigation efforts. The high proportion of community deaths reported among confirmed cases, relatively low proportion of new cases who were known contacts under surveillance, existence of transmission chains linked to nosocomial infection, persistent delays in detection and isolation in ETCs, and challenges in the timely reporting and response to probable cases, are all factors increasing the likelihood of further chains of transmission in affected communities and increasing the risk of geographical spread both within the Democratic Republic of the Congo and to neighbouring countries. The high rates of population movement occurring from outbreak affected areas to other areas of the Democratic Republic of the Congo and across porous borders to neighbouring countries during periods of heightened insecurity further compounds these risks. Additional risks are posed by the long duration of the current outbreak, fatigue amongst response staff, and ongoing strain on limited resources. Conversely, substantive operational readiness and preparedness activities in a number of neighbouring countries have likely increased capacity to rapidly detect cases and mitigated local spread. However, these efforts must continue to be scaled-up at this time.

WHO advice

WHO advises against any restriction of travel to, and trade with, the Democratic Republic of the Congo based on the currently available information. There is currently no licensed vaccine to protect people from the Ebola virus. Therefore, any requirements for certificates of Ebola vaccination are not a reasonable basis for restricting movement across borders or the issuance of visas for passengers leaving the Democratic Republic of the Congo. WHO continues to closely monitor and, if necessary, verify travel and trade measures in relation to this event. Currently, no country has implemented travel measures that significantly interfere with international traffic to and from the Democratic Republic of the Congo. Travellers should seek medical advice before travel and should practice good hygiene.

For more information, please see:

The Ongoing Ebola Epidemic in the Democratic Republic of Congo, 2018Â2019
WHO resources and updates on Ebola virus disease
Highlights from the April 2019 meeting of the IHR Emergency Committee on the EVD outbreak in the Democratic Republic of the Congo
WHO Interim recommendation Ebola vaccines
WHO recommendations for international travellers related to the Ebola Virus Disease outbreak in the Democratic Republic of the Congo
UNICEF Ebola crisis
Ebola virus disease in the Democratic Republic of the Congo Â Operational readiness and preparedness in neighbouring countries
Ebola virus disease fact sheet",Democratic Republic of the Congo,Ebola virus disease,27.68,62.0
6 june 2019,https://reliefweb.int/report/democratic-republic-congo/ebola-virus-disease-democratic-republic-congo-disease-outbreak-53,"As the Ebola virus disease (EVD) outbreak surpasses the 2000 case mark, indicators over the past two weeks provide early signs of an easing of the transmission intensity. This follows a period of improved security and therefore access to communities, allowing response teams to operate more freely. A total of 88 confirmed cases were reported each week for the past two epidemiological weeks, down from a peak of 126 cases per week observed in April. Declines in the incidence of new cases have been most apparent in hotspots such as Katwa, Mandima and Beni health zones. Concurrently, improvements in the proportion of cases among contacts registered prior to onset (up from 30% three weeks ago to 55% last week), and a lower proportion of cases resulting from transmission within community health facilities (from 31% during the first week of April 2019 to 9% during the last week of May 2019), are encouraging. Nevertheless, both indicators are below where we would aim to be. The outbreak continues to be contained within 12 active health zones in North Kivu and Ituri provinces.

However, substantive rates of transmission continue within affected communities, and further waves of the outbreak may be expected. An increase in the incidence of new cases has been reported from Mabalako Health Zone in recent weeks, and high infection rates continue within Butembo metropolitan. Times between detecting, reporting and admission of cases at Ebola treatment/transit centres (ETCs) remains too long (median 6 days, interquartile range 4Â9 days in the past 3 weeks), with about a third (34% in the past 3 weeks) of cases dying outside of ETCs. Collectively these indicators highlight that the risks associated with this outbreak remain very high.

In the 21 days between 15 May to 4 June 2019, 80 health areas within 12 health zones reported new cases, representing 12% of the 664 health areas within North Kivu and Ituri provinces (Table 1 and Figure 2). During this period, a total of 280 confirmed cases were reported, the majority of which were from the Mabalako (27%, n=75), Butembo (23%, n=63), Katwa (16%, n=44), Beni (11%, n=30), Kalunguta (8%, n=23), Mandima (7%, n=19) and Musienene (5%, n=14) health zones.

As of 4 June 2019, a total of 2025 EVD cases, including 1931 confirmed and 94 probable cases, were reported. A total of 1357 deaths were reported (overall case fatality ratio 67%), including 1263 deaths among confirmed cases. Of the 2025 confirmed and probable cases with known age and sex, 58% (1170) were female, and 29% (589) were children aged less than 18 years. The number of healthcare workers affected has risen to 110 (5% of total cases).

Public health response

For further detailed information about the public health response actions by the MoH, WHO, and partners, please refer to the latest situation reports published by the WHO Regional Office for Africa:

WHO risk assessment

WHO continuously monitors changes to the epidemiological situation and context of the outbreak to ensure that support to the response is adapted to the evolving circumstances. The last assessment concluded that the national and regional risk levels remain very high, while global risk levels remain low. Weekly increases in the number of new cases were observed from February through mid-May 2019, with lower though still substantial rates since then. A general deterioration of the security situation, and the persistence of pockets of community mistrust exacerbated by political tensions and insecurity, especially over the past four weeks, have resulted in recurrent temporary suspension and delays of case investigation and response activities in affected areas, reducing the overall effectiveness of interventions. However, recent community dialogue, outreach initiatives, and restoration of access to certain hotspot areas have resulted in some improvements in community acceptance of response activities and case investigation efforts. In order to ensure staff safety and security, security mitigation measures are being enhanced, and procedural, operational, and physical security challenges are being addressed. The high proportion of community deaths reported among confirmed cases, relatively low proportion of new cases who were known contacts under surveillance, existence of transmission chains linked to nosocomial infection, persistent delays in detection and isolation in ETCs, and challenges in the timely reporting and response to probable cases, are all factors increasing the likelihood of further chains of transmission in affected communities and increasing the risk of geographical spread both within the Democratic Republic of the Congo and to neighbouring countries. The high rates of population movement occurring from outbreak affected areas to other areas of the Democratic Republic of the Congo and across porous borders to neighbouring countries during periods of heightened insecurity further compounds these risks. Additional risks are posed by the long duration of the current outbreak, fatigue amongst response staff, and ongoing strain on limited resources. Conversely, substantive operational readiness and preparedness activities in a number of neighbouring countries have likely increased capacity to rapidly detect cases and mitigate local spread. These efforts must continue to be scaled-up.

WHO advice

WHO advises against any restriction of travel to, and trade with, the Democratic Republic of the Congo based on the currently available information. There is currently no licensed vaccine to protect people from the Ebola virus. Therefore, any requirements for certificates of Ebola vaccination are not a reasonable basis for restricting movement across borders or the issuance of visas for passengers leaving the Democratic Republic of the Congo. WHO continues to closely monitor and, if necessary, verify travel and trade measures in relation to this event. Currently, no country has implemented travel measures that significantly interfere with international traffic to and from the Democratic Republic of the Congo. Travellers should seek medical advice before travel and should practice good hygiene.",Democratic Republic of the Congo,Ebola virus disease,27.68,62.0
6 june 2019,https://www.who.int/emergencies/disease-outbreak-news/item/06-june-2019-polio-cameroon-en,"On 23 May 2019, WHO received notification through the Global Polio Laboratory Network (GPLN) of the detection of circulating vaccine-derived poliovirus type 2 (cVDPV2) from an environmental sample collected on 20 April 2019 in a hospital in Northern Cameroon which borders Borno state in Nigeria and Chad. In this region, the vaccine coverage in 2018 for inactivated poliovirus vaccine (IPV1) and oral poliovirus vaccine (OPV3) was 73% and 72% respectively. The virus was detected in an environmental sample only Â no associated cases of paralysis have been detected so far.

Genetic sequencing confirms that the isolate is associated with the ongoing cVDPV2 outbreak in neighboring Nigeria which originated in Jigawa state and spread to other areas of Nigeria, as well as internationally to the Republic of Niger in 2018.

Public health response
The Ministry of Health and local health authorities have been involved in the response to the cVDPV2 outbreak in Nigeria and across the the Lake Chad sub region (Chad, Cameroon, Niger and Nigeria) by providing monovalent type 2 oral polio vaccine (mOPV2). A thorough investigation of the incident is ongoing with the support of partners in the Global Polio Eradication Initiative (GPEI) and includes assessing the extent of circulation of this strain, identifying sub-national immunity gaps and supporting efforts to strengthen sub-national surveillance sensitivity.

WHO risk assessment
This event highlights the risk of renewed international spread of cVDPV2 from Nigeria and the rest of the Lake Chad region, given the large-scale population movement; subnational immunity and surveillance gaps across the Lake Chad region. The detection of this cVDPV2 strain underscores the importance of maintaining high levels of routine polio vaccination coverage at all levels to minimize the risk and consequences of any poliovirus circulation.

WHO will continue to support the ongoing investigation and risk assessment by national authorities.

WHO advice
It is important that all countries, particularly those reporting frequent travel to polio-affected countries and areas, strengthen surveillance of acute flaccid paralysis (AFP) in order to rapidly detect imported cases and facilitate a rapid response. All countries should maintain a high routine immunization coverage at the district level to minimize the impact of new virus introduction.

WHOÂs International Travel and Health recommends that all travellers to polio-affected areas be fully vaccinated against polio. Residents (and visitors for more than 4 weeks) from infected areas should receive an additional dose of OPV or IPV within 4 weeks to 12 months of travel.

As per the advice of the Emergency Committee convened under the International Health Regulations (2005), efforts to limit the international spread of poliovirus remains a Public Health Emergency of International Concern (PHEIC). Countries affected by poliovirus transmission are subject to Temporary Recommendations issued under the PHEIC which requires an outbreak of poliovirus to be declared as a national public health emergency and all international travellers to be vaccinated. Likewise, countries with the risk of exporting poliovirus should ensure vaccination of all international travellers before departure.

See all DONs related to this event
Read more about",derived poliovirus type 2,Circulating vaccine,,
13 june 2019,https://reliefweb.int/report/uganda/ebola-virus-disease-republic-uganda-disease-outbreak-news-13-june-2019,"On 11 June 2019, the Ugandan Ministry of Health (MoH) has confirmed a case of Ebola Virus Disease (EVD) in Kasese district, Uganda. The patient is a 5-year-old child from the Democratic Republic of Congo (DRC) who travelled with his family from Mabalako Health Zone in DRC after attending, on 1 June 2019, the funeral of his grandfather (confirmed EVD case on 2 June 2019). On 10 June 2019, the child and the family entered the country through Bwera border post and sought medical care at Kagando hospital where health workers identified Ebola as a possible cause of illness. The child was transferred to Bwera Ebola Treatment Unit (ETU) for management. The confirmation of Ebola Virus was made on 11 June 2019 at the Uganda Virus Research Institute (UVRI), and the child has deceased in the early hours of 12 June 2019. Two other suspected cases, a 50-year-old female (grandmother of the first case) and 3-year-old male (younger brother of the first case) part of the family members who travelled together with the first confirmed child were also admitted in the same ETU and were confirmed for EVD by UVRI on 12 June 2019. The 50 year-old-male has deceased during the night between 12 and 13 June. 27 other contacts have been identified and are being monitored. Healthcare workers from both health care facilities where the child was treated have been previously vaccinated.

Public health response

Since 7 November 2018, as part of the preparedness activities, Uganda has vaccinated health and frontline workers in areas at risk of expansion of the outbreak. To date, 4699 health care and frontline workers from 165 health facilities have been vaccinated.

The MoH and WHO have dispatched a Rapid Response Team to Kasese to identify other people who may be at risk, and ensure they are monitored and provided with care if they become ill. Nine Ebola Treatment Units (ETU) are in place in the districts bordering North Kivu and Ituri. The MoH is setting up more units in the affected district and at referral hospitals to handle cases if they occur.

The MoH is intensifying community education, psychosocial support and will undertake vaccination for those who have come in contact with the patient and at-risk health workers who were not previously vaccinated.

Disease monitoring has been intensified at border posts, health centres and communities, and health workers are being trained on recognizing symptoms of the disease. The district administration and local councils in the affected area have been directed to ensure that any person with Ebola signs and symptoms in the community is reported to the health workers immediately and provided with advice and testing.

WHO is also supporting the Ministry of Health in terms of;

Finalization of the response plan
Operational and logistics support including immediate shipment of vaccines and therapeutics
Resource mobilization
Deployment of experts on infection prevention and control (IPE), therapeutics, risk communication and community engagement (RCCE), and vaccination
Compliance to SAGE Ebola vaccination protocol and Monitored Emergency Use of Unregistered and Investigational Interventions (MEURI) for Ebola Virus Disease framework for therapeutics

WHO risk assessment

All three confirmed cases are imported from DRC and belong to the same family who travelled together from Mabalako Health Zone, an area currently affected by Ebola outbreak in North Kivu, DRC. To date, they remain as a single episode of EVD in Uganda, and the geographical spread in Uganda appears to be limited to one district near DRC border. Further investigations are ongoing both in Uganda and DRC to assess the full extent of the outbreak.

Since the beginning of the Ebola outbreak in DRC in August 2018, WHO has advised neighbouring countries (Priority 1 countries: Uganda, Rwanda, South Sudan, and Burundi / Priority 2 countries: Angola, Zambia, Tanzania, Central African Republic and Republic of Congo) to reinforce their preparedness measures.

Considering that to date i) the EVD cases confirmed in Uganda were epidemiologically linked to the DRC; ii) all three cases belong to single family cluster with a common high-risk exposure to a confirmed case, iii) the level of preparedness and the proven experience of Ugandan authorities to manage previous EVD outbreaks, and iv) the rapidity of the detection and a limited geographical area affected (Kasese district), the overall level of risk at national level is assessed as moderate. Moreover, given that there is no evidence of local transmission of EVD in Uganda and the location of the outbreak being close to the DRC border, the overall risk posed at regional level by the Ugandan outbreak is considered low. However, the overall regional risk posed by the outbreak in DRC remains very high. The overall risk at international level remains low.

The Director-General will convene a third meeting of the Emergency Committee under the International Health Regulations (IHR 2005) following the most recent risk assessment which noted a cross-border spread of Ebola from DRC to Uganda. WHO has convened the emergency committee under International Health Regulations (IHR 2005) twice (October 2018 and April 2019) since the outbreak in DRC was announced in August. The committee will discuss whether the event constitute a public health emergency of international concern (PHEIC).

WHO advice

WHO advises against any restriction of travel and trade to Uganda based on the currently available information. WHO continues to monitor travel and trade measures in relation to this event, and currently there are no restrictions of the international traffic in place.",Democratic Republic of the Congo,Ebola virus disease,27.68,62.0
13 june 2019,https://reliefweb.int/report/democratic-republic-congo/ebola-virus-disease-democratic-republic-congo-disease-outbreak-54,"The Ebola virus disease (EVD) outbreak in the Democratic Republic of the Congo (DRC) continues to show a decrease in the number of new cases in hotspots such as Katwa, Beni and Kalunguta health zones. However, in other areas such as Mabalako and Butembo, moderate rates of transmission continue. With ongoing EVD transmission within communities in 12 health zones in North Kivu and Ituri provinces, factors such as persistent delays in case detection, approximately a third of cases dying outside of Ebola treatment or transit centres, and high population mobility, pose a high risk of geographical spread both within the DRC and to neighbouring countries. This was highlighted by the recent exportation of cases to Uganda Â the first confirmed cases detected outside of North Kivu and Ituri province since the onset of the outbreak over 10 months ago. For more information, please see Disease Outbreak News

Weekly decreases in the incidence of new cases have been reported in several health zones; however, increase or a continuation of the outbreak has been observed in others (Figure 1). In the 21 days, between 22 May to 11 June 2019, 62 health areas within 12 health zones reported new cases, representing 9% of the 664 health areas within North Kivu and Ituri provinces (Figure 2). During this period, a total of 212 confirmed cases were reported, the majority of which were from the health zones of Mabalako (33%, n=69), Butembo (18%, n=39), Katwa (14%, n=30) Mandima (11%, n=23) and Beni (9%, n=20). Single confirmed cases were also reported from Rwampara and Komanda health zones this past week following a prolonged period since the last reported case, with both cases acquiring the infection in the aforementioned hotspots.

As of 11 June 2019, a total of 2084 EVD cases, including 1990 confirmed and 94 probable cases, were reported. A total of 1405 deaths were reported (overall case fatality ratio 67%), including 1311 deaths among confirmed cases. Of the 2084 confirmed and probable cases with known age and sex, 57% (1194) were female, and 29% (605) were children aged less than 18 years. Cases continue to rise among health workers, with the cumulative number infected rising to 118 (6% of total cases).

Taking these recent events into consideration, the WHO Director-General will convene the Emergency Committee under the International Health Regulations (IHR) on 14 June 2019. The independent group of public health experts will provide their views to the Director-General on whether the event constitutes a public health emergency of international concern (PHEIC). If the event is determined to constitute a PHEIC, the Director-General will issue Temporary Recommendations, which are usually health measures aimed at reducing the international spread of Ebola and avoiding unnecessary interference with international traffic. A statement giving an account of the meeting and its conclusions will be posted on the WHO website immediately after the meeting.

Public health response

For further detailed information about the public health response actions by the MoH, WHO, and partners, please refer to the latest situation reports published by the WHO Regional Office for Africa:

WHO risk assessment

WHO continuously monitors changes to the epidemiological situation and context of the outbreak to ensure that support to the response is adapted to the evolving circumstances. The last assessment concluded that the national and regional risk levels remain very high, while global risk levels remain low. Weekly increases in the number of new cases were observed from February through mid-May 2019, with lower though still substantial rates since then. A general deterioration of the security situation, and the persistence of pockets of community mistrust exacerbated by political tensions and insecurity, especially over the past four weeks, have resulted in recurrent temporary suspension and delays of case investigation and response activities in affected areas, reducing the overall effectiveness of interventions. However, recent community dialogue, outreach initiatives, and restoration of access to certain hotspot areas have resulted in some improvements in community acceptance of response activities and case investigation efforts. In order to ensure staff safety and security, security mitigation measures are being enhanced, and procedural, operational, and physical security challenges are being addressed. The high proportion of community deaths reported among confirmed cases, relatively low proportion of new cases who were known contacts under surveillance, existence of transmission chains linked to nosocomial infection, persistent delays in detection and isolation in ETCs, and challenges in the timely reporting and response to probable cases, are all factors increasing the likelihood of further chains of transmission in affected communities and increasing the risk of geographical spread both within the Democratic Republic of the Congo and to neighbouring countries. The high rates of population movement occurring from outbreak affected areas to other areas of the Democratic Republic of the Congo and across porous borders to neighbouring countries during periods of heightened insecurity further compounds these risks. Additional risks are posed by the long duration of the current outbreak, fatigue amongst response staff, and ongoing strain on limited resources. Conversely, substantive operational readiness and preparedness activities in a number of neighbouring countries have likely increased capacity to rapidly detect cases and mitigate local spread. These efforts must continue to be scaled-up.

WHO advice

WHO advises against any restriction of travel to, and trade with, the Democratic Republic of the Congo based on the currently available information. There is currently no licensed vaccine to protect people from the Ebola virus. Therefore, any requirements for certificates of Ebola vaccination are not a reasonable basis for restricting movement across borders or the issuance of visas for travellers to/from the affected countries. WHO continues to closely monitor and, if necessary, verify travel and trade measures in relation to this event. Currently, no country has implemented travel measures that significantly interfere with international traffic to and from the Democratic Republic of the Congo. Travellers should seek medical advice before travel and should practice good hygiene.",Republic of Uganda,Ebola virus disease,29.71,25.0
20 june 2019,https://reliefweb.int/report/democratic-republic-congo/ebola-virus-disease-democratic-republic-congo-disease-outbreak-55,"This week saw a continued, gradual decrease in the number of new Ebola virus disease (EVD) cases from the hotspots of Katwa and Butembo compared to the previous weeks. However, these encouraging signs are offset by a marked increase in case incidence in Mabalako Health Zone, and especially in Aloya Health Area (Figure 1). While the spread of EVD to new geographic areas remains low, in the health zones of Bunia, Lubero, Komanda and Rwampara, recent reintroduction events illustrate the high risks in previously affected areas. Along with the rise in cases in Mabalako, there was also an accompanying increase in healthcare worker (HCW) and nosocomial infections. These findings highlight the ongoing need to comprehensively strengthen the infection prevention and control measures in the various healthcare facilities operating in these areas. The occurrence of EVD infections in these health areas also place a strain on the already limited security resources needed to facilitate access for effective response activities to continue.

In addition to operational challenges encountered on the ground by healthcare workers during the past ten months, the overall EVD outbreak response effort is confronting substantial difficulty in maintaining scale in the context of a US $54 million funding shortage. Without adequate funding to fill this gap, response activities will be compromised, negatively impacting the entire response, resulting in a drastic reduction in vital health services available and a cessation of operations during a critical time of the outbreak. Member States and other donors are strongly encouraged to help meet this funding gap in order to ensure that hard won progress in containing this EVD outbreak will not suffer a potentially devastating setback due to financial limitations.

In the 21 days, between 29 May to 18 June 2019, 62 health areas within 15 health zones reported new cases, representing 9% of the 664 health areas within North Kivu and Ituri provinces (Figure 2). During this period, a total of 245 confirmed cases were reported, the majority of which were from the health zones of Mabalako (37%, n=91), Mandima (12%, n=30), Katwa (11%, n=28), Beni (11%, n=27) , Butembo (9%, n=23) , Kalunguta (5%, n=13) and Musienene (5%, n=12). As of 18 June 2019, a total of 2190 EVD cases, including 2096 confirmed and 94 probable cases, were reported. A total of 1470 deaths were reported (overall case fatality ratio 67%), including 1376 deaths among confirmed cases. Of the 2190 confirmed and probable cases with known age and sex, 57% (1242) were female, and 29% (639) were children aged less than 18 years. Cases continue to rise among health workers, with the cumulative number infected rising to 122 (6% of total cases).

No new EVD cases or deaths have been reported in the Republic of Uganda since the previous EVD Disease Outbreak News publication on 13 June 2019. Response activities are however ongoing, with active case surveillance and over 100 potentially exposed contacts identified, predominately in Kisinga and Bwera subcounties, Kasese District. Contacts will be visited daily for 21 days until the last contact completes follow-up on 2 July. All contacts remain asymptomatic to date. As of 19 June, a total of 456 individuals have been vaccinated in Uganda, including consenting contacts and contacts of contacts.

Following the detection of EVD cases in Uganda, on 14 June 2019, a meeting of the Emergency Committee was convened by the WHO Director-General under the International Health Regulations (IHR). The Committee expressed its deep concern about the ongoing outbreak, which, despite some positive epidemiological trends, especially in the epicentres of Butembo and Katwa, shows that the extension and/or reinfection of disease in other areas like Mabalako. This presents, once again, challenges around community acceptance and security. In addition, the response continues to be hampered by a lack of adequate funding and strained human resources. It was noted that the cluster of cases in Uganda is not unexpected; the rapid response and initial containment is a testament to the importance of preparedness in neighbouring countries. It was the view of the Committee that the outbreak is a health emergency in the Democratic Republic of the Congo and the region, but does not meet all the criteria for a Public Health Emergency of International Concern (PHEIC). The Committee provided public health advice, which it strongly urged countries and responding partners to heed. For the full statement and further details, please click here.

Public health response

For further detailed information about the public health response actions by the MoH, WHO, and partners, please refer to the latest situation reports published by the WHO Regional Office for Africa:

WHO risk assessment

WHO continuously monitors changes to the epidemiological situation and context of the outbreak to ensure that support to the response is adapted to the evolving circumstances. The last assessment concluded that the national and regional risk levels remain very high, while global risk levels remain low. Weekly increases in the number of new cases were observed from February through mid-May 2019, with lower though still substantial rates since then. A general deterioration of the security situation, and the persistence of pockets of community mistrust exacerbated by political tensions and insecurity, especially over the past four weeks, have resulted in recurrent temporary suspension and delays of case investigation and response activities in affected areas, reducing the overall effectiveness of interventions. However, recent community dialogue, outreach initiatives, and restoration of access to certain hotspot areas have resulted in some improvements in community acceptance of response activities and case investigation efforts. In order to ensure staff safety and security, security mitigation measures are being enhanced, and procedural, operational, and physical security challenges are being addressed. The high proportion of community deaths reported among confirmed cases, relatively low proportion of new cases who were known contacts under surveillance, existence of transmission chains linked to nosocomial infection, persistent delays in detection and isolation in ETCs, and challenges in the timely reporting and response to probable cases, are all factors increasing the likelihood of further chains of transmission in affected communities and increasing the risk of geographical spread both within the Democratic Republic of the Congo and to neighbouring countries. The high rates of population movement occurring from outbreak affected areas to other areas of the Democratic Republic of the Congo and across porous borders to neighbouring countries during periods of heightened insecurity further compounds these risks. Additional risks are posed by the long duration of the current outbreak, fatigue amongst response staff, and ongoing strain on limited resources. Conversely, substantive operational readiness and preparedness activities in a number of neighbouring countries have likely increased capacity to rapidly detect cases and mitigate local spread. These efforts must continue to be scaled-up.

WHO advice

WHO advises against any restriction of travel to, and trade with, the Democratic Republic of the Congo based on the currently available information. There is currently no licensed vaccine to protect people from the Ebola virus. Therefore, any requirements for certificates of Ebola vaccination are not a reasonable basis for restricting movement across borders or the issuance of visas for travellers to/from the affected countries. WHO continues to closely monitor and, if necessary, verify travel and trade measures in relation to this event. Currently, no country has implemented travel measures that significantly interfere with international traffic to and from the Democratic Republic of the Congo. Travellers should seek medical advice before travel and should practice good hygiene.",Democratic Republic of the Congo,Ebola virus disease,27.68,62.0
27 june 2019,https://reliefweb.int/report/democratic-republic-congo/ebola-virus-disease-democratic-republic-congo-disease-outbreak-56,"The Ebola virus disease (EVD) outbreak in the North Kivu and Ituri provinces continues at a stable pace this week. Although response operations were temporarily interrupted in Beni following two days of insecurity in the surrounding areas, operations have largely resumed. However, in the town of Musienene, violent threats persist against healthcare workers (HCW) and local security forces providing assistance to the response efforts. Furthermore, response activities in Kambau health area, Manguredjipa health zone were also suspended following security incidents.

Of growing concern this week, are the current hotspots of Mabalako, particularly the Aloya health area, and Mandima (Figure 1), which were the first health zones to report EVD cases in August/September 2018. Sporadic reintroduction events in areas such as Vuhovi, which had not reported any new cases in the past 24 days, further compound the evolving situation. Other areas experiencing a similar resurgence in EVD cases after a period of prolonged absence include Komanda and Masereka.

In the 21 days, between 5 to 25 June 2019, 67 health areas within 19 health zones reported new cases, representing 10% of the 664 health areas within North Kivu and Ituri provinces (Figure 2). During this period, a total of 252 confirmed cases were reported, the majority of which were from the health zones of Mabalako (35%, n=88), Beni (17%, n=43), Mandima (12%, n=30), Butembo (5%, n=13) , Musienene (5%, n=13) , Kalunguta (5%, n=12), and Katwa (5%, n=12). As of 25 June 2019, a total of 2277 EVD cases, including 2183 confirmed and 94 probable cases, were reported (Table 1). A total of 1531 deaths were reported (overall case fatality ratio 67%), including 1437 deaths among confirmed cases. Of the 2277 confirmed and probable cases with known age and sex, 57% (1287) were female, and 29% (663) were children aged less than 18 years. Cases continue to rise among health workers, with the cumulative number infected rising to 129 (6% of total cases).

In Mabalako, a total of 88 confirmed cases, with 61 concentrated in the Aloya health area, have been reported from 5-25 June. Multiple transmissions chains have been identified to be related to family connections, and 15 infections were associated with healthcare facility related infections. Currently, the main challenges present in Mabalako revolve around follow up of registered cases and the low number of alerts reported relative to the number of new EVD cases detected.

In Mandima, as of 25 June, a total of 30 cases have been reported in the past 21 days, with the majority of the cases (22) originating from Biakato Mines, Biakato Mayi, and Alima health areas. Six chains of transmission have been identified over that time period, with new cases being primarily attributed to individuals having contact with an infected family member or other patients in healthcare facilities. Timely investigation of alerts in Mandima to date have been suboptimal due to lack of access and insecurity, with only 73% of alerts being investigated thoroughly within the first 24 hours.

No new EVD cases or deaths have been reported in the Republic of Uganda since the previous EVD Disease Outbreak News publication on 13 June 2019. As of 26 June, 108 potentially exposed contacts have been identified and are under surveillance, including 13 who have completed followed up. Contacts will be visited daily for 21 days until the last contact completes follow-up on 3 July. All contacts remain asymptomatic to date. All 14 suspected cases reported to date have tested negative for EVD. On 26 June, ring vaccination of potential contacts was completed, with a total of 1063 individuals having consented and been successfully vaccinated, including 74 contacts (34 were not eligible for vaccination), 740 contacts of contacts, and 249 healthcare workers.

Public health response

For further detailed information about the public health response actions by the MoH, WHO, and partners, please refer to the latest situation reports published by the WHO Regional Office for Africa.

WHO risk assessment

WHO continuously monitors changes to the epidemiological situation and context of the outbreak to ensure that support to the response is adapted to the evolving circumstances. The last assessment concluded that the national and regional risk levels remain very high, while global risk levels remain low. Weekly increases in the number of new cases were observed from February through mid-May 2019, with lower though still substantial rates since then. A general deterioration of the security situation, and the persistence of pockets of community mistrust exacerbated by political tensions and insecurity, especially over the past four weeks, have resulted in recurrent temporary suspension and delays of case investigation and response activities in affected areas, reducing the overall effectiveness of interventions. However, recent community dialogue, outreach initiatives, and restoration of access to certain hotspot areas have resulted in some improvements in community acceptance of response activities and case investigation efforts. In order to ensure staff safety and security, security mitigation measures are being enhanced, and procedural, operational, and physical security challenges are being addressed. The high proportion of community deaths reported among confirmed cases, relatively low proportion of new cases who were known contacts under surveillance, existence of transmission chains linked to nosocomial infection, persistent delays in detection and isolation in ETCs, and challenges in the timely reporting and response to probable cases, are all factors increasing the likelihood of further chains of transmission in affected communities and increasing the risk of geographical spread both within the Democratic Republic of the Congo and to neighbouring countries. The high rates of population movement occurring from outbreak affected areas to other areas of the Democratic Republic of the Congo and across porous borders to neighbouring countries during periods of heightened insecurity further compounds these risks. Additional risks are posed by the long duration of the current outbreak, fatigue amongst response staff, and ongoing strain on limited resources. Conversely, substantive operational readiness and preparedness activities in a number of neighbouring countries have likely increased capacity to rapidly detect cases and mitigate local spread. These efforts must continue to be scaled-up.

WHO advice

WHO advises against any restriction of travel to, and trade with, the Democratic Republic of the Congo based on the currently available information. There is currently no licensed vaccine to protect people from the Ebola virus. Therefore, any requirements for certificates of Ebola vaccination are not a reasonable basis for restricting movement across borders or the issuance of visas for travellers to/from the affected countries. WHO continues to closely monitor and, if necessary, verify travel and trade measures in relation to this event. Currently, no country has implemented travel measures that significantly interfere with international traffic to and from the Democratic Republic of the Congo. Travellers should seek medical advice before travel and should practice good hygiene.",Democratic Republic of the Congo,Ebola virus disease,27.68,62.0
3 july 2019,https://www.who.int/csr/don/03-july-2019-hiv-cases-pakistan/en/,,Pakistan,HIV cases,12.71,15.0
4 july 2019,https://reliefweb.int/report/democratic-republic-congo/ebola-virus-disease-democratic-republic-congo-disease-outbreak-57,"The outbreak of Ebola virus disease (EVD) in North Kivu and Ituri provinces, Democratic Republic of the Congo continued with a steady transmission intensity this week. Indicators demonstrated the early signs of transmission easing in intensity in some major hotspots, such as Butembo and Katwa. The current hotspots are the health zones of Beni, Mabalako, and Mandima, with some cases being exported from these hotspot areas into unaffected health zones. There is a slight but notable increase in the number of new cases occurring in areas that previously had lower rates of transmission, such as the Komanda, Lubero, and Rwampara/ Bunia health zones. On 30 June, a case who had travelled overland from Beni was confirmed in Ariwara, more than 460 kilometres north of Beni, towards the borders with Uganda and South Sudan. This is the first confirmed case in this health zone, and a response team was deployed from Bunia to investigate and implement public health actions in Ariwara. Uganda and South Sudan have mobilized quickly, building on the preparedness efforts during the last months. Arua district in Uganda shares a border with Ariwara health zone, with high volume of trade and population movement. The Arua District Task Force in Arua mobilized on 2 July to agree on a plan of action, the Ministry of Health (MoH) immediately dispatched the National Rapid Response Team for needs assessment, and the vaccination team from Kasese was also dispatched to Arua district on 3 July to start vaccinating the front-line health workers. In South Sudan, WHO and the United Nations Office for the Coordination of Humanitarian Affairs (OCHA) convened a joint meeting with implementing partners on 2 July to plan and coordinate field missions. Joint teams were dispatched to Kei State on 3 July to support operational readiness activities.

In the 21 days from 12 June through 02 July 2019, 73 health areas within 20 health zones reported new cases, representing 11% of the 664 health areas within North Kivu and Ituri provinces (Figure 2). During this period, a total of 285 confirmed cases were reported, the majority of which were from the health zones of Mabalako (30%, n=85), Beni (27%, n=76), Mandima (8%, n=23), Lubero (6%, n=16) and Kalunguta (5%, n=14). As of 02 July 2019, a total of 2369 EVD cases, including 2275 confirmed and 94 probable cases, were reported (Table 1). A total of 1598 deaths were reported (overall case fatality ratio 68%), including 1504 deaths among confirmed cases. Of the 2369 confirmed and probable cases with known age and sex, 56% (1334) were female, and 29% (691) were children aged less than 18 years. Cases continue to rise among health workers, with the cumulative number infected rising to 130 (6% of total cases).

No new EVD cases or deaths have been reported in the Republic of Uganda since the previous EVD Disease Outbreak News publication on 13 June 2019. As of 26 June, 108 exposed contacts were identified, and they are in the process of completing the 21-day follow-up period. Contacts are visited daily for 21 days until the last contact completes follow-up on 3 July. All contacts remain asymptomatic to date. All 14 suspected cases reported to date have tested negative for EVD, and these cases are not related to the confirmed cases mentioned in the Disease Outbreak News on EVD in Uganda. Cumulatively, 1507 individuals consented and were vaccinated, including 74 contacts (34 were not eligible for vaccination), 747 contacts of contacts and 682 frontline health workers.

Public health response

For further detailed information about the public health response actions by the MoH, WHO, and partners, please refer to the latest situation reports published by the WHO Regional Office for Africa.

WHO risk assessment

WHO continuously monitors changes to the epidemiological situation and context of the outbreak to ensure that support to the response is adapted to the evolving circumstances. The last assessment concluded that the national and regional risk levels remain very high, while global risk levels remain low. Weekly increases in the number of new cases were observed from February through mid-May 2019, with lower but still substantial rates since then. A general deterioration of the security situation and the persistence of pockets of community mistrust exacerbated by political tensions and insecurity, especially over the past four weeks, have resulted in recurrent temporary suspension and delays of case investigation and response activities in affected areas, therefore reducing the overall effectiveness of interventions. However, recent community dialogue, outreach initiatives, and restoration of access to certain hotspot areas have resulted in some improvements in community acceptance of response activities and case investigation efforts. In order to facilitate staff safety and security and continuity of activities, the operational area continues to be closely monitored and assessed, and security mitigation measures are implemented. The high proportion of community deaths reported among confirmed cases, relatively low proportion of new cases who were known contacts under surveillance, existence of transmission chains linked to nosocomial infection, persistent delays in detection and isolation in Ebola Treatment Centres (ETCs), and challenges in the timely reporting and response to probable cases, are all factors increasing the likelihood of further chains of transmission in affected communities and increasing the risk of geographical spread both within the Democratic Republic of the Congo and to neighbouring countries. The high rates of population movement from outbreak affected areas to other areas of the Democratic Republic of the Congo and across porous borders to neighbouring countries during periods of heightened insecurity further compounds these risks. Additional risks are posed by the long duration of the current outbreak, fatigue amongst response staff, and ongoing strain on limited resources. Conversely, substantive operational readiness and preparedness activities in a number of neighbouring countries have likely increased capacity to rapidly detect cases and mitigate local spread. These efforts must continue to be scaled-up.

WHO advice

WHO advises against any restriction of travel to, and trade with, the Democratic Republic of the Congo based on the currently available information. There is currently no licensed vaccine to protect people from the Ebola virus. Therefore, any requirements for certificates of Ebola vaccination are not a reasonable basis for restricting movement across borders or the issuance of visas for travellers to/from the affected countries. WHO continues to closely monitor and, if necessary, verify travel and trade measures in relation to this event. Currently, no country has implemented travel measures that significantly interfere with international traffic to and from the Democratic Republic of the Congo. Travellers should seek medical advice before travel and should practice good hygiene.",Democratic Republic of the Congo,Ebola virus disease,27.68,62.0
11 july 2019,https://reliefweb.int/report/democratic-republic-congo/ebola-virus-disease-democratic-republic-congo-disease-outbreak-58,"The outbreak of Ebola virus disease (EVD) in North Kivu and Ituri provinces, Democratic Republic of the Congo continues this past week with a similar transmission intensity to the previous week. While the number of new cases continues to ease in former hotspots, such as Butembo, Katwa and Mandima health zones, there has been an increase in cases in Beni, and a high incidence of cases continues in parts of Mabalako Health Zone. In addition to these re-emerging hotspots, there are a large number of people with confirmed and probable infections moving to other health zones, with the greatest number coming from Beni Health Zone. The movement of cases causes the outbreak to spread to new health zones and re-emerge in health zones with previously controlled infections. Overall, this underscores the importance of robust mechanisms for listing and following up contacts and understanding the motivations for peoplesÂ decisions to move.

After the first reported case in the Ariwara Health Zone on 30 June, no new cases have been observed in that health zone. A response team deployed to that zone continues to identify contacts, engage the community, and vaccinate individuals at risk. Response personnel from the bordering countries of Uganda and South Sudan continue to support operational readiness activities. Resources are being dedicated to monitoring the Uganda-Democratic Republic of the Congo border in that area.

In the 21 days from 19 June through 9 July 2019, 72 health areas within 22 health zones reported new cases, representing 11% of the 664 health areas within North Kivu and Ituri provinces (Figure 2). During this period, a total of 247 confirmed cases were reported, the majority of which were from the health zones of Beni (41%, n=101), Mabalako (19%, n=48), Lubero (6%, n=16), and Mandima (5%, n=13). As of 09 July 2019, a total of 2437 EVD cases, including 2343 confirmed and 94 probable cases, were reported (Table 1). A total of 1646 deaths were reported (overall case fatality ratio 68%), including 1552 deaths among confirmed cases. Of the 2437 confirmed and probable cases with known age and sex, 57% (1384) were female, and 29% (704) were children aged less than 18 years.

Cases continue to increase among health workers, with the cumulative number infected rising to 132 (5% of total cases). Of the 128 health workers with information available, the greatest proportion is among health workers at health posts poste de santÃ© and private health facilities (35%, n = 45). The majority (68%, n = 87) of health worker infections were among nurses.

No new EVD cases or deaths have been reported in the Republic of Uganda since the previous EVD Disease Outbreak News publication on 13 June 2019. As of 3 July, 108 contacts exposed to those cases were identified, and they all completed the 21-day follow-up period. All contacts were asymptomatic. Arua district, located in the north-western part of Uganda near the Uganda-Democratic Republic of the Congo border, is currently stepping up its response readiness to prevent imported cases of Ebola following the case that died on 30 June 2019 in Ariwara Health Zone in neighbouring Democratic Republic of the Congo, located 8 kilometres from the Uganda border. This case is known to have over 200 contacts, some of whom are in the communities bordering the Arua district. As of 9 July 2019, two suspected cases in the Arua district were reported and both tested negative. As of 9 July 2019, the cumulative number of individuals vaccinated in Arua district is 811 out of 1092 targeted front line and healthcare workers.

Public health response

For further detailed information about the public health response actions by the MoH, WHO, and partners, please refer to the latest situation reports published by the WHO Regional Office for Africa:

Ebola situation reports: Democratic Republic of the Congo
WHO risk assessment

WHO continuously monitors changes to the epidemiological situation and context of the outbreak to ensure that support to the response is adapted to the evolving circumstances. The last assessment concluded that the national and regional risk levels remain very high, while global risk levels remain low. Weekly increases in the number of new cases were observed from February through mid-May 2019, with lower but still substantial rates since then. The security situation was relatively calm this past week, except for a reported attack on a check point along the Butembo-Kalunguta axis, which temporarily disrupted the activities in that area for the day. Local security forces conducted clearing operations and response activities were facilitated thereafter. Pockets of community reticence were observed during the period. However, recent community dialogue, outreach initiatives, and restoration of access to certain hotspot areas have resulted in some improvements in community acceptance of response activities and case investigation efforts. In order to facilitate staff safety and security, and continuity of activities, the operational area continues to be closely monitored and assessed, and security mitigation measures are implemented. The high proportion of community deaths reported among confirmed cases, relatively low proportion of new cases who were known contacts under surveillance, existence of transmission chains linked to nosocomial infection, persistent delays in detection and isolation in Ebola Treatment Centres (ETCs), and challenges in the timely reporting and response to probable cases, are all factors increasing the likelihood of further chains of transmission in affected communities and increasing the risk of geographical spread both within the Democratic Republic of the Congo and to neighbouring countries. The high rates of population movement from outbreak affected areas to other areas of the Democratic Republic of the Congo and across porous borders to neighbouring countries during periods of heightened insecurity further compounds these risks. Additional risks are posed by the long duration of the current outbreak, fatigue amongst response staff, and ongoing strain on limited resources. Conversely, substantive operational readiness and preparedness activities in a number of neighbouring countries have likely increased capacity to rapidly detect cases and mitigate local spread. These efforts must continue to be scaled-up.

WHO advice

WHO advises against any restriction of travel to, and trade with, the Democratic Republic of the Congo based on the currently available information. There is currently no licensed vaccine to protect people from the Ebola virus. Therefore, any requirements for certificates of Ebola vaccination are not a reasonable basis for restricting movement across borders or the issuance of visas for travellers to/from the affected countries. WHO continues to closely monitor and, if necessary, verify travel and trade measures in relation to this event. Currently, no country has implemented travel measures that significantly interfere with international traffic to and from the Democratic Republic of the Congo. Travellers should seek medical advice before travel and should practice good hygiene.",Democratic Republic of the Congo,Ebola virus disease,27.68,62.0
16 july 2019,https://www.who.int/csr/don/16-july-2019-mers-saudi-arabia/en/,,CoV),Middle East respiratory syndrome coronavirus (MERS,,
18 july 2019,https://reliefweb.int/report/democratic-republic-congo/ebola-virus-disease-democratic-republic-congo-disease-outbreak-59,"On 17 July 2019, the Director-General convened the Emergency Committee under the International Health Regulations (IHR) to review the situation on the Ebola outbreak in the Democratic Republic of the Congo (DRC). It was the fourth time the Director-General convened the Committee for this event since the declaration of the outbreak in August 2018 (previous meetings were held in October 2018, April 2019, and June 2019). The Director-General accepted the Emergency CommitteeÂs recommendation that the outbreak constitutes a Public Health Emergency of International Concern (PHEIC). The decision was based on the recent developments in the outbreak, including the geographical expansion of the virus. The declaration of the PHEIC is not a reflection on the performance of the response team but rather a measure that recognizes the possible increased national and regional risks and the need for intensified and coordinated action to manage them. The Committee and WHO do not recommend any restrictions on travel or trade, which can hamper the fight against Ebola by affecting the movement of people and supplies. Further information, including temporary recommendations advised by the Emergency Committee, is available in the statement, speech by WHO Director General, and news release.

The outbreak of Ebola virus disease (EVD) in North Kivu and Ituri provinces continued this past week with similar transmission intensity to recent weeks. While the stability of the transmission intensity of the outbreak is an indication of the strong response efforts to limit local transmission in affected health zones, the spread of EVD into new geographical areas and continued insecurity in the affected regions continue to complicate the control of the outbreak.

A salient example of this is the confirmed case of EVD that was reported in Goma, a city of approximately two million inhabitants close to the Rwandan border, on 14 July 2019. The case was a man who travelled to the city from Beni by bus, visiting a local health centre on arrival where the alert was raised. He transferred the same day to the Ebola Treatment Centre (ETC) in Goma, and died while being transferred to the ETC in Butembo. The caseÂs full travel history is known, and all contacts are being identified and followed-up. Vaccination of his contacts, and contacts of contacts, in Goma commenced on 15 July 2019. The confirmation of a case of EVD in the city of Goma had been long anticipated. Preparation activities, including the vaccination of health workers, intensive training in infection prevention and control, and heightened surveillance have been ongoing for more than six months. Neighbouring Rwanda is also conducting preparedness activities. Rumours of his contacts travelling to Bukavu, South Kivu, have been investigated and ruled out by response teams.

In an unrelated event, two situation reports concerning Ebola Virus Disease in Uganda prepared and published by the Ugandan Ministry of Health, and posted on July 16 and July 17 on the WHO African Regional Office website, erroneously included unverified information. This information concerned the movements of a female fishmonger from Beni, who contracted EVD and travelled to a town in Uganda for one day, after which she returned to Beni, where she was admitted to the ETC. Ongoing investigations have suggested that the individual travelled to Uganda prior to onset of EVD. As it is not possible to conclusively rule out that she was infectious with EVD during her travels, both Ugandan and Democratic Republic of the Congo authorities are closely following potentially exposed contacts. There are currently no confirmed cases of EVD outside of the Democratic Republic of the Congo.

In the last week, two Democratic Republic of the Congo nationals involved in the response, a community leader and local volunteer, were killed in separate locations in Beni; the underlying motive and possible relationship between these two killings in separate locations remain unknown at this time. Security forces are currently conducting an investigation into these two fatalities.

In the 21 days from 26 June through 16 July 2019, 67 health areas within 20 health zones reported new cases, representing 10% of the 664 health areas within North Kivu and Ituri provinces (Figure 2). During this period, a total of 245 confirmed cases were reported, the majority of which were from the health zones of Beni (50%, n=123), Mabalako (15%, n=37), Katwa (7%, n=18), Mandima (4%, n=10) and Butembo (4%, n=9). As of 16 July 2019, a total of 2522 EVD cases, including 2428 confirmed and 94 probable cases, were reported (Table 1). Bunia, Kyondo and Musienene health zones all recently cleared 21 days since their last reported case. However, high risks remain for the virus to be reintroduced to these areas, requiring teams to remain fully resourced and vigilant.

A total of 1698 deaths were reported (overall case fatality ratio 67%), including 1604 deaths among confirmed cases. Of the 2522 confirmed and probable cases with known age and sex, 56% (1423) were female, and 29% (720) were children aged less than 18 years. Cases continue to increase among health workers, with the cumulative number infected rising to 135 (5% of total cases).

Public health response

For further detailed information about the public health response actions by the MoH, WHO, and partners, please refer to the latest situation reports published by the WHO Regional Office for Africa:

Ebola situation reports: Democratic Republic of the Congo

WHO risk assessment

WHO continuously monitors changes to the epidemiological situation and context of the outbreak to ensure that support to the response is adapted to the evolving circumstances. The last assessment concluded that the national and regional risk levels remain very high, while global risk levels remain low. Weekly increases in the number of new cases were observed from February through mid-May 2019, with lower but still substantial rates since then. The security situation is characterised by the resurgence of activities from non-state armed groups in areas within all the three major areas of operations (Butembo, Beni, and Mangina). Increased ADF activities also led to clashes with FARDC in the northeast part of Beni. Local security forces conducted clearing operations and response activities were facilitated thereafter. Pockets of community reticence were observed during the period. However, recent community dialogue, outreach initiatives, and restoration of access to certain hotspot areas have resulted in some improvements in community acceptance of response activities and case investigation efforts. In order to facilitate staff safety and security, and continuity of activities, the operational area continues to be closely monitored and assessed, and security mitigation measures are implemented. The high proportion of community deaths reported among confirmed cases, relatively low proportion of new cases who were known contacts under surveillance, existence of transmission chains linked to nosocomial infection, persistent delays in detection and isolation in Ebola Treatment Centres (ETCs), and challenges in the timely reporting and response to probable cases, are all factors increasing the likelihood of further chains of transmission in affected communities and increasing the risk of geographical spread both within the Democratic Republic of the Congo and to neighbouring countries. The high rates of population movement from outbreak affected areas to other areas of the Democratic Republic of the Congo and across porous borders to neighbouring countries during periods of heightened insecurity further compounds these risks. Additional risks are posed by the long duration of the current outbreak, fatigue amongst response staff, and ongoing strain on limited resources. Conversely, substantive operational readiness and preparedness activities in a number of neighbouring countries have likely increased capacity to rapidly detect cases and mitigate local spread. These efforts must continue to be scaled-up.

WHO advice

WHO advises against any restriction of travel to, and trade with, the Democratic Republic of the Congo based on the currently available information. There is currently no licensed vaccine to protect people from the Ebola virus. Therefore, any requirements for certificates of Ebola vaccination are not a reasonable basis for restricting movement across borders or the issuance of visas for travellers to/from the affected countries. WHO continues to closely monitor and, if necessary, verify travel and trade measures in relation to this event. Currently, no country has implemented travel measures that significantly interfere with international traffic to and from the Democratic Republic of the Congo. Travellers should seek medical advice before travel and should practice good hygiene.",Democratic Republic of the Congo,Ebola virus disease,27.68,62.0
24 july 2019,https://www.who.int/csr/don/24-july-2019-mers-saudi-arabia/en/,,CoV),Middle East respiratory syndrome coronavirus (MERS,,
25 july 2019,https://reliefweb.int/report/democratic-republic-congo/ebola-virus-disease-democratic-republic-congo-disease-outbreak-60,"The Ebola virus disease (EVD) outbreak in North Kivu and Ituri provinces in Democratic Republic of the Congo is ongoing amidst a complex crisis, and we continue to observe sustained local transmission and a high number of cases. Most notably, Beni Health Zone accounted for over half of all new cases reported in the last three weeks, as well as a number of cases and contacts that travelled to other health zones. This is the second wave of the outbreak in Beni Health Zone, and it is larger in case numbers and longer in duration than the first. New healthcare worker and nosocomial infections continue to be reported in Beni and other affected health zones, despite substantial infection prevention and control by multiple agencies during the last wave of the outbreak; a total of 141 (5% of total cases) have been reported to date.

The intensive follow-up of contacts of the confirmed case who arrived in Goma on 14 July (see the 18 July Disease Outbreak News) will continue until the end of the 21-day period. In response to this case, 19 health workers were deployed from other posts to Goma to provide support. Rumours of his contacts travelling to Bukavu, South Kivu, were investigated and ruled out by response teams. No new cases have been reported in Goma to date. There are currently no confirmed cases of EVD outside of the Democratic Republic of the Congo.

The first pillar of the fourth Strategic Response Plan (SRP4) for the control of the EVD outbreak in the Democratic Republic of the Congo was shared earlier this week by the Ministry of Health of the Democratic Republic of the Congo, with support from an international consortium of partners working on the response. The first pillar covers the core public health response to the outbreak. Other pillars of the plan are being finalized and will be progressively released.

In the 21 days from 3 July through 23 July 2019, 64 health areas within 18 health zones reported new cases, representing 10% of the 664 health areas within North Kivu and Ituri provinces (Figure 2). During this period, a total of 242 confirmed cases were reported, the majority of which were from the health zones of Beni (53%, n=129), Mandima (11%, n=26), Mabalako (10%, n=23), and Katwa (7%, n=17) (Table 1). As of 23 July 2019, a total of 2612 EVD cases were reported, including 2518 confirmed and 94 probable cases, of which 1756 cases died (overall case fatality ratio 67%). Of the total confirmed and probable cases, 56% (1470) were female, and 29% (744) were children aged less than 18 years. Bunia, Kyondo and Musienene health zones all recently cleared 21 days since their last reported case. However, high risks remain for the virus to be reintroduced to these areas, requiring teams to remain fully resourced and vigilant.

Public health response

For further detailed information about the public health response actions by the MoH, WHO, and partners, please refer to the latest situation reports published by the WHO Regional Office for Africa:

Ebola situation reports: Democratic Republic of the Congo

WHO risk assessment

WHO continuously monitors changes to the epidemiological situation and context of the outbreak to ensure that support to the response is adapted to the evolving circumstances. The last assessment concluded that the national and regional risk levels remain very high, while global risk levels remain low.

Substantial rates of transmission continue within outbreak affected areas of North Kivu and Ituri provinces, with demonstrated extension to new (high risk) areas and across borders in recent months, although without sustained local transmission in these areas. The high proportion of community deaths, relatively low proportion of new cases who were known contacts under surveillance, existence of transmission chains linked to nosocomial infection, persistent delays in detection and isolation, and challenges in accessing some communities due to insecurity and pockets of community reticence are all factors increasing the likelihood of further chains of transmission in affected communities. The security situation is characterised by the resurgence of activities from non-state armed groups within all major areas of operations. Increased ADF activities also led to continuous clashes with FARDC in the areas north-east of Beni in the Oicha and Erengeti areas. In order to facilitate staff safety and security, and continuity of activities, the operational area continues to be closely monitored and assessed, and security mitigation measures implemented. Additional risks are posed by the long duration of the current outbreak, fatigue amongst response staff, and ongoing strain on limited resources and funding.

The abovementioned risks, coupled with high rates of population movement from outbreak affected areas to other areas of the Democratic Republic of the Congo, and across porous borders to neighbouring countries, increase the risk of geographical spread Â both within the Democratic Republic of the Congo and to neighbouring countries. Conversely, substantive operational readiness and preparedness activities in a number of neighbouring countries have likely increased capacity to rapidly detect cases and mitigate local spread. These efforts must continue to be scaled-up.

WHO advice

On 17 July 2019, the Director-General convened the Emergency Committee under the International Health Regulations (IHR) to review the situation on the Ebola outbreak in the Democratic Republic of the Congo. The Director-General accepted the Emergency CommitteeÂs recommendation that the outbreak constitutes a Public Health Emergency of International Concern (PHEIC). Further information, including temporary recommendations advised by the Emergency Committee, is available in the statement, speech by WHO Director General, and news release.

WHO advises against any restriction of travel to, and trade with, the Democratic Republic of the Congo based on the currently available information. There is currently no licensed vaccine to protect people from the Ebola virus. Therefore, any requirements for certificates of Ebola vaccination are not a reasonable basis for restricting movement across borders or the issuance of visas for travellers to/from the affected countries. WHO continues to closely monitor and, if necessary, verify travel and trade measures in relation to this event. Currently, no country has implemented travel measures that significantly interfere with international traffic to and from the Democratic Republic of the Congo. Travellers should seek medical advice before travel and should practice good hygiene. Further information is available in the WHO recommendations for international traffic related to the Ebola Virus Disease outbreak in the Democratic Republic of the Congo.",Democratic Republic of the Congo,Ebola virus disease,27.68,62.0
31 july 2019,https://reliefweb.int/report/nigeria/circulating-vaccine-derived-poliovirus-type-2-africa-region-disease-outbreak-news,"The summaries below provide a situational update on circulating vaccine-derived poliovirus type 2 (cVDPV2) outbreaks in the WHO African and Eastern Mediterranean regions. No wild poliovirus has been detected on the African continent since September 2016.

A - Nigeria and Lake Chad Basin (LCB) sub-region

In the Lake Chad Basin (LCB) sub-region, multiple cVDPV2 outbreaks continue to spread. All the countries that comprise the sub-region (Niger, Cameroon, and Nigeria) have reported outbreaks in either human or environmental samples.

In Nigeria, 17 states have been affected including: Adamawa, Bauchi, Borno, Gombe, Jigawa, Kaduna, Kano, Katsina, Kwara, Lagos, Niger, Ogun, Osun, Sokoto, Taraba, Yobe and Zamfara states. The viruses isolated from most of the states are genetically linked to the outbreak in Jigawa that was reported on 13 October 2018, though separate cVDPV2 were detected in Borno and Sokoto states. As of 22 July 2019, 50 samples from the environment have tested positive for cVDPV2 while the virus has been isolated from the stool samples of 23 children who presented with acute flaccid paralysis (AFP) or in healthy community contacts. The last case of wild polio virus (WPV) was reported in Borno state in August 2016.

In Niger, an outbreak of cVDPV2 was reported on 21 September 2018 in the health districts of Magaria and Tanout in the Zinder region. The viruses were isolated from stool samples from ten AFP cases with an additional 11 positive samples also reported in contacts. Consequently, the outbreak was declared as a public health emergency of national and international threat by the Minister of Public Health on 5 October 2018. As of 22 July 2019, a total of 22 cVDPV2 have been reported in the country since the outbreak began in July 2018 from Magaria, Tanout, Dungass, and Bosso. Genetic sequencing of the viruses indicated that they were linked to the outbreak in Borno state, Nigeria.

On 16 May 2019, the Centre Pasteur of Cameroon isolated a cVDPV2 from an environmental sample collected from the Mada District Hospital site on 20 April 2019 in the Far North region of the country. Genetic sequencing of the isolates also confirmed that it was linked to the ongoing outbreak in Borno state, Nigeria. There are no associated cases of AFP reported.

As an extension of the outbreaks in the LCB, a cVDPV2 was isolated from an environmental sample collected from the Koblimagu site in Tamale Metropolis in Ghana on 11 July 2019. There were no associated AFP cases reported. Genetic sequencing of the virus indicated that it was linked to the outbreaks in Kwara state of Nigeria.

B - Democratic Republic of Congo and central Africa

Democratic Republic of the Congo

From January 2018 to 5 July 2019, a total of 31 cases of cVDPV2 have been reported from seven provinces across the Democratic Republic of the Congo, namely; Mongala (11), Haut Katanga (4), Kasai (4), Haut-Lomami (5), Sankuru (4), Tanganyika (2), and Ituri (1). The latest case was reported from the Kamonia health zone in Kasai who experienced the onset of symptoms on 28 May 2019. The 26 cases reported since 2018 have been associated to seven genetically-distinct cVDPV2 strains affecting the seven provinces, with Kasai and Haut-Lomami being affected by two distinct cVDPV2 strains each. In Kasai province, two new genetically-linked viruses, with six nucleotide changes from Sabin 2 for both, were isolated from two separate AFP cases with onset of paralysis on 8 and 21 April 2019. Kasai had already been participating in mOPV2 outbreak campaigns, as it had already been affected by a separate cVDPV2 outbreak.

In Malemba Nkulu health zone, Haut-Lomami province, genetically-linked cVDPV2 was isolated from two AFP cases, with onset of paralysis on 10 February 2019 and 3 June 2019. These linked viruses have 8 and 11 nucleotide changes from the Sabin 2 and represent a new emergence of cVDPV2. Haut-Lomami province had already been affected by a separate cVDPV2 strain and has participated in mOPV2 outbreak response campaigns; the last mOPV2 round was implemented in January. In 2019, Sankuru province was affected by the cVDPV2 outbreak for the first time. Genetically-linked cVDPV2 were isolated from two separate AFP cases, with onset of paralysis on 21 April and 6 May 2019. These linked viruses have 6 and 8 nucleotide changes from Sabin 2, which is their closest match, and are not related to other cVDPV2s circulating in the country, indicating they are a new emergence. Sankuru province is located in the centre of the country and has previously not participated in monovalent OPV type 2 (mOPV2) outbreak response campaigns. However, in neighbouring Kasai province, mOPV2 response continues to be implemented.

Angola

In Angola, two genetically-distinct outbreaks of cVDPV2 have been detected in Luanda Norte and Huila provinces in 2019.

The first case of cVDPV2, with ten nucleotides changes from Sabin 2, was isolated from an AFP case with onset of paralysis on 22 March 2018. The case was reported during the week 23 (week ending 9 June 2019) from Lunda Norte province, bordering the Democratic Republic of the Congo.

Given cross-border population movements, suboptimal subnational immunity, and surveillance gaps, Lunda Norte province is considered at high-risk for further transmission of the isolated cVDPV2. It is critical that an emergency, preventive outbreak response be fully implemented in the province. Separately, a second and genetically-distinct cVDPV2 was isolated from an AFP case first detected in Huila province, who subsequently travelled thereafter to Huambo province to seek care. The same virus was also isolated from a healthy community contact.

Central African Republic

In Central African Republic (CAR), several genetically-distinct VDPV2s have emerged and a cVDPV2 has been confirmed. VDPV2 was isolated from an AFP case with onset of paralysis on 4 May 2019, from Bambari district, Region sanitaire 4 (RS4), as well as from a healthy community contact. The isolated virus has 10 nucleotide changes from Sabin 2, and is not known to VDPV2s circulating elsewhere in the region, suggesting it is a new emergence.

Additionally, poliovirus type 2 has been isolated from a further five healthy close contacts of the case, and final sequencing of these viruses are pending. Separately, a VDPV2 was isolated from a further AFP case from RS7 province, with onset of paralysis on 6 May, with 6 nucleotide changes from Sabin 2 and unrelated to the VDPV2 confirmed in RS4. IPV coverage in the CAR was 47% for the country in 2018.

C - Horn of Africa

A cVDPV2 outbreak in the Horn of Africa has been detected in Somali province, Ethiopia. The virus was isolated from an AFP case with onset of paralysis on 20 May 2019. Genetic sequencing confirms that the isolated virus is linked to an ongoing cVDPV2 outbreak detected in the Horn of Africa in 2018, with cases reported in Somalia as well as from an environmental sample in Kenya.

Currently Somalia has reported three cVDPV2 cases in 2019.

Since detection of the cVDPVs in the Horn of Africa in 2018, Ethiopia had declared this outbreak Â together with the Ministries of Health of Kenya and Somalia Â to be a regional public health emergency and has been participating in regional outbreak response.

Given cross-border population movements across the Horn of Africa specifically between Somalia, Kenya, and Ethiopia, as well as suboptimal subnational immunity and surveillance gaps, the Horn of Africa is considered at high-risk of further transmission of this cVDPV2.

Public Health Response

A - Nigeria and Lake Chad Basin (LCB) sub-region

Coordination has been improved in all the countries with the activation of emergency operations centres (EOC) activated to monitor the different activities to interrupt the spread of the outbreak.
Several synchronized mOPV2 immunization campaigns have been scheduled in the LCB countries over the next three months targeting children less than five years of age in affected districts.
Active surveillance for acute flaccid paralysis (AFP) has been intensified in the different countries by capacity building of focal points at health facilities to promptly identify and report cases in addition to retrospective case searched in affected communities

B - Democratic Republic of Congo and central Africa

The Ministry of Health of the Democratic Republic of the Congo and local health authorities are undertaking a detailed investigation and the partners of the Global Polio Eradication Initiative (GPEI) are providing support as required.
WHO and partners in the Global Polio Eradication Initiative (GPEI) continue to support the government of the Democratic Republic of the Congo to implement polio vaccination activities across the country as part of routine immunization and in response to outbreaks of circulating vaccine-derived polio virus, as well as thorough investigation of cases and strengthening of surveillance activities. Enhanced surveillance for polio, including active search for AFP cases, as well as environmental surveillance, is being conducted to identify potential cases of wild and vaccine-derived polio viruses. Enhanced sensitization activities are being conducted in communities, including visiting priority sites such as prayer houses and traditional practitioners. Briefing and sensitization of clinicians, vaccinators, and community representatives on surveillance, case definition and active search for AFP cases are ongoing. Field investigation of all cases detected is being routinely implemented, followed by planning of appropriate response activities, as needed.
Two preventive emergency outbreak response campaigns with mOPV2 are planned in Lunda Norte province, to be synchronized with campaigns in neighbouring areas of DR Congo, to interrupt any potential cross-border circulation.
The Ministry of Health of Central African Republic and local health authorities are undertaking a detailed investigation and the partners of the GPEI are providing support as required. A full epidemiological and virological field investigation is ongoing, including to ascertain the source and origin of the isolated viruses; active surveillance is being strengthened; subnational population immunity levels are being analysed; and, outbreak response is being planned.

C - Horn of Africa

The Ministries of Health and local health authorities in Ethiopia and Somalia are undertaking a detailed investigation and the partners of the GPEI are providing support as required. A full epidemiological and virological field investigation is ongoing; active surveillance is being strengthened; subnational population immunity levels are being analysed; and, outbreak response is being planned.

WHO risk assessment

WHO assesses the risk of international spread and/or emergence of cVDPV2 across Africa to be high due to suboptimal immunity of population, ongoing population movement, and increasing mucosal immunity gaps to type 2 poliovirus.

The detection of cVDPV2s underscores the importance of maintaining high routine vaccination coverage everywhere to minimize the risk and consequences of any poliovirus circulation. These events also underscore the risk posed by any low-level transmission of the virus. A robust outbreak response is needed to rapidly stop circulation and ensure sufficient vaccination coverage in the affected areas to prevent similar outbreaks in the future. WHO will continue to evaluate the epidemiological situation and outbreak response measures being implemented.

WHO advice

It is important that all countries, in particular those with frequent travel and contacts with polio-affected countries and areas, strengthen surveillance for AFP cases in order to rapidly detect any new virus importation and to facilitate a rapid response. Countries, territories and areas should also maintain uniformly high routine immunization coverage at the district level to minimize the consequences of any new virus introduction.

WHOÂs International Travel and Health recommends that all travellers to polio-affected areas be fully vaccinated against polio. Residents (and visitors for more than 4 weeks) from infected areas should receive an additional dose of OPV or inactivated polio vaccine (IPV) within 4 weeks to 12 months of travel.

As per the advice of an Emergency Committee convened under the International Health Regulations (2005), efforts to limit the international spread of poliovirus remains a Public Health Emergency of International Concern (PHEIC). Countries affected by poliovirus transmission are subject to Temporary Recommendations. To comply with the Temporary Recommendations issued under the PHEIC, any country infected by poliovirus should declare the outbreak as a national public health emergency and consider vaccination of all international travellers.",derived poliovirus type 2,Circulating vaccine,,
1 august 2019,https://reliefweb.int/report/democratic-republic-congo/ebola-virus-disease-democratic-republic-congo-disease-outbreak-61,"The Ebola virus disease (EVD) outbreak in North Kivu and Ituri provinces in the Democratic Republic of the Congo continued this week with similar transmission intensity to recent weeks, with an average of 85 cases per week (range 79 to 91 cases per week) in the past six weeks (Figure 1). There are currently no confirmed cases of EVD outside of the Democratic Republic of the Congo.

On 30 July, a confirmed EVD case was reported in Nyiragongo Health Zone on the outskirts of Goma city. The case worked as a miner in Ituri Province and travelled down through several outbreak hotspots, where he likely acquired the disease. Currently, there is no indication that the case had links to the to the first case identified in Goma on 14 July (see the 18 July Disease Outbreak News). Given that he was ill and in the community for several days before presenting to a health facility, secondary transmission to close contacts was anticipated. Two family members, a child and spouse, have subsequently tested positive and are receiving care in the Goma Ebola Treatment Centre (ETC). Other suspected cases among contacts are awaiting test results. Bolstered by months of preparedness, a sizable response, including exhaustive contact tracing and ring vaccination, was rapidly implemented upon detection of these cases with the aim of preventing tertiary spread or sustained local transmission in Goma city. Nonetheless, teams remain ready to rapidly respond to new cases. As of 1 August 2019, there are four confirmed case of EVD in Goma.

In the 21 days from 11 July through 31 July 2019, 71 health areas within 18 health zones reported new cases, representing 11% of the 664 health areas within North Kivu and Ituri provinces (Table 1, Figure 2). During this period, a total of 260 confirmed cases were reported, with the majority coming from the health zones of Beni (52%, n=135) and Mandima (16%, n=41). Most (68%, n=28) of the cases reported in Mandima Health Zone came from SomÃ© Health Area, which has in turn seeded cases to the nearby city of Mambasa in recent weeks. The response in SomÃ© Health Area was challenging for several weeks, due to tension between local communities and Ebola response teams. However, the situation has improved, following dialogues with community leaders to understand the communityÂs perspective and to define common ground for collaboration. Biena Health Zone recently cleared 21 days since their last reported case. However, hotspots continue to be the source of cases in other areas through the movement of suspected and confirmed cases and their contacts, and high risks remain for the virus to be reintroduced to these areas, requiring teams to remain fully resourced and vigilant.

As of 31 July 2019, a total of 2713 EVD cases were reported, including 2619 confirmed and 94 probable cases, of which 1823 cases died (overall case fatality ratio 67%). Of the total confirmed and probable cases, 56% (1527) were female, and 29% (773) were children aged less than 18 years. Cases continue to increase among health workers, with the cumulative number infected rising to 149 (5% of all confirmed and probable cases). 1 August 2019 marked one year since the Government of the Democratic Republic of the Congo declared the Ebola outbreak. UN partners reaffirmed our collective commitment to the people of the Democratic Republic of the Congo, and called for solidarity to end the outbreak.

Public health response

For further detailed information about the public health response actions by the MoH, WHO, and partners, please refer to the latest situation reports published by the WHO Regional Office for Africa:

Ebola situation reports: Democratic Republic of the Congo

WHO risk assessment

WHO continuously monitors changes to the epidemiological situation and context of the outbreak to ensure that support to the response is adapted to the evolving circumstances. The last assessment concluded that the national and regional risk levels remain very high, while global risk levels remain low.

Substantial rates of transmission continue within outbreak affected areas of North Kivu and Ituri provinces, with demonstrated extension to new (high risk) areas and across borders in recent months, although without sustained local transmission in these areas. The high proportion of community deaths, relatively low proportion of new cases who were known contacts under surveillance, existence of transmission chains linked to nosocomial infection, persistent delays in detection and isolation, and challenges in accessing some communities due to insecurity and pockets of community reticence are all factors increasing the likelihood of further chains of transmission in affected communities. While the overall security situation in the last 21 days was generally calm and bore no significant impact on the response operations, it remained unstable and concerning, with repeated sightings and activities of non-state armed groups within the area of operations. Threats on response personnel and assets continued to be recorded, indicating a possible level of prevailing community reticence by some sectors, groups, or individuals. The continuity of response activities is facilitated by the close monitoring of the operational environment and the corresponding implementation of appropriate security measures. Additional risks are posed by the long duration of the current outbreak, fatigue amongst response staff, and ongoing strain on limited resources and funding.

The abovementioned risks, coupled with high rates of population movement from outbreak affected areas to other areas of the Democratic Republic of the Congo, and across porous borders to neighbouring countries, increase the risk of geographical spread Â both within the Democratic Republic of the Congo and to neighbouring countries. Conversely, substantive operational readiness and preparedness activities in a number of neighbouring countries have likely increased capacity to rapidly detect cases and mitigate local spread. These efforts must continue to be scaled-up.

WHO advice

On 17 July 2019, the Director-General convened the Emergency Committee under the International Health Regulations (IHR) to review the situation on the Ebola outbreak in the Democratic Republic of the Congo. The Director-General accepted the Emergency CommitteeÂs recommendation that the outbreak constitutes a Public Health Emergency of International Concern (PHEIC). Further information, including temporary recommendations advised by the Emergency Committee, is available in the statement, speech by WHO Director General, and news release.

WHO advises against any restriction of travel to, and trade with, the Democratic Republic of the Congo based on the currently available information. There is currently no licensed vaccine to protect people from the Ebola virus. Therefore, any requirements for certificates of Ebola vaccination are not a reasonable basis for restricting movement across borders or the issuance of visas for travellers to/from the affected countries. WHO continues to closely monitor and, if necessary, verify travel and trade measures in relation to this event. Currently, no country has implemented travel measures that significantly interfere with international traffic to and from the Democratic Republic of the Congo. Travellers should seek medical advice before travel and should practice good hygiene. Further information is available in the WHO recommendations for international traffic related to the Ebola Virus Disease outbreak in the Democratic Republic of the Congo.",Democratic Republic of the Congo,Ebola virus disease,27.68,62.0
8 august 2019,https://reliefweb.int/report/democratic-republic-congo/ebola-virus-disease-democratic-republic-congo-disease-outbreak-62,"The Ebola virus disease (EVD) outbreak in North Kivu and Ituri provinces in the Democratic Republic of the Congo continued this week with similar transmission intensity to recent weeks with an average of 86 cases per week (range 80 to 91 cases per week) in the past six weeks (Figure 1). There are currently no confirmed cases of EVD outside of the Democratic Republic of the Congo.

In the 21 days from 17 July through 6 August 2019, 65 health areas within 16 health zones reported new cases (Table 1, Figure 2). During this period, a total of 257 confirmed cases were reported, with the majority coming from the health zones of Beni (46%, n=119) and Mandima (23%, n=58). The majority of recent cases in Mandima Health Zone were reported from the northern health areas of SomÃ© (n=39) and Mayuano (n=8). Of the eight cases reported in Mambasa Health Zone in the past 21 days, the majority have epidemiological links to SomÃ© Health Area, with limited local transmission in Mambasa thus far.

No new confirmed cases have been reported in Goma city since our last report, with a total of four confirmed cases reported from Goma (n=1) and Nyiragongo (n=3) health zones to date. Of the four cases, two have died and two are in an Ebola Treatment Centre(ETC). On 3 August, all 256 contacts related to the first confirmed case in Goma Health Zone (reported 14 July), finished their 21-day follow up period. A total of 232 contacts (including 114 high risk contacts) of the Nyiragongo cases remain under surveillance. Ongoing vaccination activities have reached the majority (98%) of eligible contacts, and 1314 contacts, contacts of contacts and frontline workers vaccinated to date.

New infections continue to be reported among personnel working in community health posts and other facilities. In the last 21 days, 14 new cases were reported among health workers from Mandima (n=5), Beni (n=4), and one each in Katwa, Mambasa, Masereka, Oicha, and Vuhovi. Cumulatively, 149 (5%) healthcare workers have been infected to date.

As of 6 August, a total of 2781 EVD cases were reported, including 2687 confirmed and 94 probable cases, of which 1866 cases died (overall case fatality ratio 67%). Of the total confirmed and probable cases, 56% (1572) were female, and 28% (791) were children aged less than 18 years.

Public health response

For further information about public health response actions by the Ministry of Health, WHO, and partners, please refer to the latest situation reports published by the WHO Regional Office for Africa:

Ebola situation reports: Democratic Republic of the Congo
WHO risk assessment

WHO continuously monitors changes to the epidemiological situation and context of the outbreak to ensure that support to the response is adapted to the evolving circumstances. The last assessment, carried out on 5 August 2019, concluded that the national and regional risk levels remain very high, while global risk levels remain low.

Substantial rates of transmission continue within outbreak affected areas of North Kivu and Ituri provinces, with demonstrated extension to new high risk areas and across borders in recent months, although without sustained local transmission in these areas. The high proportion of community deaths, relatively low proportion of new cases who were known contacts under surveillance, existence of transmission chains linked to nosocomial infection, persistent delays in detection and isolation of cases, and challenges in accessing some communities due to insecurity and pockets of community reticence are all factors increasing the likelihood of further chains of transmission in affected communities. The report of confirmed cases and local transmission in Goma, capital of North Kivu with a population of over two million inhabitants, highlights the potential of spread within the Democratic Republic of the Congo and to neighbouring countries. Bolstered by months of preparedness, a sizable response, including exhaustive contact tracing and ring vaccination, was rapidly implemented upon detection of these cases with the aim of preventing tertiary spread or sustained local transmission in Goma city.

The security situation over the past week increased in volatility, with the continued presence of non-state armed groups observed throughout operational areas. In Beni Health Zone, a number of recent attacks by suspected ADF elements that resulted in numerous civilian casualties led to a demonstration on 7 August 2019 in Beni/Mavivi to protest against the continued insecurity in the area. This was followed by larger demonstrations on 8 August in Beni due to an attack by ADF in Mbau on the Beni/Oicha axis that led to six civilian deaths, including a prominent civil society leader. EVD operations in the area have been temporarily suspended until the situation calms. The continuity of response activities is facilitated by the close monitoring of the operational environment and the corresponding implementation of appropriate security measures.

The factors mentioned above, coupled with high rates of population movement from outbreak-affected areas to other parts of the Democratic Republic of the Congo, and across porous borders to neighbouring countries, increase the risk of geographical spread Â both within the Democratic Republic of the Congo and to neighbouring countries. Conversely, substantive operational readiness and preparedness activities in a number of neighbouring countries have increased capacity to rapidly detect cases and mitigate local spread. These efforts must continue to be scaled-up and sustained.

WHO advice

On 17 July 2019, the Director-General convened the Emergency Committee under the International Health Regulations (IHR) to review the situation on the Ebola outbreak in the Democratic Republic of the Congo. The Director-General accepted the Emergency CommitteeÂs recommendation that the outbreak constitutes a Public Health Emergency of International Concern (PHEIC). Further information, including temporary recommendations advised by the Emergency Committee, is available in the statement, speech by WHO Director General, and news release.

WHO advises against any restriction of travel to, and trade with, the Democratic Republic of the Congo based on the currently available information. There is currently no licensed vaccine to protect people from the Ebola virus. Therefore, any requirements for certificates of Ebola vaccination are not a reasonable basis for restricting movement across borders or the issuance of visas for travellers to/from the affected countries. WHO continues to closely monitor and, if necessary, verify travel and trade measures in relation to this event. Currently, no country has implemented travel measures that significantly interfere with international traffic to and from the Democratic Republic of the Congo. Travellers should seek medical advice before travel and should practice good hygiene. Further information is available in the WHO recommendations for international traffic related to the Ebola Virus Disease outbreak in the Democratic Republic of the Congo.",Democratic Republic of the Congo,Ebola virus disease,27.68,62.0
15 august 2019,https://reliefweb.int/report/democratic-republic-congo/ebola-virus-disease-democratic-republic-congo-disease-outbreak-63,"The Ebola virus disease (EVD) outbreak in North Kivu and Ituri provinces in the Democratic Republic of the Congo continued this week with similar transmission intensity to recent weeks, with an average of 81 cases per week (range 68 to 91 cases per week) in the past six weeks (Figure 1). There are currently no confirmed cases of EVD outside of the Democratic Republic of the Congo.

This week, initial data from a randomized clinical trial (RCT) of EVD therapeutics were announced. The data showed that two of the four treatments trialled were more effective in treating EVD. As a result, patients in the four Ebola treatment centres that participated in the RCT will now be randomized to receive the two better performing treatments. Patients in treatment centres not participating in the RCT will continue to be able to access those treatments under a compassionate use protocol. This change will help ensure that every treatment centre patient receives the best possible treatment with the greatest chance of survival, based on the most recent evidence.

The data indicates that when people are willing and able to access care soon after the onset of symptoms, they have an increased chance of survival. Providing each patient with optimal supportive care, closely monitoring their progress, and addressing any other health issues has saved lives and will continue to be a top priority. More information is available in the following update and press release.

No new confirmed cases have been reported in Goma city since our last report, with a total of four confirmed cases reported from Goma (n=1) and Nyiragongo (n=3) health zones to date. Two cases, who were infected via direct contact with the case reported on 30 July, received treatment at an Ebola Treatment Centre in Goma city and were discharged on 13 August. A total of 203 contacts of the Nyiragongo cases remain under surveillance.

In the 21 days from 24 July through 13 August 2019, 66 health areas within 17 health zones reported new cases (Table 1, Figure 2). During this period, a total of 228 confirmed cases were reported, with the majority coming from the health zones of Beni (42%, n=96) and Mandima (20%, n=46). A case was confirmed in Lolwa Health Zone, which is the first confirmed case in that health zone to date, bringing the total number of affected health zones over the course of the outbreak to 27. The case travelled from Mandima to Lolwa, where they became symptomatic. Currently, there is no evidence of local transmission of EVD in this health zone. Close identification and follow up of contacts is ongoing to minimize the chance of local transmission.

New infections continue to be reported among personnel working in community health posts and other facilities. In the last 21 days, 11 new cases were reported among health workers from Beni (n=3), Mandima (n=2), and one each in Katwa, Mabalako, Mambasa, Masereka, Mutwanga, and Vuhovi. Cumulatively, 151 (5%) health workers have been infected to date.

As of 13 August, a total of 2842 EVD cases were reported, including 2748 confirmed and 94 probable cases, of which 1905 cases died (overall case fatality ratio 67%). Of the total confirmed and probable cases, 57% (1608) were female, and 29% (815) were children aged less than 18 years.

Pillar 1 of the fourth Strategic Response Plan (SRP4) for the control of the EVD outbreak in the Democratic Republic of the Congo is now available on the WHO website. Other pillars of the plan and their funding needs are being finalized by response partners and will be progressively released.

Pillar 1 covers the core public health response to the outbreak; the funding requirement for all partners to sustain the health response as outlined in this plan is 287 million US dollars, including 120-140 million US dollars for WHO. So far, 15.3 million US dollars have been received, with further funds pledged but not yet received. Despite recent announcements of new contributions, WHOÂs operations are impacted by a lack of cash flow. The funding shortfall is immediate and critical. A summary of funding received by WHO since the start of this outbreak can be found here.

Public health response

For further information about public health response actions by the Ministry of Health, WHO, and partners, please refer to the latest situation reports published by the WHO Regional Office for Africa:

Ebola situation reports: Democratic Republic of the Congo

WHO risk assessment

WHO continuously monitors changes to the epidemiological situation and context of the outbreak to ensure that support to the response is adapted to the evolving circumstances. The last assessment, carried out on 5 August 2019, concluded that the national and regional risk levels remain very high, while global risk levels remain low.

Substantial rates of transmission continue within outbreak affected areas of North Kivu and Ituri provinces, with demonstrated extension to new high risk areas and across borders in recent months, although without sustained local transmission in these areas. The high proportion of community deaths, relatively low proportion of new cases who were known contacts under surveillance, existence of transmission chains linked to nosocomial infection, persistent delays in detection and isolation of cases, and challenges in accessing some communities due to insecurity and pockets of community reticence are all factors increasing the likelihood of further chains of transmission in affected communities.

The factors mentioned above, coupled with high rates of population movement from outbreak-affected areas to other parts of the Democratic Republic of the Congo, and across porous borders to neighbouring countries, increase the risk of geographical spread Â both within the Democratic Republic of the Congo and to neighbouring countries. Conversely, substantive operational readiness and preparedness activities in a number of neighbouring countries have increased capacity to rapidly detect cases and mitigate local spread. These efforts must continue to be scaled-up and sustained.

WHO advice

WHO advises against any restriction of travel to, and trade with, the Democratic Republic of the Congo based on the currently available information. There is currently no licensed vaccine to protect people from the Ebola virus. Therefore, any requirements for certificates of Ebola vaccination are not a reasonable basis for restricting movement across borders or the issuance of visas for travellers to/from the affected countries. WHO continues to closely monitor and, if necessary, verify travel and trade measures in relation to this event. Currently, no country has implemented travel measures that significantly interfere with international traffic to and from the Democratic Republic of the Congo. Travellers should seek medical advice before travel and should practice good hygiene. Further information is available in the WHO recommendations for international traffic related to the Ebola Virus Disease outbreak in the Democratic Republic of the Congo.",Democratic Republic of the Congo,Ebola virus disease,27.68,62.0
22 august 2019,https://reliefweb.int/report/democratic-republic-congo/ebola-virus-disease-democratic-republic-congo-disease-outbreak-64,"The Ebola virus disease (EVD) outbreak in North Kivu and Ituri provinces in the Democratic Republic of the Congo continued this week with similar transmission intensity (Figure 1). While the last few weeks of the outbreak have been characterized by the geographic expansion of cases to new health zones, we continue to see high case numbers, sustained local transmission, and inter-health zone movement of cases both into and out of the hotspot areas of Beni, Mandima, and Butembo. In the past 21 days from 31 July through 20 August 2019, 69 health areas within 19 health zones reported new cases (Table 1, Figure 2). During this period, a total of 216 confirmed cases were reported, with the majority coming from the health zones of Beni (31%, n=66), Mandima (18%, n=38), and Butembo (8%, n=18). High risks of transmission are also associated with an emerging cluster in the city of Mambasa, which has reported 14 cases in the past 21 days. The response continues to address these hotspots through early case detection and thorough investigation, strong contact identification and follow up, and engagement with the local communities.

Two new health zones reported cases in the past week: Mwenga Health Zone in South Kivu and Pinga Health Zone in North Kivu. In Mwenga, four confirmed cases were reported after two individuals (mother and child) had contact with a confirmed case in Beni before travelling south. The father of the child was subsequently confirmed positive as was a co-patient in a community health facility where the first case initially sought care.

In Pinga, one confirmed case has been reported with no apparent epidemiological links to other cases and no recent travel or visitors from outbreak affected areas. Pinga presents an added challenge to response teams in terms of remoteness, limited telecommunications, security risks, and resistance within the affected family and community.

As of 20 August, a total of 2927 EVD cases were reported, including 2822 confirmed and 105 probable cases, of which 1961 cases died (overall case fatality ratio 67%). Of the total confirmed and probable cases, 58% (1697) were female, and 28% (830) were children aged less than 18 years. To date, 154 health workers have been infected.

Eleven additional probable cases were validated last week, among these were cases who died in the community in Katwa, Kyondo, Vuhovi, and Mabalako health zones during March through June 2019 with epidemiological links to the outbreak; these cases could not be sampled for laboratory testing to confirm/exclude EVD.

On 19 August 2019, a Âville morteÂ protest took place in Beni, Butembo, and Oicha in response to recent attacks by armed groups on civilians. This resulted in a temporary suspension of Ebola response activities. Operations resumed on 20 August 2019 with increased caution, and further demonstrations are anticipated. The suspension of Ebola response activities often results in an increase of case numbers and spread of cases to new areas in the subsequent weeks.

Public health response

For further information about public health response actions by the Ministry of Health, WHO, and partners, please refer to the latest situation reports published by the WHO Regional Office for Africa:

Ebola situation reports: Democratic Republic of the Congo

WHO risk assessment

WHO continuously monitors changes to the epidemiological situation and context of the outbreak to ensure that support to the response is adapted to the evolving circumstances. The last assessment, carried out on 5 August 2019, concluded that the national and regional risk levels remain very high, while global risk levels remain low.

The response to the EVD outbreak in Democratic Republic of the Congo remains challenged by continued insecurity, unrest, pockets of community resistance and funding shortfalls. Although there is a slight declining trend in the overall number of new confirmed cases reported this week, the disease continues to spread to new health zones. This was again demonstrated in a case who travelled 700 km from the original place of exposure in Beni in North Kivu to Mwenga in South Kivu. The high proportion of community deaths, relatively low proportion of new cases who were known contacts under surveillance, existence of transmission chains linked to possible nosocomial infection, persistent delays in detection and isolation of cases, and challenges in accessing some communities due to insecurity and pockets of community reticence are all factors increasing the likelihood of further chains of transmission in affected communities.

While response strategies keep evolving to adapt to the local context, capacities for operational readiness and preparedness should continue to be enhanced and sustained in non-outbreak affected areas including neighbouring countries. WHO is calling for a more coordinated approach in which NGOs and UN partners collectively accelerate all activities, with all partners being accountable for their role in the response within the common goal of ending the outbreak.

The factors mentioned above, coupled with high rates of population movement from outbreak-affected areas to other parts of the Democratic Republic of the Congo, and across porous borders to neighbouring countries, increase the risk of geographical spread Â both within the Democratic Republic of the Congo and to neighbouring countries. Conversely, substantive operational readiness and preparedness activities in a number of neighbouring countries have increased capacity to rapidly detect cases and mitigate local spread. These efforts must continue to be scaled-up and sustained.

WHO advice

WHO advises against any restriction of travel to, and trade with, the Democratic Republic of the Congo based on the currently available information. There is currently no licensed vaccine to protect people from the Ebola virus. Therefore, any requirements for certificates of Ebola vaccination are not a reasonable basis for restricting movement across borders or the issuance of visas for travellers to/from the affected countries. WHO continues to closely monitor and, if necessary, verify travel and trade measures in relation to this event. Currently, no country has implemented travel measures that significantly interfere with international traffic to and from the Democratic Republic of the Congo. Travellers should seek medical advice before travel and should practice good hygiene. Further information is available in the WHO recommendations for international traffic related to the Ebola Virus Disease outbreak in the Democratic Republic of the Congo.",Democratic Republic of the Congo,Ebola virus disease,27.68,62.0
22 august 2019,https://reliefweb.int/report/myanmar/circulating-vaccine-derived-poliovirus-type-1-myanmar-disease-outbreak-news-update-22,"On 23 June 2019, a vaccine-derived poliovirus type 1 (VDPV1) was isolated from a two -year- old child with acute flaccid paralysis (AFP), with onset of paralysis on 22 May 2019 from Kayin state, Myanmar. Subsequently, on 11 July 2019, a genetically linked VDPV1 was isolated from the same state from a 5-year 6-month-old child with AFP, with date of onset of paralysis on 14 June, and it was classified as circulating VDPV1 (cVDPV1) on 12 July 2019. On 25 July 2019, cVDPV1 was isolated from a third AFP case from the same state, with date of onset of paralysis on 23 May 2019. Subsequently, on 19 August 2019, a fourth case of VDPV1 has been confirmed in a six-year-old child, with onset of paralysis on 23 July 2019. The child has no history of vaccination with OPV. In addition, the virus has also been isolated from seven healthy community contacts. These linked viruses have 25 to 31 nucleotide changes from Sabin 1. All cases and contacts are from Hpapun township of Kayin state, Myanmar.

MyanmarÂs routine immunization coverage is estimated at 91% for three doses of bivalent oral polio vaccine (bOPV) in 2018. Neighbouring countries including Thailand and other countries in South East Asia have been informed of the confirmed cVDPV1, and subnational surveillance is being strengthened across the region. In 2018, Myanmar and Kayin state met certification standards for AFP surveillance with non-polio AFP rate of 3.45, and stool adequacy rate of 100% for Kayin state.

In Myanmar, the last cVDPV1 outbreak was reported in 2007 with 4 cases. Also, in 2015, cVDPV2 outbreak was reported in Rakhine state with 2 confirmed cases.

Public Health Response

The Ministry of Health (MOH) and local health authorities are undertaking strong measures to stop the transmission of cVDPV1 and the partners of the Global Polio Eradication Initiative (GPEI) are providing support as required;
A full epidemiological and virological field investigation has been conducted, including a thorough risk assessment;
Active surveillance is being strengthened and subnational population immunity levels have been analyzed;
Three vaccination campaigns with bOPV have been conducted in 12 townships targeting about 300,000 children under the age of five years;
Two large scale bOPV vaccination campaigns are being planned for August and October 2019 to cover 98 high risk townships across the country, targeting 1.2 million children under the age of five years;
Other regions/states have been alerted to improve immunization and AFP surveillance.
WHO risk assessment:

The detection of cVDPVs underscores the importance of maintaining high routine vaccination coverage everywhere to minimize the risk and consequences of any poliovirus circulation as well as the need to ensure quality surveillance for early detection of any polioviruses. These events also underscore the risk posed by any low-level transmission of the virus. A robust outbreak response is needed to rapidly stop circulation and ensure sufficient vaccination coverage in the affected areas to prevent similar outbreaks in the future.

For this event, the overall public health risk at national level is considered to be high due to:

Low socio- economic conditions and limited public health infrastructure in some parts of Kayin state
Accumulated susceptible population due to low population immunity among specific Kayin state population, which poses a risk of ongoing transmission within and across the state.
Hard-to-reach area with accessibility challenges due to security concerns, and geographical location which hamper the vaccination and the implementation of response actions.
The low routine immunization coverage in the affected areas provides favourable conditions for the expansion of a possible polio virus outbreak across different areas in the country.
The high number of nucleotide changes of the cVDPV1 isolates, the recent discovery of new cases and the evidence of healthy contacts being infected indicates that the virus may have been circulating for a long time, thus increasing the risk of spread.
Although Kayin state met certification standard of AFP surveillance (2017-2018), there might be pockets of ongoing transmission which are not timely detected.
The limited accessibility for health care providers in certain areas in Kayin state including the affected Hpapun township, which impedes the implementation of response measures.
As per UNHCR, as of June 2019, 95,681 refugees from Myanmar, most of them belonging to ethnic minorities from Kayin state, are living in nine refugee camps in Thailand. The polio immunization coverage of Thailand is high, and a joint field visit conducted by WHO Country Office and MOH-Thailand following notification of cVDPV in Myanmar confirms that the coverage of OPV is 93.3% in these camps in 2018.

WHO will continue to evaluate the epidemiological situation and outbreak response measures being implemented.

WHO advice

It is important that all countries, in particular those with frequent travel and contacts with polio- affected countries and areas, strengthen polio surveillance in order to rapidly detect any new virus importation and to facilitate a rapid response. Countries, territories and areas should also maintain uniformly high routine immunization coverage at the district level to minimize the consequences of any new virus introduction.

WHOÂs International Travel and Health recommends that all travellers to polio-affected areas be fully vaccinated against polio. Residents (and visitors for more than 4 weeks) from infected areas should receive an additional dose of OPV or inactivated polio vaccine (IPV) within 4 weeks to 12 months of travel.

As per the advice of an Emergency Committee convened under the International Health Regulations (2005), efforts to limit the international spread of poliovirus remains a Public Health Emergency of International Concern (PHEIC). Countries affected by poliovirus transmission are subject to Temporary Recommendations. To comply with the Temporary Recommendations issued under the PHEIC, any country infected by poliovirus should declare the outbreak as a national public health emergency and consider vaccination of all international travellers.",derived poliovirus type 1,Circulating vaccine,,
26 august 2019,https://www.who.int/csr/don/26-august-2019-mers-saudi-arabia/en/,,CoV),Middle East respiratory syndrome coronavirus (MERS,,
29 august 2019,https://reliefweb.int/report/democratic-republic-congo/ebola-virus-disease-democratic-republic-congo-disease-outbreak-65,"The Ebola virus disease (EVD) outbreak in North Kivu, South Kivu, and Ituri provinces in the Democratic Republic of the Congo continued this week with similar transmission intensity to the previous six weeks, with an average of 77 cases per week (Figure 1). In the past 21 days from 7 August through 27 August 2019, 66 health areas within 18 health zones reported new cases (Table 1, Figure 2). During this period, a total of 203 confirmed cases were reported, with the majority coming from the health zones of Beni (28%, n=57), Mandima (11%, n=22), and Kalunguta (11%, n=22). In addition, Mambasa continues to show signs of an emerging hotspot, with 16 reported cases in the past 21 days. The response continues to address these hotspots through early case detection and thorough investigation, strong contact identification and follow up, and engagement with the local communities.

Two additional cases have been reported in South KivuÂs Mwenga Health Zone, bringing the total to six cases since 15 August. These individuals are family members of one of the recent cases. Although this indicates two generations of local transmission within Mwenga, the new cases are individuals who were under surveillance, and they were able to quickly receive care when they became ill.

On 22 August, Nyiragongo Health Zone (which includes suburbs of Goma city) passed 21 days without additional confirmed cases detected, and all contacts completed the 21-day follow-up period. Surveillance and response activities within Goma city and surrounding areas will continue, as risks of further introduction of EVD from active areas remain high.

As of 27 August, a total of 2997 EVD cases were reported, including 2892 confirmed and 105 probable cases, of which 1998 cases died (overall case fatality ratio 67%). Of the total confirmed and probable cases, 58% (1740) were female, and 28% (842) were children aged less than 18 years. To date, 156 health workers have been infected.

Pillar 1 of the fourth Strategic Response Plan (SRP4) for the control of the EVD outbreak in the Democratic Republic of the Congo is available on the WHO website. Pillar 1 covers the core public health response to the outbreak. The current estimated funding requirement for all partners for the period July to December 2019 is US$ 287 million, including US$ 120-140 million for WHO. As of 27 August, US$ 45.3 million have been received by WHO, with further funds committed or pledged. Current available funds will close the financing gap up until the end of September 2019. Further resources are needed to fund the response through to December 2019 and WHO is appealing to donors to provide generous support. A summary of funding received by WHO since the start of this outbreak can be found here.

Public health response

For further information about public health response actions by the Ministry of Health, WHO, and partners, please refer to the latest situation reports published by the WHO Regional Office for Africa:

Ebola situation reports: Democratic Republic of the Congo
WHO risk assessment

WHO continuously monitors changes to the epidemiological situation and context of the outbreak to ensure that support to the response is adapted to the evolving circumstances. The last assessment, carried out on 5 August 2019, concluded that the national and regional risk levels remain very high, while global risk levels remain low.

The response to the EVD outbreak in Democratic Republic of the Congo remains challenged by continued insecurity, unrest, pockets of community resistance and funding shortfalls. The high proportion of community deaths, relatively low proportion of new cases who were known contacts under surveillance, existence of transmission chains linked to possible nosocomial infection, persistent delays in detection and isolation of cases, and challenges in accessing some communities due to insecurity and pockets of community reticence are all factors increasing the likelihood of further chains of transmission in affected communities.

While response strategies keep evolving to adapt to the local context, capacities for operational readiness and preparedness should continue to be enhanced and sustained in non-outbreak affected areas including neighbouring countries. WHO is calling for a more coordinated approach in which NGOs and UN partners collectively accelerate all activities, with all partners being accountable for their role in the response within the common goal of ending the outbreak.

The factors mentioned above, coupled with high rates of population movement from outbreak-affected areas to other parts of the Democratic Republic of the Congo, and across porous borders to neighbouring countries, increase the risk of geographical spread Â both within the Democratic Republic of the Congo and to neighbouring countries. Conversely, substantive operational readiness and preparedness activities in a number of neighbouring countries have increased capacity to rapidly detect cases and mitigate local spread. These efforts must continue to be scaled-up and sustained.

WHO advice

WHO advises against any restriction of travel to, and trade with, the Democratic Republic of the Congo based on the currently available information. There is currently no licensed vaccine to protect people from the Ebola virus. Therefore, any requirements for certificates of Ebola vaccination are not a reasonable basis for restricting movement across borders or the issuance of visas for travellers to/from the affected countries. WHO continues to closely monitor and, if necessary, verify travel and trade measures in relation to this event. Currently, no country has implemented travel measures that significantly interfere with international traffic to and from the Democratic Republic of the Congo. Travellers should seek medical advice before travel and should practice good hygiene. Further information is available in the WHO recommendations for international traffic related to the Ebola Virus Disease outbreak in the Democratic Republic of the Congo.",Democratic Republic of the Congo,Ebola virus disease,27.68,62.0
6 september 2019,https://reliefweb.int/report/democratic-republic-congo/ebola-virus-disease-democratic-republic-congo-disease-outbreak-66,"The intensity of Ebola virus disease (EVD) transmission in the North Kivu, South Kivu, and Ituri provinces remains substantial, with 57 new cases reported since the last EVD in the Democratic Republic of the Congo Disease Outbreak News Update on 29 August. While hotspots such as Beni Health Zone show signs of easing, new hotspots are emerging elsewhere. During the past 21 days, from 14 August through 4 September 2019, a total of 186 confirmed cases were reported, with the majority coming from the health zones of Beni (17%, n=31), Kalunguta (15%, n=28), Mandima (13%, n=24), and Mambasa (12%, n=22). Given the limited access and insecurity in the emerging clusters within Kalunguta, Mandima, and Mambasa health zones, the response activities have been somewhat hindered.

Likewise, sustained local transmission in Mutwanga and Kayna health zones, on the shores of Lake Edward and Ugandan border, pose added risks of regional spread. This risk was highlighted last week by the confirmation of a case on 29 August in a young child who was exposed and developed symptoms in Mutwanga Health Zone before she was identified at the Mpondwe-Kasindi border point of entry (PoE) when travelling with her mother to seek medical care. The child was immediately transported to an Ebola Treatment Centre (ETC) in Bwera, Uganda, where she was provided with care but unfortunately died shortly after arrival. While a limited number of potential contacts are currently under surveillance, there have not been any further cases confirmed in Uganda to date.

As of 4 September, a total of 3054 EVD cases were reported, including 2945 confirmed and 109 probable cases, of which 2052 cases died (overall case fatality ratio 67%). Cases have been reported from 29 health zones since the beginning of this outbreak, of which 17 health zones reported new cases in the last 21 days (Table 1, Figure 2). Of the total confirmed and probable cases, 58% (1772) were female, 28% (865) were children aged less than 18 years, and 5% (156) were health workers.

Under Pillar 1 of the current Strategic Response Plan, the estimated funding requirement for all partners for the period July to December 2019 is US$ 287 million, including US$ 120-140 million for WHO. As of 6 September 2019, US$ 45.3 million have been received by WHO, with further funds committed or pledged. Current available funds will close the financing gap up until the end of September 2019. Further resources are needed to fund the response through to December 2019, and WHO is appealing to donors to provide generous support. A summary of funding received by WHO since the start of this outbreak can be found here.

Public health response

For further information about public health response actions by the Ministry of Health, WHO, and partners, please refer to the latest situation reports published by the WHO Regional Office for Africa:

Ebola situation reports: Democratic Republic of the Congo

WHO risk assessment

WHO continuously monitors changes to the epidemiological situation and context of the outbreak to ensure that support to the response is adapted to the evolving circumstances. The last assessment, carried out on 5 August 2019, concluded that the national and regional risk levels remain very high, while global risk levels remain low.

The response to the EVD outbreak in Democratic Republic of the Congo remains challenged by continued insecurity, unrest, pockets of community resistance, and funding shortfalls. The high proportion of community deaths, relatively low proportion of new cases who were known contacts under surveillance, existence of transmission chains linked to possible nosocomial infection, persistent delays in detection and isolation of cases, and challenges in accessing some communities due to insecurity and pockets of community reticence are all factors increasing the likelihood of further chains of transmission in affected communities.

While response strategies keep evolving to adapt to the local context, capacities for operational readiness and preparedness should continue to be enhanced and sustained in non-outbreak affected areas, including neighbouring countries. WHO is calling for a more coordinated approach in which NGOs and UN partners collectively accelerate all activities, with all partners being accountable for their role in the response within the common goal of ending the outbreak.

The factors mentioned above, coupled with high rates of population movement from outbreak-affected areas to other parts of the Democratic Republic of the Congo, and across porous borders to neighbouring countries, increase the risk of geographical spread Â both within the Democratic Republic of the Congo and to neighbouring countries. Conversely, substantive operational readiness and preparedness activities in a number of neighbouring countries have increased capacity to rapidly detect cases and mitigate local spread, as we observed with the case detected at the PoE between the Democratic Republic of the Congo and Uganda. These efforts must continue to be scaled-up and sustained.

WHO advice

WHO advises against any restriction of travel to, and trade with, the Democratic Republic of the Congo based on the currently available information. There is currently no licensed vaccine to protect people from the Ebola virus. Therefore, any requirements for certificates of Ebola vaccination are not a reasonable basis for restricting movement across borders or the issuance of visas for travellers to/from the affected countries. WHO continues to closely monitor and, if necessary, verify travel and trade measures in relation to this event. Currently, no country has implemented travel measures that significantly interfere with international traffic to and from the Democratic Republic of the Congo. Travellers should seek medical advice before travel and should practice good hygiene. Further information is available in the WHO recommendations for international traffic related to the Ebola Virus Disease outbreak in the Democratic Republic of the Congo.",Democratic Republic of the Congo,Ebola virus disease,27.68,62.0
6 september 2019,https://www.who.int/csr/don/06-september-2019-polio-ghana/en/,,derived poliovirus type 2,Circulating vaccine,,
12 september 2019,https://reliefweb.int/report/democratic-republic-congo/ebola-virus-disease-democratic-republic-congo-disease-outbreak-67,"Ebola virus disease (EVD) transmission in the Democratic Republic of the Congo continued to ease this past week, with 40 new confirmed cases reported in North Kivu and Ituri provinces; this is the lowest weekly incidence since March 2019. While these signs are promising, it remains too soon to tell if this trend will persist. Emerging hotspots continue to pose challenges in terms of accessibility, insecurity, and violence. Surveillance indicators highlight that public health risks of further spread remain very high.

During the past 21 days (from 21 August through 10 September 2019), a total of 157 confirmed cases were reported form 15 health zones (Table 1, Figure 2), with the majority coming from the health zones of Kalunguta (19%, n=30), Beni (18%, n=28), Mambasa (16%, n=25), and Mandima (13%, n=20). Alimbongo, Oicha, and Pinga health zones recently passed 21 days without a new confirmed case of EVD.

As of 10 September, a total of 3091 EVD cases were reported, including 2980 confirmed and 111 probable cases, of which 2074 cases died (overall case fatality ratio 67%). Of the total confirmed and probable cases, 56% (1737) were female, 29% (886) were children aged less than 18 years, and 5% (157) were health workers.

Under Pillar 1 of the current Strategic Response Plan, the estimated funding requirement for all partners for the period July to December 2019 is US$ 287 million, including US$ 120-140 million for WHO. As of 12 September 2019, US$ 54.9 million have been received by WHO, with further funds committed or pledged. Currently available funds will close the financing gap up until the end of September 2019. Further resources are needed to fund the response through to December 2019, and WHO is appealing to donors to provide generous support. A summary of funding received by WHO since the start of this outbreak can be found here.

Public health response

For further information about public health response actions by the Ministry of Health, WHO, and partners, please refer to the latest situation reports published by the WHO Regional Office for Africa:

Ebola situation reports: Democratic Republic of the Congo

WHO risk assessment

WHO continuously monitors changes to the epidemiological situation and context of the outbreak to ensure that support to the response is adapted to the evolving circumstances. The last assessment, carried out on 5 August 2019, concluded that the national and regional risk levels remain very high, while global risk levels remain low.

Although there are possible early signs of the outbreak easing, including the decrease in numbers of new confirmed cases in Beni and Mandima, these must be interpreted with caution and it is too soon to know if this is an indication of a decrease in transmission intensity of EVD. The high proportion of community deaths, relatively low proportion of new cases who were known contacts under surveillance, existence of transmission chains linked to possible nosocomial infection, persistent delays in detection and isolation of cases, and challenges in accessing some communities due to insecurity and pockets of community reticence are all factors increasing the likelihood of further chains of transmission in affected communities.

The factors mentioned above, coupled with high rates of population movement from outbreak-affected areas to other parts of the Democratic Republic of the Congo, and across porous borders to neighbouring countries, increase the risk of geographical spread Â both within the Democratic Republic of the Congo and to neighbouring countries. Conversely, substantive operational readiness and preparedness activities in a number of neighbouring countries have increased capacity to rapidly detect cases and mitigate local spread. These efforts must continue to be scaled-up and sustained.

WHO advice

WHO advises against any restriction of travel to, and trade with, the Democratic Republic of the Congo based on the currently available information. There is currently no licensed vaccine to protect people from the Ebola virus. Therefore, any requirements for certificates of Ebola vaccination are not a reasonable basis for restricting movement across borders or the issuance of visas for travellers to/from the affected countries. WHO continues to closely monitor and, if necessary, verify travel and trade measures in relation to this event. Currently, no country has implemented travel measures that significantly interfere with international traffic to and from the Democratic Republic of the Congo. Travellers should seek medical advice before travel and should practice good hygiene. Further information is available in the WHO recommendations for international traffic related to the Ebola Virus Disease outbreak in the Democratic Republic of the Congo.",Democratic Republic of the Congo,Ebola virus disease,27.68,62.0
16 september 2019,https://www.who.int/csr/don/16-september-2019-listeriosis-spain/en/,,Spain,Listeriosis,11.82,100.0
19 september 2019,https://reliefweb.int/report/democratic-republic-congo/ebola-virus-disease-democratic-republic-congo-disease-outbreak-68,"The intensity of the Ebola virus disease (EVD) transmission in the Democratic Republic of the Congo increased slightly from last week, with 57 new confirmed cases reported in North Kivu and Ituri provinces from 11-17 September 2019 versus 40 in the previous week. In the past week, localised, minor security incidents have impacted the response, including safe and dignified burials (SDB) and vaccination activities in Mambasa and Komanda Health Zones.

In addition, there was a major security incident in Lwemba, within Mandima Health Zone, from 14-17 September. The event was a community response to the death of a local healthcare worker from EVD. Due to the violence that occurred during the incident, all activities have been suspended in the area until further notice. This has a serious impact on the response activities on the ground, and it could lead to gaps or delays in the reporting of new EVD cases in this hotspot area. Overall, these incidents underscore the need for continued and proactive engagement and sensitizing of local communities throughout areas with EVD transmission and high-risk areas that may not currently be affected.

During the past 21 days (from 28 August through 17 September 2019), a total of 145 confirmed cases were reported from 14 health zones (Table 1, Figure 2), with the majority coming from the health zones of Kalunguta (21%, n=30), Mambasa (21%, n=30), and Mandima (19%, n=27). With 14 cases in the last 21 days, there is a relative decrease in cases coming from Beni Health Zone. Masereka and Lolwa Health Zones cleared 21 days without a new confirmed case of EVD.

As of 17 September, a total of 3145 EVD cases were reported, including 3034 confirmed and 111 probable cases, of which 2103 cases died (overall case fatality ratio 67%). Of the total confirmed and probable cases, 56% (1760) were female, 29% (898) were children aged less than 18 years, and 5% (159) were health workers.

Under Pillar 1 of the current Strategic Response Plan, the estimated funding requirement for all partners for the period July to December 2019 is US$ 287 million, including US$ 120-140 million for WHO. As of 19 September 2019, close to US$ 60 million have been received by WHO, with further funds committed or pledged. Currently available funds will close the financing gap just up until the end of October 2019. Further resources are needed to fund the response through to December 2019. WHO is appealing to donors to provide generous support. A summary of funding received by WHO since the start of this outbreak can be found here.

Public health response

For further information about public health response actions by the Ministry of Health, WHO, and partners, please refer to the latest situation reports published by the WHO Regional Office for Africa:

Ebola situation reports: Democratic Republic of the Congo

WHO risk assessment

WHO continuously monitors changes to the epidemiological situation and context of the outbreak to ensure that support to the response is adapted to the evolving circumstances. The last assessment, carried out on 5 August 2019, concluded that the national and regional risk levels remain very high, while global risk levels remain low.

Given the continued shift in outbreak hotspots, heterogeneity in transmission dynamics, and suspected delays in reporting due to security incidents, marginal variations in case numbers need to be interpreted with caution. These factors, coupled with high rates of population movement from outbreak-affected areas to other parts of the Democratic Republic of the Congo, and across porous borders to neighbouring countries, increase the risk of geographical spread Â both within the Democratic Republic of the Congo and to neighbouring countries. Conversely, substantive operational readiness and preparedness activities in a number of neighbouring countries have increased capacity to rapidly detect cases and mitigate local spread. These efforts must continue to be scaled-up and sustained.

WHO advice

WHO advises against any restriction of travel to, and trade with, the Democratic Republic of the Congo based on the currently available information. There is currently no licensed vaccine to protect people from the Ebola virus. Therefore, any requirements for certificates of Ebola vaccination are not a reasonable basis for restricting movement across borders or the issuance of visas for travellers to/from the affected countries. WHO continues to closely monitor and, if necessary, verify travel and trade measures in relation to this event. Currently, no country has implemented travel measures that significantly interfere with international traffic to and from the Democratic Republic of the Congo. Travellers should seek medical advice before travel and should practice good hygiene. Further information is available in the WHO recommendations for international traffic related to the Ebola Virus Disease outbreak in the Democratic Republic of the Congo.",Democratic Republic of the Congo,Ebola virus disease,27.68,62.0
21 september 2019,https://reliefweb.int/report/united-republic-tanzania/cases-undiagnosed-febrile-illness-united-republic-tanzania-disease,"The following is a description of the current situation in the United Republic of Tanzania regarding unofficial reports of a number of cases of illness and a summary of WHO efforts to obtain information about this situation.

As specified in Article 9 of the International Health Regulations (IHR), WHO may take into account reports from sources other than notifications from Member States and shall assess these reports according to established epidemiological principles under the IHR.

On 10 September 2019, through its regular event-based surveillance process, WHO was made aware of unofficial reports regarding the death of a person with suspected Ebola Virus disease (EVD) case in Dar es Salaam, United Republic of Tanzania. The identified contacts of the deceased were unofficially reported to be quarantined in various sites in the country. Under the IHR Articles 9 and 10, WHO immediately sent a verification request to the National IHR Focal Point (NFP) of the country.

On 11 September, through its regular event-based surveillance process, WHO was made aware of unofficial reports that a RT-PCR test performed at the Tanzanian National Health Laboratory was positive for EVD for this patient. On the same day, WHO received unofficial reports regarding another suspected EVD case in Mwanza, located in the northern region of the United Republic of Tanzania, who later tested negative for EVD. WHO continued to reach out under the IHR to the health authorities of the United Republic of Tanzania to verify these signals.

On 12 September 2019, WHO was informed by unofficial sources of a 27-year-old patient suspected of EVD admitted in a hospital of Dar es Salaam without further information regarding laboratory tests and results

Despite several requests, WHO did not receive further details of any of these cases from Tanzanian authorities.

Considering: (i) the absence of any detailed information received by WHO from the United Republic of Tanzania at that stage, (ii) that EVD/suspected EVD is a notifiable disease under the IHR, and (iii) the potential public health significance of a presumptive EVD case, WHO took the following steps:

Continued to reach out to the Tanzanian IHR National Focal Point (NFP) to obtain verification of the rumours under the IHR.

Conducted an internal Rapid Risk Assessment. Due to uncertainties around the event, the absence of any official information, and considering that if confirmed this would have been the first EVD outbreak reported in this country, and that the presumptive case travelled extensively within the United Republic of Tanzania, the risk was assessed as very high at national level. The risk at regional level was considered as high due to potential cross-border travels and significant population movements as well as potential unknown transmission chains. The risk at the global level was considered low.

Informed all Member StatesÂ IHR National Focal Points (NFP) of the available information, including questions, concerns, and recommendations, through the WHO Event Information Site (EIS) for IHR NFP. This is a password restricted, secure, web-based platform dedicated to information sharing between WHO and its Member States under the IHR.

Issued a press release on the website of the WHO Regional Office for Africa

Deployed a multidisciplinary rapid response team to the United Republic of Tanzania to expand response capacity in the WHO country office. The team is also available to provide further technical assistance to the national officials in their investigation, should this be requested.

On 14 September, the United Republic of Tanzania officially reported to WHO that no case of EVD was confirmed in the country. According to the information provided by the Ministry of Health in a press release, two suspected cases were identified and both tested negative for EVD at a national laboratory via RT-PCR. The information did not include a potential differential diagnosis regarding the cause of illness.

On 16 September, WHO was officially informed that Tanzanian health authorities were not considering secondary confirmation testing for EVD at a WHO Collaborating Centre for Viral Haemorrhagic Fever (VHF). WHO reiterated its recommendation for secondary confirmation testing to be performed and renewed its offer to assist in liaising with a WHO Collaborating Centre for VHF. WHO collaborating centres are institutions such as research institutes, parts of universities or academies, which are designated by the Director-General to carry out activities in support of the Organization's programmes.

On 18 September, WHO informed all Members StatesÂ IHR NFPs through the EIS platform that the United Republic of Tanzania had officially reported that no case of EVD was confirmed in the country, based on the tests performed at a national laboratory. The same day, this was also communicated to the general public on the website of the WHO regional office for Africa. The statement indicated that no further information had been provided.

On 19 September 2019, through its regular event-based surveillance process, WHO was made aware of unofficial reports regarding a contact of the initially presumptive case of EVD who was reported to be sick and hospitalized. In accordance with Article 10 of IHR, WHO immediately sent a formal verification request through the IHR National Focal Point (NFP) of the United Republic of Tanzania. The response of the IHR NFP of the United Republic of Tanzania was received on the same day and stated that as of 19 September 2019, Âthe United Republic of Tanzania does not have any EVD caseÂ and does not Âhave any suspected case admitted anywhere.Â

However, to date, clinical data, results of the investigations, possible contacts and potential laboratory tests performed for differential diagnosis of those patients have not been communicated to WHO. This information is required for WHO to be able to fully assess of the potential risk posed by this event.

On 20 September, WHO informed all Member StatesÂ IHR NFPs through the EIS platform.

Public health response

The United Republic of Tanzania has initiated the implementation of EVD preparedness since May 2018, with an assessment of EVD preparedness status that led to the development of a national EVD contingency plan. As part of the recommended EVD preparedness activities, an Ebola treatment centre (ETC) has been established in Dar es Salaam, a public health emergency operation centre (PHEOC) has been operationalized, training of three rapid response teams has been conducted, a hotline for alerts has been activated, and key EVD messages have been developed and translated to major local languages with ongoing EVD sensitization in both radio and print media. However, an EVD simulation exercise conducted in the United Republic of Tanzania in August 2019 identified areas for improvement

WHO continues to work with the United Republic of Tanzania to support preparedness activities undertaken by the national health authorities in order to improve the capacities for prevention, detection, confirmation of any suspicion of EVD.

In preparation for vaccination of frontline health workers in case of an EVD outbreak, a vaccination protocol (for rVSV-ZEBOV-GP) has received provisional approval from the national authorities. On 13 September, WHO shipped 1000 personal protective equipment (PPE) sets and additional logistics equipment. WHO has also shipped supplies to support vaccination.

WHO and partners continue to engage with national authorities.

WHO risk assessment

The limited available official information from Tanzanian authorities represents a challenge for assessing the risk posed by this event.

To date, the clinical details and the results of the investigation, including laboratory tests performed for differential diagnosis of these patients, have not been shared with WHO. The insufficient information received by WHO does not allow for a formulation of a hypotheses regarding the possible cause of the illness. At this stage, WHO is not aware of signs of a widespread transmission of any illness related to these cases, however investigations, including with the support of WHO Collaborating Centres, should continue to reach a diagnosis and further inform the risk assessment.

WHO advice

On 17 July 2019, the EVD outbreak in the Democratic Republic of the Congo was declared a Public Health Emergency of International Concern, and the overall EVD risk at the regional level was assessed to be very high. In that context, WHO urges Member States of the region to strengthen operational readiness and preparedness activities, including timely detection, verification, reporting, and laboratory confirmation of any suspicion of EVD.

In line with the WHO Interim Guidelines on the laboratory diagnosis of EVD, WHO strongly recommends Member States liaise with a WHO Collaborating Centre for Viral Haemorrhagic Fever (VHF) for secondary confirmation testing, in particular Member States where EVD tests are not performed routinely. When a negative laboratory diagnosis for EVD is reached in accordance with the principles of these guidelines, WHO recommends further investigations and laboratory tests be performed in order to reach a final diagnosis regarding the cause of disease.

WHO continues to monitor the EVD situation at global level to detect and verify, under the IHR, any signals regarding suspicions of EVD.

WHO Travel advice

WHO advises against the application of any restrictions of travel or trade to the United Republic of Tanzania in relation to the above situation, based on the currently available information.

For more information regarding Ebola virus disease, please see the following links:

WHO deploys technical team to Tanzania to support investigation of a rumour of unknown illness
Tanzanian authorities inform WHO they have no cases of Ebola WHO Interim Guidelines - Laboratory diagnosis of Ebola virus disease
Ebola fact sheet Statement on the meeting of the IHR Emergency Committee",United Republic of Tanzania,Cases of Undiagnosed Febrile Illness,26.71,59.0
24 september 2019,https://reliefweb.int/report/philippines/polio-outbreak-philippines-disease-outbreak-news-24-september-2019,"On 19 September 2019, the Philippines declared an outbreak of polio. Two cases have been reported to date, both caused by vaccine-derived poliovirus type 2 (VDPV2). Environmental samples taken from sewage in Manila on 13 August and a waterway in Davao on 22 August have also tested positive for VDPV2.

The first case was confirmed on 14 September following testing by the National Polio Laboratory at the Research Institute for Tropical Medicine, the Japan National Institute of Infectious Diseases (NIID) and the United States Centers for Disease Control and Prevention (CDC). The case-patient is a 3-year-old girl from Lanao del Sur in the southern Philippines. The virus isolated is genetically linked to VDPV2 previously isolated from environmental samples in Manila and Davao. This indicates that the virus is circulating.

The second case was confirmed on 19 September and is a 5-year-old boy from Laguna Province, approximately 100 km south-east of Metro Manila. Investigations and further characterization of the virus are ongoing.

In addition, VDPV1 has also been isolated from environmental samples collected on 1 July, 22 July, 13 August, and 27 August from Manila.

Vaccine-derived polioviruses are rarely occurring forms of the poliovirus that have genetically changed from the attenuated (weakened) virus contained in oral polio vaccine. They only occur when the vaccine virus is allowed to pass from person to person for a long time, which can only happen in places with limited immunization coverage and inadequate sanitation and hygiene. Over time, as it is passed between unimmunized people, it can regain the ability to cause disease. When the population is fully immunized with both oral polio vaccine and inactivated polio vaccine, this kind of transmission cannot take place. The gut immunity in people immunized with oral polio vaccine stops the virus from being passed on. Full immunization therefore protects against both vaccine-derived and wild polio viruses.

Public health response

1.- Acute flaccid paralysis (AFP) and environmental surveillance are being enhanced to detect poliovirus.
2.- Field investigation is currently underway in Lanao del Sur to define the geographic scope of the circulation of the virus and inform planning for outbreak response including mass immunization campaigns.
3.- The Department of Health (DOH) reinforced its recommendation that all children should be vaccinated according to the routine immunization schedule.
4.- WHO and other partners of the Global Polio Eradication Initiative (GPEI) are supporting the Department of Health and local health authorities in their detailed investigations and supporting efforts to enhance surveillance, strengthen routine immunization, communicate risk to the public and implement outbreak response in line with internationally agreed polio outbreak response guidelines.

WHO risk assessment

WHO currently assesses the risk of international spread from the Philippines to be low. However, the risk of further spread within the Philippines is high due to limited population immunity (coverage of bivalent oral polio vaccine (OPV) and inactivated polio vaccine (IPV) was at 66% and 41% respectively in 2018) and suboptimal AFP surveillance.

WHO advice

It is important that all countries, in particular those with frequent travel and contact with polio-affected countries and areas, strengthen surveillance for AFP cases in order to detect virus importation and to facilitate a rapid response. Countries, territories and areas should also maintain uniformly high routine immunization coverage to minimize the consequences of any possible polio virus introduction or transmission.

WHO recommends that all travellers and residents in polio-affected areas be fully vaccinated against polio.

As per the advice of an Emergency Committee convened under the International Health Regulations (2005), the international spread of poliovirus remains a Public Health Emergency of International Concern (PHEIC). Countries affected by poliovirus transmission are subject to Temporary Recommendations . To comply with the Temporary Recommendations issued under the PHEIC, any country infected by poliovirus should declare the outbreak as a national public health emergency.",The Philippines,Polio outbreak,,
26 september 2019,https://reliefweb.int/report/democratic-republic-congo/ebola-virus-disease-democratic-republic-congo-disease-outbreak-69,"The Ebola virus disease (EVD) outbreak in the Democratic Republic of the Congo continues this week with 29 new confirmed cases reported in North Kivu and Ituri provinces from 18-24 September 2019, versus 57 in the previous week. This decrease in the number of cases should be interpreted with caution, as operational and security challenges in certain health zones make it difficult to undertake case detection and response functions.

There has been a recent increase in localized security or community-related incidents in several areas of operation. About a third of community incidents from August 2019, to date, occurred in Mambasa Health Zone. To strengthen the participation and engagement of local communities in this area, a WHO team of social scientists, community engagement, risk communication, and health promotion experts was set up to implement the Strategic Response Plan 4 (SRP4) approach and strategy together with La Commission Communication de Risque et Engagement Communautaire (CREC) sub-commission. The recent major security incident in Lwemba, within Mandima Health Zone, has halted response activities for the past nine days. This has limited contact tracing efforts, with 169 and 162 contacts lost to follow up in Lwemba and Mambasa, respectively.

During the past 21 days (from 18 September through 24 September 2019), a total of 126 confirmed cases were reported from 13 health zones (Table 1, Figure 2), with the majority of cases from Mambasa (25%, n=31), Mandima (18%, n=23), and Kalunguta (16%, n=20) health zones. Musienene Health Zone cleared 21 days without a new confirmed case of EVD.

As of 24 September, a total of 3175 EVD cases were reported, including 3063 confirmed and 112 probable cases, of which 2122 cases died (overall case fatality ratio 67%). Of the total confirmed and probable cases, 56% (1778) were female, 28% (902) were children aged less than 18 years, and 5% (161) were health workers.

The Democratic Republic of the Congo health authorities have endorsed the use of a second investigational Ebola vaccine with at-risk populations in areas that do not have active EVD transmission. Regular vaccination activities in EVD-affected areas will continue. The Merck/MSD vaccine will continue to be provided to all people at high risk of Ebola infection including those who have been in contact with a person confirmed to have Ebola, all contacts of contacts, and others determined to be at high risk of contracting Ebola. The Johnson & Johnson vaccine will be deployed by a consortium, including the Ministry of Health, Democratic Republic of the Congo National Institute for Biomedical Research, Coalition for Epidemic Preparedness Innovations, MÃ©decins Sans FrontiÃ¨res (MSF), MSF Epicentre, United Kingdom Public Health Rapid Support Team, Wellcome Trust, and Janssen Vaccines & Prevention B.V. The Institut national de la santÃ© et de la recherche mÃ©dicale will coordinate the data safety and monitoring board.

Under Pillar 1 of the current Strategic Response Plan, the estimated funding requirement for all partners for the period July to December 2019 is US$ 287 million, including US$ 120-140 million for WHO. As of 26 September 2019, close to US$ 60 million have been received by WHO, with further funds committed or pledged. Currently available funds will close the financing gap just up until the end of October 2019. Further resources are needed to fund the response through to December 2019. WHO is appealing to donors to provide generous support. A summary of funding received by WHO since the start of this outbreak can be found here.",Democratic Republic of the Congo,Ebola virus disease,27.68,62.0
26 september 2019,https://reliefweb.int/report/nigeria/disease-outbreak-news-yellow-fever-nigeria-26-september-2019,"On 16 July 2019, the Ebonyi State Ministry of Health received information about suspected yellow fever cases in Ndingele ward, Izzi Local Government Area (LGA), Nigeria. The cases had symptoms of fever and jaundice, reported with onset since May 2019. As of 30 August 2019, a total of 84 suspected yellow fever cases, including 26 deaths (case fatality ratio: 31 %), have been reported across nine LGAs within Ebonyi State. Of the suspected yellow fever cases, fifty-five per cent (46/84) are male. The most affected age group is 0-9 years (28 cases, 33%), followed by age groups 20-29 years and above 30 years each with 20 cases (24%). The 10-19 year age group has the least number of cases (16 cases, 19%). Seventy-nine per cent of suspected cases (66/84), including seven confirmed cases positive by real-time polymerase chain reaction (RT-PCR) are reported from Izzi LGA which is located in the north-eastern part of the State, bordered with Cross River State in the east, and Benue State in the north. One case has been confirmed in an international worker involved in the extractive industry in Izzi LGA, and residing in adjacent Abakiliki LGA (an urban centre in the State).

The assessment conducted by the LGA rapid response team (RRT) and national agencies found low vaccination coverage and poor routine immunization documentation. Community surveys were conducted and yellow fever vaccination coverage was estimated to be 56% (64% for children aged less than 5 years and 48% for those older than 5 years of age). Though Nigeria introduced routine vaccination for yellow fever into the immunization schedule in 2004, most adults remain susceptible and overall population immunity is low. Although no entomological studies were conducted at the time, the geography and vegetation of the affected state is compatible with the presence of the Aedes mosquitoes, as illustrated by the transmission patterns.

Since September 2017, when the Nigeria Centre for Disease Control (NCDC) informed WHO of a confirmed case of yellow fever in Kwara State, Nigeria has been responding to successive yellow fever outbreaks over a wide geographic area. Following the countryÂs official notification to WHO (via the International Health Regulations, 2005) on 15 September 2017 of the resurgence in yellow fever outbreaks, suspect cases have been reported from all States and the Federal Capital Territory (FCT), and outbreak responses to protect over 10 million people have occurred in select areas in 13 States. Efforts to strengthen surveillance are ongoing.

From 1 January through 31 July 2019, over 2,000 suspected yellow fever cases have been reported in 506 LGAs from all 36 States including the Federal Capital Territory (FCT) of Nigeria.

Public health response

The response to the ongoing outbreak is being coordinated by the Nigerian Centre for Disease Control (NCDC) at the national level through a multi-agency, multi-partner Incident Management System (IMS). The public health emergency operations centre (PHEOC) located at the Ebonyi State Ministry of Health has been activated to monitor the outbreak. Active case finding, case management, risk communication and community engagement have been implemented in affected LGAs. An International Coordination Group (ICG) request for reactive vaccination in the affected area has been approved covering three LGAs in Ebonyi, two LGAs in Benue State and one LGA in Cross River State targeting a population of about 1.64 million people aged 9 months to 44 years in Ebonyi and Benue States, and aged 1-6 years in Yala LGA of Cross River State.

Routine yellow fever vaccination was introduced to NigeriaÂs Expanded Programme on Immunization (EPI) in 2004, but the overall population immunity in areas affected by the current outbreak remains below recognized herd immunity thresholds.

A four-year (2018-2021) national yellow fever Preventive Mass Vaccination Campaign (PMVC) plan supported by GAVI and partners is currently being implemented. By 2024, it is anticipated that all the States in Nigeria will have undergone campaign activities to protect at-risk populations against yellow fever.

WHO risk assessment

Yellow fever is an acute viral haemorrhagic disease transmitted by infected mosquitoes and has the potential to spread rapidly and cause serious public health impact. There is no specific treatment, although the disease is preventable using a single dose of yellow fever vaccine, which provides immunity for life. Supportive care is required to treat dehydration, respiratory failure, and fever; and antibiotics are recommended to treat associated bacterial infections.

The recent confirmation by the national and regional reference laboratories of the Yellow fever cases in Ebonyi State, with the probable epicentre in Izzi LGA, represents a concerning situation in Nigeria.

Given the rapid evolution of the situation in Ebonyi State, the national risk is assessed as high due to the high CFR (36%) and the potential for ongoing local transmission and amplification. Factors considered include the low vaccination coverage; probability of the presence of competent vectors including Aedes species; the proximity of a yellow fever case to Abakiliki LGA (an urban centre in the State); and the potential spread to new LGAs.

There is currently a moderate risk at regional level due to the possible movement of the individuals of affected States to adjacent areas and neighbouring countries, particularly if there is arrival of unvaccinated visitors to the State. There is risk to national and international workers in high-risk extractive industries like open pit mining and forestry, underscoring the importance of ensuring all international travelers and workers are vaccinated according to International Health Regulations (IHR) recommendations as emphasized in the Eliminate Yellow Fever Epidemics (EYE) strategy. The current overall risk is considered to be low at the global level.

Nigeria is facing several concurrent public health emergencies, including circulating Vaccine Derived Polio Virus (cVDPV), measles, cholera and Lassa fever outbreaks and a humanitarian crisis in the north-east of the country.

WHO advice

Nigeria is a high priority country for the EYE strategy. Vaccination is the primary intervention for prevention and control of yellow fever. In urban centres, targeted vector control measures are also helpful to interrupt transmission. WHO and partners will continue to support national & state authorities to implement these interventions to control the current outbreak.

WHO recommends vaccination against yellow fever for all international travelers more than nine months of age going to Nigeria, as there is evidence of persistent or periodic yellow fever virus transmission. This is of particular importance to temporary or international workers engaged in extractive industries. Nigeria also requires a yellow fever vaccination certificate for all arriving travelers over one year of age.

Yellow fever vaccines recommended by WHO are safe, highly effective and provide life-long protection against infection. In accordance with the IHR (2005), Third edition, the validity of the international certificate of vaccination against yellow fever extends to the life of the person vaccinated with a WHO approved vaccine. A booster dose of approved yellow fever vaccine cannot be required of international travelers as a condition of entry.

WHO encourages its Member States to take all actions necessary to keep travelers well informed of risks and preventive measures including vaccination. Travelers should also be made aware of yellow fever signs and symptoms and instructed to seek rapid medical advice should they develop signs of illness. Travelers returning to Nigeria who may be infected with possible high levels of the virus in the blood may pose a risk for the establishment of local cycles of yellow fever transmission in areas where a competent vector is present.

WHO does not recommend any restrictions on travel or trade to Nigeria on the basis of the information available on this outbreak.

For more information on yellow fever, please see:

WHO Yellow Fever Factsheet
WHO strategy for yellow fever epidemic preparedness and response
WHO list of countries with vaccination requirements and recommendations for international travelers
A Global strategy to Eliminate Yellow Fever Epidemics (EYE) 2017-2026, WHO 2018
WHO Database for pre-qualified vaccine
Vaccine Position Papers
International Travel and Health",CoV),Middle East respiratory syndrome coronavirus (MERS,,
26 september 2019,https://reliefweb.int/report/democratic-republic-congo/ebola-virus-disease-democratic-republic-congo-disease-outbreak-70,"The Ebola virus disease (EVD) outbreak in the Democratic Republic of the Congo continues this week with 20 new confirmed cases reported in North Kivu and Ituri provinces from 25 September to 1 October 2019, versus 29 in the previous week. This decrease in the number of cases should be interpreted with caution, as operational and security challenges in certain health zones make it difficult to undertake case detection and response functions. With over half (55%) of cases in the past week coming from Mambasa and Mandima Health Zones, there is a clear shift in the hot spots of the outbreak from high density, urban settings, such as Butembo, Katwa, and Beni, to more rural areas with a lower population density. This results in a change in the transmission dynamics, with more community-based transmission and less possible transmission in healthcare facilities. Conversely, this may introduce new issues in terms of accessibility and logistical challenges to reach affected villages, especially as we enter the rainy season.

In Mambasa Health Zone, delays in raising EVD awareness and involving the community and civil society in the response have led to community mistrust. To strengthen the participation of local communities in the response, WHO is working with the community, civil society, and partners in Mambasa Health Zone to engage womenÂs groups and enhance community-based surveillance. While in Lwemba, within Mandima Health Zone, poor EVD awareness compounded with armed conflict has led to heightened tensions between local communities and Ebola response teams. This has resulted in difficulties in investigating community deaths. Therefore, it is likely that the number of cases and community deaths in this area is under reported.

During the past 21 days (from 11 September through 1 October 2019), a total of 106 confirmed cases were reported from 13 health zones (Table 1, Figure 2), with the majority of cases from Mandima (26%, n=27), Mambasa (25%, n=26), Kalunguta (15%, n=16), and Komanda (12%, n=13) health zones.

As of 1 October, a total of 3197 EVD cases were reported, including 3083 confirmed and 114 probable cases, of which 2136 cases died (overall case fatality ratio 67%). Of the total confirmed and probable cases, 56% (1790) were female, 28% (906) were children aged less than 18 years, and 5% (161) were health workers.

Under Pillar 1 of the current Strategic Response Plan, the estimated funding requirement for all partners for the period July to December 2019 is US$ 287 million, including US$ 120-140 million for WHO. As of 2 Oct 2019, to US$ 61 million have been received by WHO, with further funds committed or pledged. Further resources are needed to fund the response through to December 2019 as well as into Q1 2020. WHO is appealing to donors to provide generous support. A summary of funding received by WHO since the start of this outbreak can be found here.

Public health response

For further information about public health response actions by the Ministry of Health, WHO, and partners, please refer to the latest situation reports published by the WHO Regional Office for Africa:

Ebola situation reports: Democratic Republic of the Congo

WHO risk assessment

WHO continuously monitors changes to the epidemiological situation and context of the outbreak to ensure that support to the response is adapted to the evolving circumstances. The last assessment, carried out on 5 August 2019, concluded that the national and regional risk levels remain very high, while global risk levels remain low.

Despite overall decreases in the number of cases, there is sustained transmission in Mambasa and Mandima Health Zones, with operational challenges due to ongoing tensions between the community and the response team. The lack of response activities for a full two weeks in Mandima Health Zone has resulted in contacts of EVD cases being lost to follow-up and possible under-reporting of EVD cases. WHO is working with the community, civil society, and partners to strengthen engagement of local communities. As the outbreak progresses and fewer cases are reported resources can be diverted to scaling up areas which enhance detection and prevention of cases, particularly community engagement, case investigation and coordination between pillars.

WHO advice

WHO advises against any restriction of travel to, and trade with, the Democratic Republic of the Congo based on the currently available information. There is currently no licensed vaccine to protect people from the Ebola virus. Therefore, any requirements for certificates of Ebola vaccination are not a reasonable basis for restricting movement across borders or the issuance of visas for travellers to/from the affected countries. WHO continues to closely monitor and, if necessary, verify travel and trade measures in relation to this event. Currently, no country has implemented travel measures that significantly interfere with international traffic to and from the Democratic Republic of the Congo. Travellers should seek medical advice before travel and should practice good hygiene. Further information is available in the WHO recommendations for international traffic related to the Ebola Virus Disease outbreak in the Democratic Republic of the Congo.",Nigeria,Yellow fever,18.27,24.0
3 october 2019,https://reliefweb.int/report/nigeria/disease-outbreak-news-yellow-fever-nigeria-8-october-2019,"On 29 August 2019, a suspected yellow fever case was reported from Kano state with a travel history to Yankari game reserve, Alkaleri Local Government Area (LGA), Bauchi state, Nigeria.

From 29 August through 22 September 2019, Nigeria reported an outbreak of yellow fever with an epi-centre in the Yankari game reserve of Alkaleri LGA, Bauchi state. According to Nigeria Centre for Disease Control (NCDC), 231 suspected cases have been reported in four states including Bauchi (110), Borno (109), Gombe (10), and Kano (2), of which there have been 13 presumptive positive by IgM testing and 24 cases positive by reverse-transcriptase polymerase chain reaction (RT-PCR) at national laboratories. Of 24 cases confirmed by RT-PCR (20 cases in Bauchi, three in Gombe and one in Kano state), six deaths were reported, all from Alkaleri LGA, Bauchi state, resulting in a case fatality ratio of 25% among the confirmed cases. The vaccination history for the 231 suspected yellow fever cases is not known, and the results of follow-up testing from regional reference laboratory Institute Pasteur Dakar (IPD) are not yet available.

This is the first time that cases have been reported in relation to this area since the outbreak started in Nigeria in September 2017. This outbreak is unique in the broad geographic distribution of cases, most with linkage through travel, work or residence in, or close to, the Yankari game reserve, which is an ecological zone highly prone to yellow fever virus circulation (vectors, reservoir).

Epidemiological summary for Nigeria from 1 January through 31 August 2019 (not including the cases in Bauchi)

Since 15 September 2017, when the Nigeria Centre for Disease Control (NCDC) officially notified a confirmed case of yellow fever in Kwara state to WHO as per the International Health Regulations (2005), the country has been responding to successive yellow fever outbreaks over a wide geographic area.

From 1 January to 31 August 2019, a total of 2,254 suspected yellow fever cases have been reported in 535 LGAÂs. All states including Federal Capital Territory (FCT) have reported at least one suspected case of yellow fever. Samples have been collected for 2,197 suspected cases, and according to Nigerian laboratories 74 tests were presumptive positive and 29 inconclusive for yellow fever. A total of 103 (74 presumptive positive and 29 inconclusive) samples were sent to yellow fever reference laboratory Institute Pasteur in Dakar (IPD) for confirmatory testing, of which 29 tested positive. Eight additional cases were confirmed by the Nigerian laboratories including National Reference Laboratory (7), Lagos University Teaching Hospital (1). These 37 confirmed cases were from the states of Edo (13), Ebonyi (8), Ondo (4), Katsina, (3), Kebbi (2), Anambra (1), Cross River (1), Imo (1), Osun (1), Oyo (1), Kano (1), and Sokoto (1). Forty-four (44) deaths have been recorded from the states of Katsina (14), Edo (1), Adamawa (1) and Ebonyi (28) with an overall CFR of 2% among suspected cases.

Public health response

The outbreak response activities are being coordinated by a multi-agency national yellow fever emergency operation centre (EOC) hosted at NCDC. On 5 September 2019, a national Incident Management System (IMS) was activated to coordinate the response activities. A national rapid response team (RRT), including NCDC and National Primary Health Care development Agency (NPHCDA), have been deployed to Bauchi and other affected states to support outbreak response activities such as case finding, case management and risk communication. The state, with the support of partners, has successfully conducted a reactive yellow fever vaccination campaign in Alkaleri LGA, vaccinating 407,708 people and is now planning to conduct a similar campaign in contiguous LGAs across the affected states, including submission of an International Coordination Group (ICG) request for reactive vaccination.

Routine yellow fever vaccination was introduced to NigeriaÂs Expanded Programme on Immunization (EPI) in 2004, but the overall population immunity in areas affected by the current outbreak remains below recognized herd immunity thresholds.

A four-year (2018-2021) national yellow fever Preventive Mass Vaccination Campaign (PMVC) plan, supported by the Global Alliance for Vaccines and Immunization (GAVI) and partners, is currently being implemented to cover all states in the country. By 2025, it is anticipated that all states in Nigeria will have conducted PMVC activities to protect at-risk populations against yellow fever.

This yearÂs phased preventive campaigns will target the following states, Anambra, Ekiti, Katsina, and Rivers, with specialized activities in Borno. Bauchi has not yet been covered by the phased PMVCs, and the states planned for the next phase are undergoing through a review process to consider the evolving epidemiology.

WHO risk assessment

Yellow fever is an acute viral haemorrhagic disease transmitted by infected mosquitoes and has the potential to spread rapidly and cause serious public health impact. There is no specific treatment, although the disease is preventable using a single dose of yellow fever vaccine, which provides immunity for life. Supportive care is required to treat dehydration, respiratory failure, and fever; and antibiotics are recommended to treat associated bacterial infections.

The recent confirmation by the national reference laboratory of the yellow fever outbreak in Bauchi states linked with cases in three other states including Borno, Kano and Gombe represents a concerning situation in Nigeria.

Given the scale of the outbreak in Bauchi and three other states, the national risk is assessed as high due to the potential for ongoing local transmission and amplification. Factors considered include the low vaccination coverage; probability of the presence of competent vectors including Aedes species; the potential spread to new LGAs, and the link of the outbreak to the game reserve in Alkaleri LGA, the most popular tourist destination in the country.

There is currently a moderate risk at regional level due to the possible movement of the individuals of affected states to adjacent areas and neighbouring countries. The current overall risk is low at the global level.

Nigeria is facing several concurrent public health emergencies, including circulating Vaccine Derived Polio Virus (cVDPV), measles, Lassa fever, and cholera outbreaks, and a humanitarian crisis in the northeast of the country. WHO continues to monitor the epidemiological situation and will reassess the evolution of risks based on the latest available information.

WHO advice

Nigeria is a high priority country for the Eliminate Yellow Fever Epidemic (EYE) strategy. Vaccination is the primary intervention for prevention and control of yellow fever. The early detection and investigation of yellow fever cases through strong surveillance is key to control the risk of yellow fever outbreaks. Prevention of mosquito bites (repellents, wearing long clothes) is an additional measure that limits the risk of yellow fever transmission. In urban centres, targeted vector control measures are also helpful to interrupt transmission. WHO and partners will continue to support local authorities to implement these interventions to control the current outbreak.

WHO recommends vaccination against yellow fever for all international travelers more than nine months of age going to Nigeria, as there is evidence of persistent or periodic yellow fever virus transmission. Nigeria also requires a yellow fever vaccination certificate for travelers older than one year of age arriving from countries with risk of yellow fever transmission.

Yellow fever vaccines approved by WHO are safe, highly effective and provide life-long protection against infection. In the context of international travel, the amendment to Annex 7 of the International Health Regulations (IHR 2005) changes the period of validity of the related international certificate of vaccination against yellow fever, and the protection provided by vaccination against yellow fever infection from ten (10) years to the life of the person (traveler) vaccinated. Accordingly, as of 11 July 2016, for both existing or new certificates, revaccination or a booster dose of yellow fever vaccine cannot be required of international travelers as a condition of entry into a State Party, regardless of the date their international certificate of vaccination was initially issued.

On 1st July 2019, WHO updated the areas at-risk of yellow fever transmission and the corresponding recommendations for vaccination of international travelers. The list of countries at-risk, and revised recommendations for vaccination against yellow fever are available on the WHO website: International travel and health (ITH).

WHO encourages its Member States to take all actions necessary to keep travelers well informed of risks and of preventive measures, including vaccination. Travelers should also be made aware of yellow fever signs and symptoms and instructed to seek rapid medical advice should they develop signs of illness. Travelers returning to Nigeria who may be infected with possible high levels of the virus in the blood may pose a risk for the establishment of local cycles of yellow fever transmission in areas where the competent vector is present.

WHO does not recommend any restrictions on travel or trade to Nigeria on the basis of the information available on this outbreak.

For more information on yellow fever, please see:

WHO Yellow Fever Factsheet
WHO strategy for yellow fever epidemic preparedness and response
A Global strategy to Eliminate Yellow Fever Epidemics (EYE) 2017-2026, WHO 2018
WHO International Travel and Health website
WHO list of countries with vaccination requirements and recommendations for international travellers
WHO list of countries with risk of yellow fever transmission and countries requiring yellow fever vaccination
Lifetime validity of one dose of Yellow fever vaccine: Amendment to Annex 7 of IHR (2005)
Q&A on the Extension to life for yellow fever vaccination
WHO yellow fever risk mapping and recommended vaccination for travellers map
WHO Database for pre-qualified vaccine
Vaccine Position Papers",Democratic Republic of the Congo,Ebola virus disease,27.68,62.0
8 october 2019,https://reliefweb.int/report/sudan/disease-outbreak-news-cholera-republic-sudan-9-october-2019,"On 8 September, SudanÂs Federal Ministry of Health (FMoH) notified WHO about a cholera outbreak in four localities in the Blue Nile State (BNS), south-eastern Sudan, bordering Ethiopia and South Sudan. The first case was detected on 28 of August 2019.

From 28 August through 8 October 2019, a total of 247 suspected cholera cases, including 8 deaths (case fatality ratio: 3.5 %), have been reported from four localities in Blue Nile State including Al Roseries (99), Ad Damazin (52), Wad Almahi (3) and Baw (2), and five localities in Sennar State including Abu Hugar (71), Singa (4), Alsoky (13), Aldaly wa Almzmom (2) and Sennar (1) . One hundred fifty cases were female (61%), and 238 (94.4%) were over 5 years of age.

As of 2 October, 28 out of 42 (67%) samples tested from affected States were confirmed by culture as _Vibrio cholerae _O1 Ogawa in the National Public Health Laboratory.

Public health response

The following public health response measures have been implemented:

With the support of WHO, the Federal Ministry of Health (FMoH) activated the national Cholera Task Force on 10 September;

WHO has deployed a technical team to assist FMoH with coordination of response and development of response strategy on the ground;

Surveillance and reporting system have been strengthened by the distribution of case definitions and case investigation forms, active case finding and maintaining the line list;

Activation of 14 Cholera Treatment Centres by MoH, 4 in Blue Nile State and 10 in Sennar State, and standardization of case management protocols;

FMoH, WHO, and UNICEF have provided cholera kits (enough to treat 200 people) with three additional kits (enough to treat 300 people) in the pipeline;

WHO is supporting the water quality surveillance system, water sampling, and testing, integrated vector management, and infection prevention & control activities;

State Ministry of Health in Blue Nile State and UNICEF are supporting the water chlorination activities and health promotion in the affected areas;

WHO is supporting national authorities to conduct an oral cholera vaccine (OCV) campaign in Blue Nile and Sennar States.

WHO risk assessment

Sudan is facing a continuous surge of acute watery diarrhea (AWD) /suspected cholera cases since 2016. The current outbreak was reported following recent severe rainstorms and flooding in 15 out of 18 States. As a result of the flooding, the country reported widespread damage to infrastructure, thus more cholera cases can be expected in the future. Although Blue Nile State shares borders with Ethiopia and South Sudan, there is currently no evidence of cross-border spread of the outbreak. The Government swiftly responded to the detection of cases and necessary control measures are being implemented by national authorities, with support from partners, to contain the outbreak.

WHO advice

WHO recommends proper and timely case management. Improving access to safe drinking water and sanitation infrastructure, as well as improving hygiene practices and food safety in affected communities are the most effective means of controlling cholera.

Key public health communication messages should be provided to the population. Vaccination should be considered to complement the core prevention and control activities and help prevent the spread of the outbreak. Currently an OCV campaign is being planned.

WHO does not recommend any travel or trade restrictions on Sudan based on the currently available information.

For further information, see:

WHO fact sheet on cholera

The Global Task Force on Cholera Control",Nigeria,Yellow fever,18.27,24.0
10 october 2019,https://reliefweb.int/report/democratic-republic-congo/ebola-virus-disease-democratic-republic-congo-disease-outbreak-71,"The number of reported cases of Ebola virus disease (EVD) consistently declined in recent weeks, with 14 new confirmed cases reported in North Kivu and Ituri provinces during the epidemiological week of 30 September through 6 October (Figure 1). At peak transmission in April 2019, there were 126 cases in the week. Although the decline in case incidence is encouraging, it must be interpreted with caution as the situation remains highly contingent upon the level of access and security.

In mid-September, serious security incidents in Lwemba Health Area, Mandima Health Zone, stalled outbreak response activities for more than two weeks. To improve confidence and community engagement in response activities, an open forum for discussion and reconciliation was held in Lwemba with partners and civil society last week. Response activities have since resumed but remain limited. Improved access may result in enhanced case finding and contact tracing therefore could result in an increase in the number of reported cases and contacts in the area.

There is a shift in hot spots from urban settings to more rural, hard-to-reach communities, across a more concentrated geographical area. During the past 21 days (from 18 September through 8 October), a total of 59 confirmed cases were reported from ten health zones (Table 1, Figure 2), with almost four out of five confirmed cases from four health zones: Mandima (31%, n=18), Mambasa (29%, n=17), Komanda (10%, n=6), Oicha (8%, n=5). This brings additional challenges to the response, including an extremely volatile security situation, difficulty accessing some remote areas, relatively poorer Ebola awareness and delays to engaging with the community leading to mistrust and misunderstandings, and potential under-reporting of cases, especial around some mining sites. The occurrence of transmission along a major road in from Komanda and Mambasa also poses greater risk of spread westward to other major cities in the country (such as to Kisangani).

As of 8 October, a total of 3207 EVD cases were reported, including 3093 confirmed and 114 probable cases, of which 2144 cases died (overall case fatality ratio 67%). Of the total confirmed and probable cases, 59% (n=1797) were female, 31% (n=909) were children aged less than 18 years, and 5% (n=162) were health workers.

As of 4 October, 1000 people have survived EVD in this outbreak. Since November 2018, the Ministry of Health and the Institute of Biomedical Research laboratory, with support from WHO, have undertaken a programme to aid in the reintegration of survivors into community. The programme provides to EVD survivors monthly clinical, biological and psychological follow-up for a year after their discharge from the treatment center. Currently there are three operational clinics located in Beni, Butembo and Mangina.

Under Pillar 1 of the current Strategic Response Plan, the estimated funding requirement for all partners for the period July to December 2019 is US$ 287 million, including US$ 120-140 million for WHO. As of 10 October, US$ 60.4 million have been received by WHO, with additional funds committed or pledged. Further resources are needed to fund the response through to December 2019 and into the first quarter of 2020.

Under Pillar 5, Regional Preparedness, the funding requirement for all partners is US$ 66 million, of which WHO requires US$ 21 million. As of 8 October, WHO has received US$ 1.6 million. Whilst some additional pledges are in the pipeline, increased funding for preparedness in neighboring countries is urgently needed. WHO is appealing to donors to provide generous support. A summary of funding received by WHO since the start of this outbreak can be found here.

Public health response

For further information about public health response actions by the Ministry of Health, WHO, and partners, please refer to the latest situation reports published by the WHO Regional Office for Africa:

Ebola situation reports: Democratic Republic of the Congo

WHO risk assessment

WHO continuously monitors changes to the epidemiological situation and context of the outbreak to ensure that support to the response is adapted to the evolving circumstances. The last assessment, carried out on 8 October 2019, concluded that the national and regional risk levels remain very high, while global risk levels remain low.

Substantial progress has been made in the response over the past month with the number of new confirmed cases on a stable decline. With ongoing transmission shifting from major metro hotspots to rural health zones, vigilance is required as these areas can be difficult to access and face security challenges. Response strategies must continue to be adapted to the local context and capacities for operational readiness and preparedness should be enhanced and sustained in non-outbreak affected areas including major transit routes.

WHO advice

WHO advises against any restriction of travel to, and trade with, the Democratic Republic of the Congo based on the currently available information. There is currently no licensed vaccine to protect people from the Ebola virus. Therefore, any requirements for certificates of Ebola vaccination are not a reasonable basis for restricting movement across borders or the issuance of visas for travellers to/from the affected countries. WHO continues to closely monitor and, if necessary, verify travel and trade measures in relation to this event. Currently, no country has implemented travel measures that significantly interfere with international traffic to and from the Democratic Republic of the Congo. Travellers should seek medical advice before travel and should practice good hygiene. Further information is available in the WHO recommendations for international traffic related to the Ebola Virus Disease outbreak in the Democratic Republic of the Congo.

For more information, please see:

WHO resources and updates on Ebola virus disease
News release: As Ebola cases reach 3000 in DRC, WHO calls on all partners to fulfil promises to communities
SAGE Interim Recommendations on Vaccination against Ebola Virus Disease (EVD)
Ebola virus disease in the Democratic Republic of the Congo Â Operational readiness and preparedness in neighbouring countries
Second Ebola vaccine to complement Âring vaccinationÂ given green light in DRC
Update on Ebola drug trial: two strong performers identified
Independent Monitoring Board Recommends Early Termination of Ebola Therapeutics Trial in DRC Because of Favourable Results with Two of Four Candidates
Ebola response funding
WHO and partners to help the Government boost health facility defences against Ebola in the Democratic Republic of the Congo",Democratic Republic of the Congo,Ebola virus disease,27.68,62.0
15 october 2019,https://reliefweb.int/report/sudan/disease-outbreak-news-cholera-republic-sudan-15-october-2019,"On 8 September, SudanÂs Federal Ministry of Health (FMoH) notified WHO about a cholera outbreak in four localities in the Blue Nile State (BNS), south-eastern Sudan, bordering Ethiopia and South Sudan. The first case was detected on 28 of August 2019.

From 28 August through 12 October 2019, a total of 278 suspected cholera cases, including 8 deaths (case fatality ratio: 2.88 %), have been reported from four localities in Blue Nile State including Al Roseries (113), Ad Damazin (55), Wad Almahi (3) and Baw (5), and five localities in Sinnar State including Abu Hugar (80), Singa (4), Alsoky (14), Aldaly wa Almzmom (3) and Sennar (1) . One hundred seventy two cases were female (62%), and 238 (93.1%) were over 5 years of age.

As of 2 October, 28 out of 42 (67%) samples tested from affected States were confirmed by culture as Vibrio cholerae O1 Ogawa in the National Public Health Laboratory.

Public health response

The following public health response measures have been implemented:

With the support of WHO, the Federal Ministry of Health (FMoH) activated the national Cholera Task Force on 10 September;
WHO has deployed a technical team to assist FMoH with coordination of response and development of response strategy on the ground;
Surveillance and reporting system have been strengthened by the distribution of case definitions and case investigation forms, active case finding and maintaining the line list;
Activation of 14 Cholera Treatment Centres by MoH, 4 in Blue Nile State and 10 in Sinnar State, and standardization of case management protocols;
FMoH, WHO, and partners have provided cholera kits (enough to treat 200 people) with three additional kits (enough to treat 300 people) in the pipeline;
WHO is supporting the water quality surveillance system, water sampling, and testing, and infection prevention & control activities;
State Ministry of Health in Blue Nile State, with the support of partners, is implementing the water chlorination activities and health promotion in the affected areas;
WHO,with the support of Global Alliance for Vaccines and Immunization (GAVI), has launched an Oral Cholera Vaccine (OCV) campaign with an aim to target 1.6 million people in Senner and Blue Nile State. Doses of OCV have been released from the WHO global stockpile.

WHO risk assessment

Sudan is facing a continuous surge of suspected cholera cases since 2016. The current outbreak was reported following recent severe rainstorms and flooding in 15 out of 18 States. With the ongoing flooding and widespread damage to infrastructure, there is a concern that cases may further increase. Although Blue Nile State shares borders with Ethiopia and South Sudan, there is currently no evidence of cross-border spread of the outbreak. However,the risk of spread is of more concern in the areas situated down the river Nile (including Khartoum). The Government swiftly responded to the detection of cases and necessary control measures are being implemented by national authorities, with support from partners, to contain the outbreak

WHO advice

WHO recommends proper and timely case management. Improving access to safe drinking water and sanitation infrastructure, as well as improving hygiene practices and food safety in affected communities are the most effective means of controlling cholera.

Key public health communication messages should be provided to the population. Vaccination should be considered to complement the core prevention and control activities and help prevent the spread of the outbreak.

WHO does not recommend any travel or trade restrictions on Sudan based on the currently available information.",Republic of the Sudan,Cholera,20.49,31.0
17 october 2019,https://reliefweb.int/report/democratic-republic-congo/ebola-virus-disease-democratic-republic-congo-disease-outbreak-72,"The number of confirmed cases of Ebola virus disease (EVD) has been relatively low in recent weeks, with 15 new confirmed cases reported in North Kivu and Ituri provinces during the epidemiological week of 7 October through 13 October (Figure 1). These encouraging signs are offset by a marked increase in case incidence in Biakato Mine Health Area, Mandima Health Zone. During the past 21 days (from 25 September through 15 October), a total of 50 confirmed cases were reported from ten health zones (Table 1, Figure 2), of which two-thirds (62%, n=31) were reported from or had transmission links to Biakato Mine Health Area.

Issues with access and security are impacting case finding and investigations, contact tracing, safe and dignified burials, decontamination of affected residences, and vaccination rings in parts of Mandima Health Zone. This is reflected in the decline in the proportion of confirmed cases listed as contacts (from 57% to 13%) and increase in the proportion of cases dying outside of Ebola Treatment Centres or Transit Centres (from 14% to 27%) this past week. This is further demonstrated by the relatively low numbers of alerts reported in the two areas over the past 42 days, with 32% less than the expected number.

A recent qualitative investigation in these health zones indicated that there is poor understanding among the population and local health workers of the transmission mechanism and symptoms of the disease, compounded with an environment of mistrust surrounding the origin of the disease, and reason for vaccination. This may impact the reporting of cases and engagement with response activities. Less than half of the respondents indicated that they would call a hotline if a member of their community was suspected of having Ebola, and almost half reported that they would encourage a family member to go to a Treatment/Transit Centre if they were suspected of having Ebola. Furthermore, less than half of individuals interviewed understood the functions of different interventions in the response, and less than 5% were involved in the response. This investigation highlights the importance of engaging communities in response activities in the upcoming weeks.

As of 15 October, a total of 3227 EVD cases were reported, including 3113 confirmed and 114 probable cases, of which 2154 cases died (overall case fatality ratio 67%). Of the total confirmed and probable cases, 56% (n=1811) were female, 28% (n=918) were children aged less than 18 years, and 5% ((n=162) were health workers.

The Director-General will reconvene the Emergency Committee under the International Health Regulations (IHR), as three months have passed since the declaration of the public health emergency of international concern (PHEIC) on 17 July. The committee will review progress in the implementation of the Temporary Recommendations issued by the Director-General on 17 July, discuss whether the event still constitutes a PHEIC, and if yes, advise for new or updated Temporary Recommendations under the IHR. The current recommendations are available here as will be the upcoming statement.

Under Pillar 1 of the current Strategic Response Plan, the estimated funding requirement for all partners for the period July to December 2019 is US$ 287 million, including US$ 140 million for WHO. As of 17 October 2019, US$ 69.5 million has been received by WHO, with additional funds committed or pledged. Further resources are needed to fully fund the response through to December 2019 and into Q1 2020.

Under Pillar 5, Regional Preparedness, the funding requirement for all partners is US$ 66 million, of which WHO requires US$ 21 million. As of 17 October 2019, WHO has received US$ 4.3 million. While some additional pledges are in the pipeline, increased funding for preparedness in neighboring countries is urgently needed. WHO is appealing to donors to provide generous support. A summary of funding received by WHO since the start of this outbreak can be found here.

Public health response

For further information about public health response actions by the Ministry of Health, WHO, and partners, please refer to the latest situation reports published by the WHO Regional Office for Africa:

Ebola situation reports: Democratic Republic of the Congo

WHO risk assessment

WHO continuously monitors changes to the epidemiological situation and context of the outbreak to ensure that support to the response is adapted to the evolving circumstances. The last assessment, carried out on 8 October 2019, concluded that the national and regional risk levels remain very high, while global risk levels remain low.

Although the decline in case incidence is encouraging, it must be interpreted with caution as the situation remains highly contingent upon the level of access and security within affected communities. Concurrent with the decline in case incidence, there has been a further shift in hotspots from urban settings to more rural, hard-to-reach communities, within a more concentrated geographical area. These areas bring additional challenges to the response, including: an extremely volatile security situation; difficulty accessing some remote areas; relatively poorer Ebola awareness and delays to engaging with the community leading to mistrust and misunderstandings; and, potential under-reporting of cases. In such environments, risks of resurgence remain very high, as do the risks of re-dispersion of the outbreak with cases travelling outside of hotspots to seek healthcare or for other reasons. These risks continue to be mitigated by the substantial response and preparedness activities in the DRC and neighboring countries, with support from a consortium of international partners.

WHO advice

WHO advises against any restriction of travel to, and trade with, the Democratic Republic of the Congo based on the currently available information. There is currently no licensed vaccine to protect people from the Ebola virus. Therefore, any requirements for certificates of Ebola vaccination are not a reasonable basis for restricting movement across borders or the issuance of visas for travellers to/from the affected countries. WHO continues to closely monitor and, if necessary, verify travel and trade measures in relation to this event. Currently, no country has implemented travel measures that significantly interfere with international traffic to and from the Democratic Republic of the Congo. Travellers should seek medical advice before travel and should practice good hygiene. Further information is available in the WHO recommendations for international traffic related to the Ebola Virus Disease outbreak in the Democratic Republic of the Congo.",Democratic Republic of the Congo,Ebola virus disease,27.68,62.0
18 october 2019,https://www.who.int/csr/don/18-october-2019-mers-saudi-arabia/en/,,CoV),Middle East respiratory syndrome coronavirus (MERS,,
22 october 2019,https://reliefweb.int/report/lebanon/measles-lebanon-disease-outbreak-news-22-october-2019,"Health authorities in Lebanon are responding to an outbreak of measles. From 1 November 2018 through 12 October 2019, a total of 1,171 cases have been reported, of which 675 (57.6%) were laboratory confirmed, 8 (0.7%) epidemiologically linked cases, and 488 (41.7%) were clinically diagnosed. No associated deaths have been reported as of now.

Measles cases have been reported in all eight Lebanese governorates, with Aakar, Baalbek-El-Hermel, Bekaa North, and Mount Lebanon governorates most affected. Ninety percent of suspected measles cases were Lebanese nationals, while 10% were Syrians living in informal settlements and in residential areas. The cumulative incidence of measles among Lebanese was higher than that of Syrians (22.4 versus 11.1 per 100,000 population respectively).

The most affected age group among the 1,123 cases with known age was children under the age of 5 years with 705 cases (63%), followed by cases of 5-9 years of age (271 cases; 24%), 10-14 (31 cases; 3%), 15-24 (19 cases; 2%), and people over 24 years of age represented 97 cases (9%). In addition, children below 5 years old have the highest cumulative incidence (124.6 per 100,000 population) followed by children in the age group of 5-9 years (41.4 per 100,000 population).

The immunization strategy employed by the Lebanon public health sector includes both measles vaccine given at 9 months of age (introduced in 1987), and Measles Mumps Rubella (MMR) vaccine given to children as two doses at 12 and 18 months of age (MMR, introduced in 1996). The private sector implements MMR vaccination, at 12 months and 4-5 years of age.

In Lebanon, between 2000 to 2018, the WHO-UNICEF coverage estimations for second dose of measles-containing-vaccine ranged from 15 -75 percent with a median coverage of 63 percent.

Public health response

The Ministry of Health (MoH) in Lebanon is coordinating the response activities, with the support of WHO and UNICEF. Public health response measures include:

Epidemiological investigations, contact tracing and monitoring of close contacts;
Sensitization of clinicians on measles surveillance, reporting, case investigation and management;
Social mobilization and distribution of information, education and communication (IEC) materials;
Measles assessment mission, conducted in May 2019, recommended a national measles campaign and support to the epidemiological surveillance unit;
Localized accelerated immunization activities in areas of measles clusters;
Planning of a national measles campaign targeting 1,170,000 children in the age group of 6 months to less than 10 years of age.

WHO risk assessment

Based on the available information, the risk at the national level is considered to be high for the following reasons: nationwide case distribution and low vaccination coverage at national level with immunity gaps; the country host around one million displaced Syrians with limited access to healthcare; limited funding for supplementary immunization activities to improve measles vaccination coverage, and for the epidemiological surveillance unit to support surveillance activities and capacity building; and measles cases being reported throughout the country.

The overall risk at regional level was assessed as moderate due to porous boundaries allowing free movement between Lebanon and Syria, the low vaccination coverage and recent measles outbreaks reported in neighboring countries. The overall risk at global level was assessed as low.

WHO advice

Immunization is the only effective preventive measure against measles. Two doses of measles-containing-vaccine are recommended to ensure immunity.

Measles is a highly contagious viral disease which affects susceptible individuals of all ages and remains one of the leading causes of death among young children globally, despite the availability of safe and effective measles-containing vaccines. It is transmitted via droplets from the nose, mouth, or throat of infected persons. Initial symptoms, which usually appear 10Â12 days after infection, include high fever, usually accompanied by one or several of the following: runny nose, conjunctivitis, cough and tiny white spots on the inside of the mouth. Several days later, a rash develops, starting on the face and upper neck and gradually spreads downwards. A patient is infectious 4 days before the start of the rash to 4 days after the appearance of the rash. Most people recover within 2Â3 weeks.

While there is no specific antiviral treatment for measles, the provision of vitamin A is recommended by WHO for all children infected with measles, as it is associated with reduced mortality and severity of complications. In populations with high levels of malnutrition and a lack of adequate health care, up to 10% of measles cases result in death and in the most vulnerable groups deaths can reach up to 30%. Among malnourished children and people with greater susceptibility, measles can also cause serious complications, including blindness, encephalitis, severe diarrhea, ear infection, and pneumonia.

In countries with low vaccination coverage, epidemics typically occur every two to three years and usually last between two and three months, although their duration varies according to population size, crowding, and the populationÂs immunity status.

WHO urges all Member States to do the following:

Vaccinate to maintain high coverage (? 95%) with two doses of measles-containing-vaccine, in every district;
Vaccinate at-risk populations (without proof of vaccination or immunity against measles and rubella), such as healthcare workers, people working in tourism and transportation, and international travelers;
Maintain a reserve of MCV for control of imported cases;
Strengthen epidemiological surveillance for Âfever with rash casesÂ for timely detection of all suspected cases of measles in public and private healthcare facilities;
Ensure that collected blood samples from suspect measles cases are received by laboratories within five days;
Provide a rapid response to imported measles cases through the activation of rapid response teams to prevent the establishment or re-establishment of endemic transmission;
Administer vitamin A supplementation to all children diagnosed with measles to reduce the complications and mortality (two doses of 50, 000 IU for a child less than 6 month of age, 1,00, 000 IU for children between 6 and12 months of age or 2, 00, 000 IU for children 12-59 months, immediately upon diagnosis and on the following day).

For more information:

Measles factsheet
WHO vaccine preventable disease: Monitoring system. 2019 summary
WHO/UNICEF routine immunization estimates
Republic of Lebanon - Ministry of Public Health - Epidemiological Surveillance Program Descriptive Surveillance Findings",Lebanon,Measles,-8.0,93.0
23 october 2019,https://reliefweb.int/report/philippines/circulating-vaccine-derived-poliovirus-type-1-philippines-disease-outbreak-news,"On 27 September 2019 , a circulating vaccine-derived poliovirus type 1 (cVDPV1) has been confirmed in environmental samples in Philippines. The virus has been isolated from ten environmental samples, all genetically related, which were collected from one sewage collection site and its tributary pumping stations in Manila, between 1 July and 23 September 2019. This sewage collection site in the city of Manila has a catchment area of over 600,000 people.

Vaccine-derived polioviruses are rarely occurring forms of the poliovirus that have genetically changed from the attenuated (weakened) virus contained in oral polio vaccine. They only occur when the vaccine virus is allowed to pass from person to person for a long time, which can only happen in places with limited immunization coverage and inadequate sanitation and hygiene. Over time, as it is passed between more unimmunized people, it can regain the ability to cause disease. When the population is fully immunized with both oral polio vaccine and inactivated polio vaccine, this kind of transmission cannot take place. The gut immunity in people immunized with oral polio vaccine stops the virus from being passed on. Full immunization therefore protects against both vaccine-derived and wild polio viruses.

Philippines reported itÂs last indigenous wild poliovirus in 1993 and the country is currently having an ongoing circulating vaccine derived poliovirus type 2 (cVDPV2) outbreak since September 2019. There has been persistently suboptimal immunization coverage for oral polio vaccine (OPV) and inactivated polio vaccine (IPV) in the country: 66% and 41% respectively in 2018.

Public health response

The Department of Health is coordinating the response activities, with the support of partners including the Global Polio Eradication Initiative (GPEI) and WHO. Public health response measures include:

Outbreak response with bivalent OPV in the National Capital Region, strengthened routine immunization activities including inactivated polio vaccine (IPV) and strengthening of acute flaccid paralysis (AFP) and environmental surveillance.
Polio outbreak investigation to determine the number and characteristics of cases and the context for environmental isolates, along with determining the geographic extent and assessing the risk of further transmission.
Ongoing retrospective records review in health facilities to identify AFP cases for investigation.

WHO risk assessment

Given the subnational surveillance and immunity gaps and high levels of population movement within the country, the risk of national spread associated with this confirmed cVDPV1 is considered to be high.

The country is currently being affected by an ongoing cVDPV2 outbreak (Please see the Disease outbreak news published on 24 September 2019).

WHO advice

Countries, territories and areas should maintain uniformly high routine immunization coverage at the district level to minimize the consequences of any possible polio virus introduction or transmission. It is important that all countries, in particular those with frequent travel links and contacts with polio-affected countries and areas, strengthen surveillance for AFP cases in order to rapidly detect any new virus importation and to facilitate a rapid response.

WHOÂs International Travel and Health recommends that all travellers and residents in polio-affected areas be fully vaccinated against polio. Residents (and visitors for more than 4 weeks) from infected areas should receive an additional dose of oral polio vaccine (OPV) or inactivated polio vaccine (IPV) within 4 weeks to 12 months of travel.

As per the advice of an Emergency Committee convened under the International Health Regulations (2005), efforts to limit the international spread of poliovirus remains a Public Health Emergency of International Concern (PHEIC). Countries affected by poliovirus transmission are subject to Temporary Recommendations . To comply with the Temporary Recommendations issued under the PHEIC, any country infected by poliovirus should declare the outbreak as a national public health emergency and consider vaccination of all international travellers.",derived poliovirus type 1,Circulating vaccine,,
24 october 2019,https://reliefweb.int/report/democratic-republic-congo/ebola-virus-disease-democratic-republic-congo-disease-outbreak-73,"The number of confirmed cases of Ebola virus disease (EVD) remains relatively low this week, with 21 new confirmed cases reported in North Kivu and Ituri provinces during the epidemiological week of 14 Â 20 October. The observed fluctuation in case incidence (Figure 1) may be expected given the challenges faced by response teams in the prior weeks.

Biakato Health Area in Mandima Health Zone reported almost half the number of new confirmed cases in the past week (52%, n=11) and had links to the majority of cases (76%, n=16). The movement of 5 cases exposed in Biakato Mines Health Area, but detected outside of the area, brings forth operational challenges for teams on the ground. Movement of cases while symptomatic not only increases the risk of spread of EVD to unaffected and previously cleared geographic areas, it also hinders timely case investigations, contact tracing, and response measures implemented to limit the risk of transmission.

The deployment of additional support to the Biakato Mines Health Area has led to improvements in response efforts in the past week. The proportion of confirmed cases listed as contacts has increased from 13% to 57%. Similarly, in the past week there has been an increase from 47% to 90% in confirmed cases with a known epidemiological link to a case. Nevertheless, both indicators are below the level we would aim to be at this stage. As case incidence declines, continued strengthening of community-based surveillance and alerts from health facilities to rapidly detect flare-ups is a high priority for all areas.

During the past 21 days (from 2 Â 22 October), 50 confirmed cases were reported from eight active health zones in North Kivu and Ituri provinces (Figure 2, Table 1) with the majority reported in three health zones: Mandima (52%, n=26), Mambasa (12%, n=6), and Mabalako (10%, n=5). The major metropolitan area of Butembo city, comprising Katwa and Butembo health zones, which reported almost 1000 cases to date, recently cleared 21 days without newly detected cases. While this milestone highlights advances in the response, movement of cases to previously cleared health zones can quickly result in resurgence. An example of this was the detection of cases in Mabalako, all linked to Biakato Mines, after not reporting a confirmed case for 33 days. To mitigate the risk of onward transmission, ensuring community access and full operational readiness in cleared health zones and strategic at-risk communities is essential.

As of 22 October, a total of 3250 EVD cases were reported, including 3133 confirmed and 117 probable cases, of which 2174 cases died (overall case fatality ratio 67%). Of the total confirmed and probable cases, 56% (n=1827) were female, 28% (n=921) were children aged less than 18 years, and 5% (n=163) were health workers.

On 18 October, the Director-General reconvened the Emergency Committee under the International Health Regulations. The Committee reviewed progress in the implementation of the Temporary Recommendations issued by the Director-General on 17 July 2019. Updates on the outbreak were provided by representatives of the Democratic Republic of the Congo, as well as the UN Ebola Emergency Response Coordinator and the WHO Secretariat. Updates on preparedness in the neighbouring countries were provided by the United Republic of Tanzania, Republic of Uganda and the WHO Regional Office for Africa. It was the view of the Committee that this event still constitutes a public health emergency of international concern (PHEIC) under the IHR. The Committee provided this advice to the Director-General, who issued revised Temporary Recommendations under the IHR.

Under Pillar 1 of the current Strategic Response Plan, the estimated funding requirement for all partners for the period July to December 2019 is US$ 287 million, including US$ 140 million for WHO. As of 21 October 2019, US$ 69.5 million has been received by WHO, with additional funds committed or pledged. Further resources are needed to fully fund the response through to December 2019 and into Q1 2020.

Under Pillar 5, Regional Preparedness, pillar, the funding requirement for all partners is US$ 66 million, of which WHO requires US$ 21 million. As of 21 October 2019, WHO has received US$ 4.3 million. While some additional pledges are in the pipeline, increased funding for preparedness in neighbouring countries is urgently needed. WHO is appealing to donors to provide generous support. A summary of funding received by WHO since the start of this outbreak can be found here.

Public health response

For further information about public health response actions by the Ministry of Health, WHO, and partners, please refer to the latest situation reports published by the WHO Regional Office for Africa:

Ebola situation reports: Democratic Republic of the Congo

WHO risk assessment

WHO continuously monitors changes to the epidemiological situation and context of the outbreak to ensure that support to the response is adapted to the evolving circumstances. The last assessment, carried out on 8 October 2019, concluded that the national and regional risk levels remain very high, while global risk levels remain low.

While the relatively lower case incidence observed is encouraging, it must be interpreted with caution as the situation remains highly contingent upon the level of access and security within affected communities. Concurrent with the decline in case incidence, there was a further shift in hotspots from urban settings to more rural, hard-to-reach communities, within a more concentrated geographical area. These areas bring additional challenges to the response, including: an extremely volatile security situation; difficulty accessing some remote areas; delays to engaging with the community which in turn lead to mistrust and misunderstandings; and, potential under-reporting of cases. In such environments, risks of resurgence remain very high, as do the risks of re-dispersion of the outbreak with cases travelling outside of hotspots to seek healthcare or for other reasons. These risks continue to be mitigated by the substantial response and preparedness activities in the DRC and neighbouring countries, with support from a consortium of international partners.

WHO advice

WHO advises against any restriction of travel to, and trade with, the Democratic Republic of the Congo based on the currently available information. There is currently no licensed vaccine to protect people from the Ebola virus. Therefore, any requirements for certificates of Ebola vaccination are not a reasonable basis for restricting movement across borders or the issuance of visas for travellers to/from the affected countries. WHO continues to closely monitor and, if necessary, verify travel and trade measures in relation to this event. Currently, no country has implemented travel measures that significantly interfere with international traffic to and from the Democratic Republic of the Congo. Travellers should seek medical advice before travel and should practice good hygiene. Further information is available in the WHO recommendations for international traffic related to the Ebola Virus Disease outbreak in the Democratic Republic of the Congo.",Democratic Republic of the Congo,Ebola virus disease,27.68,62.0
31 october 2019,https://reliefweb.int/report/democratic-republic-congo/ebola-virus-disease-democratic-republic-congo-disease-outbreak-74,"The ongoing Ebola virus disease (EVD) outbreak in the North Kivu and Ituri provinces saw a stabilization in the number of new cases this past week, with 19 confirmed cases reported in the past week (23Â29 October), essentially equivalent to the 20 confirmed cases the week before. The majority (63%) of newly confirmed cases link back to chains of transmission in Biakato Mine Health Area, Mandima Health Zone, including a further three cases detected outside of Mandima in individuals who recently travelled from Biakato.

Onward local transmission has been observed in a limited number of towns and villages within family/social networks or health centers where cases visited prior to their detection and admission to treatment. In Mabalako, seven new cases were reported, of which two were linked to Biakato, two reported local family contact, and two were contacts within local health facilities, suggesting possible nosocomial exposure; investigations are ongoing for the remaining case. In Mambasa Health Zone, one additional case was reported, linked to a large cluster of cases. In Butembo, after over 21 days with no cases, two were reported this week. Both were residents of Kalunguta Health Zone where they were likely exposed. Thus far, there is no evidence of onward transmission in Butembo; nonetheless, these events demonstrate the high risks of reintroduction and resurgence in previously cleared health zones.

During the past 21 days (from 9 Â 29 October), 59 confirmed cases were reported from eight active health zones in North Kivu and Ituri provinces (Figure 2, Table 1) with the majority reported in three health zones: Mandima (49%, n=29), Mabalako (20%, n=12), and Mambasa (10%, n=6). As of 29 October, a total of 3269 EVD cases were reported, including 3152 confirmed and 117 probable cases, of which 2182 cases died (overall case fatality ratio 67%). Of the total confirmed and probable cases, 56% (n=1841) were female, 28% (n=926) were children aged less than 18 years, and 5% (n=163) were health workers.

Public health response

For further information about public health response actions by the Ministry of Health, WHO, and partners, please refer to the latest situation reports published by the WHO Regional Office for Africa:

Ebola situation reports: Democratic Republic of the Congo

WHO risk assessment

WHO continuously monitors changes to the epidemiological situation and context of the outbreak to ensure that support to the response is adapted to the evolving circumstances. The last assessment, carried out on 8 October 2019, concluded that the national and regional risk levels remain very high, while global risk levels remain low.

While the relatively lower case incidence observed is encouraging, it must be interpreted with caution as the situation remains highly contingent upon the level of access and security within affected communities. Concurrent with the decline in case incidence, there was a further shift in hotspots from urban settings to more rural, hard-to-reach communities, within a more concentrated geographical area. These areas bring additional challenges to the response, including an extremely volatile security situation; difficulty accessing some remote areas; delays to engaging with the community which in turn lead to mistrust and misunderstandings; and, potential under-reporting of cases. In such environments, risks of resurgence remain very high, as do the risks of re-dispersion of the outbreak with cases travelling outside of hotspots to seek healthcare or for other reasons. These risks continue to be mitigated by the substantial response and preparedness activities in the DRC and neighbouring countries, with support from a consortium of international partners.

WHO advice

WHO advises against any restriction of travel to, and trade with, the Democratic Republic of the Congo based on the currently available information. There is currently no licensed vaccine to protect people from the Ebola virus. Therefore, any requirements for certificates of Ebola vaccination are not a reasonable basis for restricting movement across borders or the issuance of visas for travellers to/from the affected countries. WHO continues to closely monitor and, if necessary, verify travel and trade measures in relation to this event. Currently, no country has implemented travel measures that significantly interfere with international traffic to and from the Democratic Republic of the Congo. Travellers should seek medical advice before travel and should practice good hygiene. Further information is available in the WHO recommendations for international traffic related to the Ebola Virus Disease outbreak in the Democratic Republic of the Congo.",Democratic Republic of the Congo,Ebola virus disease,27.68,62.0
31 october 2019,https://www.who.int/csr/don/31-october-2019-mers-the-united-arab-emirates/en/,,CoV),Middle East respiratory syndrome coronavirus (MERS,,
1 november 2019,https://www.who.int/csr/don/01-november-2019-zika-virus-disease-france/en/,,France,Zika virus disease,25.99,84.0
7 november 2019,https://reliefweb.int/report/democratic-republic-congo/ebola-virus-disease-democratic-republic-congo-disease-outbreak-75,"Fifteen confirmed cases were reported in the past week (30 October Â 5 November) in the ongoing Ebola virus disease (EVD) outbreak in North Kivu and Ituri provinces. While the number of new cases is consistent with the weekly average of 19 confirmed cases in the past 21 days, there is notable daily fluctuation of cases.

Violence this week in Lwemba Health Area in Mandima Health Zone caused the death of an Ebola response community health worker and left his spouse critically injured. WHO and partners condemned the attack, adding that acts of violence against individuals involved with the response are unacceptable and compromise the ability of health workers to assist communities impacted by the devastating effects of Ebola.

During the past 21 days (16 October Â 5 November), 54 confirmed cases were reported from seven active health zones in North Kivu and Ituri provinces (Figure 2, Table 1) with the majority reported in four health zones: Mandima (39%, n=21), Mabalako (31%, n=17), Beni (11%, n=6) , and Mambasa (11%, n=6). The vast majority (83%) of these cases were linked to Biakato Mines Health Area in Mandima Health Zone, with the remaining 10 cases linked to known chains of transmission in Binase, Katwa and Lwemba Health Areas.

In this context, reintroduction into previously cleared or unaffected neighbouring areas can be expected and possible geographical spread should be closely assessed and monitored. Approximately half (51%) of the cases reported in the past 21 days were located outside of the health zone where they had got infected, with the majority of these movements going to or coming from Mandima Health Zone. An analysis of population movement indicates that travel within the region is directed eastward from Mambasa to Komanda and towards Bunia, southward between Mambasa and Mangina, and further south and south-east through Beni to Butembo, and all the way to Kasindi and crossing into Uganda. Points of entry and points of control continue to be strengthened by response teams based on movement of cases and populations. This week, a case was detected while traveling through a newly-opened point of control, reinforcing the importance of enhancing screening along these major passages, transitways and border points. An example of reinforcement activities underway is the introduction of a EVD laboratory in Kasindi Health Area in the past week, close to the border with Uganda. This will facilitate the rapid identification of cases and earlier initiation of response activities.

As of 5 November, a total of 3285 EVD cases were reported, including 3167 confirmed and 118 probable cases, of which 2191 cases died (overall case fatality ratio 67%). Of the total confirmed and probable cases, 56% (n=1852) were female, 28% (n=930) were children aged less than 18 years, and 5% (n=163) were health workers.

Public health response

For further information about public health response actions by the Ministry of Health, WHO, and partners, please refer to the latest situation reports published by the WHO Regional Office for Africa:

Ebola situation reports: Democratic Republic of the Congo

WHO risk assessment

WHO continuously monitors changes to the epidemiological situation and context of the outbreak to ensure that support to the response is adapted to the evolving circumstances. The last assessment, carried out on 8 October 2019, concluded that the national and regional risk levels remain very high, while global risk levels remain low.

While the relatively lower case incidence observed is encouraging, it must be interpreted with caution as the situation remains highly contingent upon the level of access and security within affected communities. Concurrent with the decline in case incidence, there was a shift in hotspots from urban settings to more rural, hard-to-reach communities, within a more concentrated geographical area. These areas bring additional challenges to the response, including an extremely volatile security situation, difficulty accessing some remote areas, delays to engaging with the community which in turn lead to mistrust and misunderstandings, and potential under-reporting of cases. In such environments, risks of resurgence remain very high, as do the risks of re-dispersion of the outbreak with cases travelling outside of hotspots to seek healthcare or for other reasons. These risks continue to be mitigated by the substantial response and preparedness activities in the Democratic Republic of the Congo and neighboring countries, with support from a consortium of international partners.

WHO advice

WHO advises against any restriction of travel to, and trade with, the Democratic Republic of the Congo based on the currently available information. There is currently no licensed vaccine to protect people from the Ebola virus. Therefore, any requirements for certificates of Ebola vaccination are not a reasonable basis for restricting movement across borders or the issuance of visas for travellers to/from the affected countries. WHO continues to closely monitor and, if necessary, verify travel and trade measures in relation to this event. Currently, no country has implemented travel measures that significantly interfere with international traffic to and from the Democratic Republic of the Congo. Travellers should seek medical advice before travel and should practice good hygiene. Further information is available in the WHO recommendations for international traffic related to the Ebola Virus Disease outbreak in the Democratic Republic of the Congo.

For more information, please see:

WHO resources and updates on Ebola virus disease
News release: As Ebola cases reach 3000 in DRC, WHO calls on all partners to fulfil promises to communities
Ebola virus disease in the Democratic Republic of the Congo Â Operational readiness and preparedness in neighbouring countries
Second Ebola vaccine to complement Âring vaccinationÂ given green light in DRC
Update on Ebola drug trial: two strong performers identified
Ebola response funding
The Strategic Advisory Group of Experts (SAGE) on Immunization
Highlights from the Meeting of the Strategic Advisory Group of Experts (SAGE) on Immunization
Statement on the meeting of the International Health Regulations (2005) Emergency Committee for Ebola virus disease in the Democratic Republic of the Congo on 18 October 2019",Democratic Republic of the Congo,Ebola virus disease,27.68,62.0
14 november 2019,https://reliefweb.int/report/democratic-republic-congo/ebola-virus-disease-democratic-republic-congo-disease-outbreak-76,"Six new confirmed cases were reported in the past week (6 to 12 November) in the ongoing Ebola virus disease (EVD) outbreak in North Kivu and Ituri provinces. All six cases resulted from local transmission in Beni and in Mabalako Health Zones, and all were known contacts of a confirmed case. While all cases can be linked to earlier transmission chains in Biakato Mines Health Area, Mandima Health Zone, that health area has not reported a case since 4 November.

In the past week, Kalunguta Health Zone reported 21 days with no new confirmed EVD cases and Katwa Health Zone cleared 42 days with no new confirmed cases. As the number of cases decreases steadily, other case indicators appear to be encouraging. The proportion of registered contacts among cases prior to symptom onset is increasing over time, reaching 100% (6/6) in the past 7 days. Trends in proportion of community deaths among confirmed cases have also improved. In past 3 weeks, 12% (3/34) of cases were community deaths, compared to 28% (17/61) in the previous 3-week period (9-29 October) and 33% over the course of the entire outbreak. AA shorter delay from symptom onset to admission to isolation of alive EVD patients has also been reported. Between 24 August and 1 October 2019 the delay averaged 4.1 days, compared to 3.2 days between 2 October and 12 November 2019.

However, concerns remain around the recent shift of cases to Mabalako Health Zone. In the past 21 days (23 October Â 12 November), 40 confirmed cases were reported from five active health zones in North Kivu and Ituri provinces (Figure 2, Table 1) with the majority reported in three health zones: Mabalako (40%, n= 16), Mandima (33%, n= 13), and Beni (20%, n= 8). Ongoing local transmission in Bingo and Ngoyo Health Areas in Mabalako Health Zone is challenging because security issues have caused access and response difficulties in these areas.

As of 12 November, a total of 3291 EVD cases were reported, including 3173 confirmed and 118 probable cases, of which 2193 cases died (overall case fatality ratio 67%). Of the total confirmed and probable cases, 56% (n=1856) were female, 28% (n=930) were children aged less than 18 years, and 5% (n=163) were health workers.

This week the World Health Organization prequalified an Ebola vaccine for the first time. The injectable Ebola vaccine, Ervebo, manufactured by Merck (known as MSD outside the US and Canada) has met WHO standards for quality, safety and efficacy and can now be procured for at-risk countries by United Nations agencies and Gavi, the Vaccine Alliance. This decision will not have an immediate impact on the availability of the vaccine or how current doses are used in the Democratic Republic of the Congo, but is a step towards greater availability in the future.

Public health response

For further information about public health response actions by the Ministry of Health, WHO, and partners, please refer to the latest situation reports published by the WHO Regional Office for Africa:

Ebola situation reports: Democratic Republic of the Congo
WHO risk assessment

WHO continuously monitors changes to the epidemiological situation and context of the outbreak to ensure that support to the response is adapted to the evolving circumstances. The last assessment, carried out on 8 October 2019, concluded that the national and regional risk levels remain very high, while global risk levels remain low.

While the relatively lower case incidence observed is encouraging, it must be interpreted with caution as the situation remains highly contingent upon the level of access and security within affected communities. Concurrent with the decline in case incidence, there was a shift in hotspots from urban settings to more rural, hard-to-reach communities, within a more concentrated geographical area. These areas bring additional challenges to the response, including an extremely volatile security situation, difficulty accessing some remote areas, delays to engaging with the community which in turn lead to mistrust and misunderstandings, and potential under-reporting of cases. In such environments, risks of resurgence remain very high, as do the risks of re-dispersion of the outbreak with cases travelling outside of hotspots to seek healthcare or for other reasons. These risks continue to be mitigated by the substantial response and preparedness activities in the Democratic Republic of the Congo and neighboring countries, with support from a consortium of international partners.

WHO advice

WHO advises against any restriction of travel to, and trade with, the Democratic Republic of the Congo based on the currently available information. Any requirements for certificates of Ebola vaccination are not a reasonable basis for restricting movement across borders or the issuance of visas for travellers to/from the affected countries. WHO continues to closely monitor and, if necessary, verify travel and trade measures in relation to this event. Currently, no country has implemented travel measures that significantly interfere with international traffic to and from the Democratic Republic of the Congo. Travellers should seek medical advice before travel and should practice good hygiene. Further information is available in the WHO recommendations for international traffic related to the Ebola Virus Disease outbreak in the Democratic Republic of the Congo.

For more information, please see:

WHO resources and updates on Ebola virus disease
News release: As Ebola cases reach 3000 in DRC, WHO calls on all partners to fulfil promises to communities
Ebola virus disease in the Democratic Republic of the Congo Â Operational readiness and preparedness in neighbouring countries
Second Ebola vaccine to complement Âring vaccinationÂ given green light in DRC
Update on Ebola drug trial: two strong performers identified
Ebola response funding
The Strategic Advisory Group of Experts (SAGE) on Immunization
Highlights from the Meeting of the Strategic Advisory Group of Experts (SAGE) on Immunization
Statement on the meeting of the International Health Regulations (2005) Emergency Committee for Ebola virus disease in the Democratic Republic of the Congo on 18 October 2019",Democratic Republic of the Congo,Ebola virus disease,27.68,62.0
14 november 2019,https://reliefweb.int/report/sudan/rift-valley-fever-republic-sudan-disease-outbreak-news-14-november-2019,"On 10 October 2019, the National IHR Focal Point for Sudan notified WHO of 47 suspected cases of Rift Valley Fever (RVF), including two deaths in ArbÂaat Area, Towashan Village, in El Qaneb locality, Red Sea State. The suspected cases presented with high-grade fever, headaches, joint pain, vomiting. There were no hemorrhagic signs or symptoms observed. The first case presented to the health facility on 19 September 2019.

On 28 September 2019, a total of 14 samples were sent to the National Public Health Laboratory in Khartoum, and 5 tested positive for RVF by Immunoglobulin M (IgM) enzyme-linked immunosorbent assay (ELISA) and reverse-transcriptase polymerase chain reaction (RT-PCR). These samples were also tested for malaria and were found negative.

On 13 October 2019, a total of 10 suspected RVF cases were recorded in Barbar and Abu Hamed localities, of River Nile State. Of the 10 suspected RVF cases, five samples were tested and four were found positive for RVF. From 19 September 2019 until 11 November 2019, a total of 293 suspected human RVF cases, including 11 associated deaths have been reported from six states; including the Red Sea (120), River Nile (168), Kassala (2), White Nile (1), Khartoum (1), and Al Qadarif (1) States. The most affected age group is 15-45 years old, which accounts for 83% of the total suspected cases. The male to female ratio is 2.6, with a high proportion of the cases being farmers (37.5%).

These human RVF cases are concomitant with abortions and deaths among goats in the areas where the human suspected and confirmed cases have been reported. From 25 September through 3 November 2019, 21 goats in Red Sea State were reported as positive for RVF, including 4 deaths; and in River Nile State 16 goats, with 3 deaths, and 37 sheep, with 5 deaths, were confirmed positive for RVF by ELISA test at the Central Veterinary Research Laboratory in Khartoum.

Public Health Response

Red Sea State

Activation of RVF task force committee;
Printing and distribution of of RVF guidelines;
Deployment of surveillance teams for daily reporting and active case finding in the affected areas;
Establishment of two health centers and one dispensary with a capacity of 11 beds, laboratory items, drugs, and supplies to provide health services in the affected villages;
Conducting household inspections and fogging: In ArbÂaat area, a total of 452 households were inspected, out of which 30 were found positive for the presence of a competent vector; in Port Sudan, out of 1,225 households inspected, 29 were found positive for the competent vector, and fogging was provided to 1,949 households;
The Veterinary Epidemiology Department of the Ministry of Animal Resources conducted vector control in 4 animal enclosures in the affected villages.

River Nile

A joint investigation conducted by the State Ministry of Health (SMoH) and WHO on 12 October 2019;
Initiation of an RVF Action plan by the SMoH and WHO;
Initiation of Integrated Vector Management (IVM), surveillance, case management and Rapid Response Team (RRT) activities.

WHO risk assessment

RVF is endemic in Sudan. Three outbreaks affecting humans have been previously documented in 1973, 1976, and 2008. During the outbreak in 2008, a total of 747 laboratory-confirmed cases were reported, including 230 deaths.

The recent floods, following heavy rains on 13 August 2019, caused flash floods in 17 of the 18 states, including Abyei area in West Kordofan State. These floods have favored vector abundance, distribution, and longevity. The current RVF outbreak started on 19 September 2019 and has affected six states impacted by the floods.

The uncontrolled movements of animal populations within and outside the country borders may increase the spread of the disease to new areas.

RVF can cause significant economic losses due to livestock travel and trade restrictions, as well as high mortality and abortion rates among infected animals.

In a country where export of livestock is one of the major sources of the national income, the current RVF outbreak, in the context of political unrest and a debilitated health system requires an urgent need for external assistance.

WHO advice

Rift Valley Fever (RVF) is a mosquito-borne viral zoonosis that primarily affects animals, but also has the capacity to infect humans. The majority of human infections result from direct or indirect contact with the blood or organs of infected animals. Herders, farmers, slaughterhouse workers, and veterinarians have an increased risk of infection.

Awareness of the risk factors of RVF infection and measures to prevent mosquito bites is the only way to reduce human infection and deaths. Public health messages for risk reduction should focus on:

Reducing the risk of animal-to-human transmission resulting from unsafe animal husbandry and slaughtering practices.
Practicing hand hygiene as well as wearing gloves or other personal protective equipment when handling sick animals or their tissues and when slaughtering animals.
Reducing the risk of animal-to-human transmission arising from the unsafe consumption of raw or unpasteurized milk or animal tissue. In endemic regions, all animal products should be thoroughly cooked before eating.
Reducing the risk of mosquito bites through the implementation of vector control activities (e.g. insecticide spraying and use of larvicidal to reduce mosquito breeding sites), use of insecticide-impregnated mosquito nets and repellents, light- colored clothing (long-sleeved shirts and trousers).
Restricting or banning the movement of livestock to reduce the spread of the virus from infected to uninfected areas.
Routine animal vaccination is recommended to prevent RVF outbreaks. Vaccination campaigns are not recommended during an outbreak as they may intensify transmission among the herd through needle propagation of the virus.
Outbreaks of RVF in animals precede human cases, thus the establishment of an active animal health surveillance system is essential in providing early warning for veterinary and public health authorities.

WHO advises against the application of any travel or trade restrictions with the affected country based on the current information available on this event.",Republic of the Sudan,Rift Valley Fever,20.49,31.0
19 november 2019,https://www.who.int/csr/don/19-november-2019-dengue-pakistan/en/,,Pakistan,Dengue fever,12.71,15.0
21 november 2019,https://reliefweb.int/report/democratic-republic-congo/ebola-virus-disease-democratic-republic-congo-disease-outbreak-77,"Seven new confirmed cases were reported in the past week (13 to 19 November) in the ongoing Ebola virus disease (EVD) outbreak in North Kivu and Ituri provinces. After more than 30 days with no new cases, Oicha Health Zone reported a new confirmed EVD case, which was a community death. This case had links to Kalunguta, Mandima, Mabalako, and Oicha Health Zones and was transported within Beni Health Zone after death. A multidisciplinary team has commenced investigation of this chain of transmission. The source of exposure is yet to be identified; samples have been sent to the laboratory in Katwa Health Zone for sequencing to support the identification of the source case. All other cases reported in Beni and Mabalako Health Zones in the past week have been linked to known chains of transmission.

This week, security incidents attributed to armed conflict occurred in multiple areas included in the response, including Beni, Oicha, and Kyondo Health Zones. These were primarily due to ongoing military operations against non-state armed groups and retaliatory attacks on the local population. Although there have not been any reports of violence aimed at the response, the insecurity and related protests by communities led to the suspension of response activities in some areas of Beni, Butembo, and Oicha Health Zones. This violence and the disruptions to the response are threatening to reverse recent progress. As seen previously during this outbreak, such disruptions limit contact tracing and surveillance efforts and often result in increased transmission.

In the past 21 days (30 October to 19 November), 28 confirmed cases were reported from four active health zones in North Kivu and Ituri provinces with the majority reported in three health zones: Mabalako (50%, n=14), Beni (29%, n=8), and Mandima (18%, n=5). The majority of the cases (93%, n=26) are linked to known chains of transmission. The largest of the two active chains of transmission includes two cases who were both symptomatic in the community for a long period of time, which led to secondary and tertiary transmission. Mambasa and Butembo Health Zones passed 21 days with no new confirmed cases reported.

As of 19 November, a total of 3298 EVD cases were reported, including 3180 confirmed and 118 probable cases, of which 2197 cases died (overall case fatality ratio 67%). Of the total confirmed and probable cases, 56% (n=1859) were female, 28% (n=931) were children aged less than 18 years, and 5% (n=163) were health workers.

Public health response

For further information about public health response actions by the Ministry of Health, WHO, and partners, please refer to the latest situation reports published by the WHO Regional Office for Africa:

Ebola situation reports: Democratic Republic of the Congo

WHO risk assessment

WHO continuously monitors changes to the epidemiological situation and context of the outbreak to ensure that support to the response is adapted to the evolving circumstances. The last assessment concluded that the national and regional risk levels remain very high, while global risk levels remain low.

While the relatively lower case incidence observed is encouraging, it must be interpreted with caution as the situation remains highly contingent upon the level of access and security within affected communities. Concurrent with the decline in case incidence, there was a shift in hotspots from urban settings to more rural, hard-to-reach communities, within a more concentrated geographical area. These areas bring additional challenges to the response, including an extremely volatile security situation, difficulty accessing some remote areas, delays to engaging with the community which in turn lead to mistrust and misunderstandings, and potential under-reporting of cases. The recent security events and disruption of response activities underscore the fact that the risk of resurgence remains very high, as do the risks of re-dispersion of the outbreak with cases travelling outside of hotspots to seek healthcare or for other reasons. These risks continue to be mitigated by the substantial response and preparedness activities in the Democratic Republic of the Congo and neighbouring countries, with support from a consortium of international partners.

WHO advice

WHO advises against any restriction of travel to, and trade with, the Democratic Republic of the Congo based on the currently available information. Any requirements for certificates of Ebola vaccination are not a reasonable basis for restricting movement across borders or the issuance of visas for travellers to/from the affected countries. WHO continues to closely monitor and, if necessary, verify travel and trade measures in relation to this event. Currently, no country has implemented travel measures that significantly interfere with international traffic to and from the Democratic Republic of the Congo. Travellers should seek medical advice before travel and should practice good hygiene. Further information is available in the WHO recommendations for international traffic related to the Ebola Virus Disease outbreak in the Democratic Republic of the Congo.",Democratic Republic of the Congo,Ebola virus disease,27.68,62.0
21 november 2019,https://www.who.int/csr/don/21-november-2019-yellow-fever-venezuela/en/,,Bolivarian Republic of Venezuela,Yellow fever,25.81,58.0
22 november 2019,https://www.who.int/csr/don/22-november-2019-dengue-sudan/en/,,Republic of the Sudan,Dengue fever,20.49,31.0
27 november 2019,https://reliefweb.int/report/world/measles-global-situation-disease-outbreak-news-27-november-2019,"Many countries around the world are experiencing measles outbreaks. As of 5 November 2019, there have been 440,263 confirmed cases reported to WHO through official monthly reporting by 187 Member States in 2019.

The following is a brief update on the global measles situation based on information shared by Member States with WHO. Note that this is an evolving situation and data is constantly updated. Data below are based on the latest information available to WHO.

African Region

Large measles outbreaks are being reported in several countries in the region. Outbreaks are ongoing in Madagascar and Nigeria ; although the rate of new cases is decreasing, cases are still being reported weekly. As of 17 November 2019, a total of 250,270 suspected cases with 5,110 associated deaths have been reported by the Democratic Republic of the Congo, an increase in more than 8,000 cases compared to the previous week. All provinces are affected, and a national outbreak response vaccination campaign is ongoing in phases and should be completed by the end of the year. As of 13 November, Guinea had 4,690 suspected measles cases, 1,091 of which were confirmed. Outbreak vaccination response activities are underway. As of 17 November 2019, Chad had reported 25,596 suspected cases in 94% of their districts; outbreak response vaccination is planned.

Eastern Mediterranean Region

From 1 January through 17 November 2019, Lebanon reported 1,060 confirmed cases of measles1 (For more information, please see Disease Outbreak News (DON) published on measles in Lebanon on 22 October 2019). As of 8 November 2019, current outbreaks of concern include Yemen with 5,847 confirmed cases, Sudan with 3,659 confirmed cases, Somalia with 2,795 cases, Pakistan with 1,978 confirmed cases, Tunisia with 1,367 cases, and Iraq with 1,222 cases of measles.

European Region

Many countries in Europe experienced large outbreaks in 2019. From 1 January through 5 November 2019, Ukraine has reported 56,802 cases, followed by Kazakhstan with 10,126 cases, Georgia with 3,904 cases, Russian Federation with 3,521 cases, Turkey with 2,666 cases, and Kyrgyzstan with 2,228 cases of measles. Some of these outbreaks (e.g. Georgia, Russian Federation, Turkey) have resolved.

Region of Americas

From 1 January through 9 November 2019, Brazil reported 11,887 confirmed cases of measles, with the majority of cases in Sao Paulo. A vaccination response is underway.

During the same time, Venezuela reported 520 measles cases with no new case being reported in the last 14 weeks. Colombia has reported 215 cases which were likely acquired in Venezuela. In the United States, two large sustained outbreaks in New York State have also been declared over; however, small outbreaks are still occurring in other states within the United States. 2

South-East Asia Region

From 1 January through 18 November, Bangladesh has reported 4,181 confirmed cases of measles. Much of the current, growing outbreak is centered in Rohingya refugee camps in CoxÂs Bazaar; vaccination efforts continue. Myanmar has had 5,286 cases though their outbreak appears to be resolving after two rounds of outbreak response immunization. A nationwide vaccination campaign for children aged 9-65 months is ongoing. There is a need to also vaccinate previously unreached adults to stop the current ongoing transmission.

During the same time, Thailand reported 4,852 cases, and a vaccination campaign targeting children between 1-12 years of age is ongoing; however, there is a need to conduct vaccination campaigns for susceptible populations born between 1984 to 2000 as well as migrant populations in industrial areas, people participating in travel and tours company and such other establishments.

Western Pacific Region

Outbreaks in the Philippines and Viet Nam earlier in 2019 drove the increase in cases in the Region, but new cases are decreasing in these countries. As of 20 November 2019, current outbreaks include New Zealand with 2,084 confirmed cases, of which 80% are in the Auckland region 3 ; Cambodia has 490 cases with cases occurring in all provinces.

From 1 January through 23 November 2019, multiple countries in the Pacific Islands are experiencing outbreaks including Tonga (310 cases), Fiji (10 cases)4 , and American Samoa (2 cases). As of 26 November, the Samoa Ministry of Health confirmed a total of 2,437 cases and 32 associated deaths, with 243 new cases reported within the last 24 hours 5 . These islands are conducting outbreak response activities and mitigation measures, including vaccination campaigns.

Public health response

WHO and partners coordinate their support to Member States for the following activities:

Enhancing preparedness for measles outbreak response
Strengthening public trust in vaccines
Strengthening surveillance, risk assessment and outbreak investigations
Improving clinical management of measles cases
Implementing outbreak response immunization activities
Evaluating outbreak response activities

WHO has established a measles outbreaks Incident Management Support system to coordinate its support to affected countries.

WHO risk assessment

Measles is a highly contagious viral disease which affects susceptible individuals of all ages and remains one of the leading causes of death among young children globally, despite the availability of safe and effective measles-containing vaccines. It is transmitted via droplets from the nose, mouth, or throat of infected persons. Initial symptoms, which usually appear 10Â12 days after infection, include high fever, usually accompanied by one or several of the following: runny nose, conjunctivitis, cough and tiny white spots on the inside of the mouth. Several days later, a rash develops, starting on the face and upper neck and gradually spreads downwards. A patient is infectious four days before the start of the rash to four days after the appearance of the rash. Most people recover within 2Â3 weeks.

Even with implementation of routine immunization, measles continues to circulate globally due to suboptimal vaccination coverage and population immunity gaps. Any community with less than 95% population immunity is at risk for an outbreak. If an outbreak response is not timely and comprehensive, the virus will find its way into more pockets of vulnerable individuals and potentially spread within and beyond the affected countries.

The impact on public health will persist until the ongoing outbreaks are controlled, routine immunization coverage is continuously high (? 95%) and immunity gaps in the population are closed. As long as measles continues to circulate anywhere in the world, no country can be assured to avoid importation. However, countries can protect their populations through high vaccine coverage achieved primarily through routine immunization programmes, and where necessary through supplemental immunization activities designed to assure that susceptible individuals are vaccinated.

WHO advice

Immunization is the most effective preventive measure against measles. Two doses of measles-containing-vaccine are recommended to ensure immunity.

While there is no specific antiviral treatment for measles,prompt provision of vitamin A is recommended by WHO for all children infected with measles. It is critical to quickly recognize and treat complications of measles in order to reduce mortality and severity of disease.

WHO urges all Member States to do the following:

Maintain high measles vaccination coverage (? 95%) with two doses of measles-containing-vaccine, in every district;
Offer vaccination to individuals who do not have proof of vaccination or immunity against measles, and who are at risk of infection and transmission of the virus, such as healthcare workers, people working in tourism and transportation, and international travelers;
Strengthen epidemiological surveillance for cases of Âfever with rashÂ for timely detection of all suspected cases of measles in public and private healthcare facilities;
Ensure that collected blood samples from suspect measles cases appropriately tested by laboratories within five days;
All countries need to provide a rapid response to imported measles cases to prevent the establishment or re-establishment of endemic transmission;
Recognize complications early and provide comprehensive treatment to reduce the severity of disease and avoid unnecessary deaths.
Administer vitamin A supplementation to all children diagnosed with measles to reduce the complications and mortality (two doses of 50, 000 IU for a child less than 6 month of age, 1,00, 000 IU for children between 6 and12 months of age or 2, 00, 000 IU for children 12-59 months, immediately upon diagnosis and on the following day.
Ensure health care workers are vaccinated in order to avoid infections acquired in a health care setting.",Global situation,Measles,,
28 november 2019,https://reliefweb.int/report/sierra-leone/lassa-fever-netherlands-ex-sierra-leone-disease-outbreak-news-28-november-2019,"Sierra Leone health officials, supported by WHO, US Centers for Disease Control and Prevention (CDC) and other partners, are responding to an outbreak of Lassa fever.

On 20 November 2019, WHO was informed by The NetherlandsÂ International Health Regulations (IHR) National Focal Point of one imported case of Lassa fever from Sierra Leone. The patient was a male doctor, a Dutch national who worked in a rural Masanga hospital in Tonkolili district, Northern province in Sierra Leone.

The probable route of transmission is believed to be through exposures during a surgical procedure he performed on two patients in Masanga hospital on 4 November 2019. Both patients died following surgical interventions; one died on 4 November and the second on 19 November 2019. Both surgical patients are considered probable cases and the patient who died on the 4 November is believed to be the index case for this outbreak, who was likely the source of infection of the Dutch doctor.

The onset of the doctorÂs symptoms started on 11 November, a week after performing the surgery, and included malaise and headache, followed by fever, diarrhoea, vomiting and cough. While symptomatic, he attended a surgical training event in Freetown, Sierrra Leone on 11-12 November. This event was also attended by several international participants from the Netherlands and United Kingdom, in addition to 35 local participants. On 19 November, the symptomatic doctor was medically evacuated to The Netherlands after he did not respond to treatment with antimalarials and antibiotics. The evacuation was managed by a dedicated ambulance plane with four staff from a German organization. During the journey, the plane stopped in Morocco (Agadir Airport). As the illness was initially thought to be malaria or typhoid fever, personal protective equipment, other than gloves were not used and no specific containment procedures were used during the medical evacuation.

Laboratory specimens from the patient tested positive for Lassa fever by polymerase chain reaction (PCR) and sequencing at Erasmus University Medical Centre in Rotterdam on 20 November 2019.

The patient died on the night of 23 November 2019.

On 22 November 2019, WHO was informed of a second laboratory confirmed case of Lassa fever in another Dutch health care worker, who also worked in the Masanga hospital. Samples from this second case were sent to the Erasmus University Medical Centre in Rotterdam and tested positive for Lassa fever by PCR. The second case also participated in one of the surgical procedures performed by the medically evacuated Dutch doctor. The date of onset of symptoms of the second case was 11 November and was subsequently medically evacuated in high containment isolation to the Netherlands and is currently under treatment. Isolation precautions have been implemented.

The Masanga hospital in Sierra Leone, where the Dutch doctor worked is supported by several non-governmental organizations, with international health care workers including staff from countries including Denmark, The Netherlands and the United Kingdom, alongside national health care workers.

Contact tracing and monitoring activities have been initiated in these countries as required.

Sierra Leone

An outbreak investigation and response is ongoing under leadership of the Ministry of Health (MoH), supported by US Centres for Disease Control and Prevention (CDC) and WHO. As of 24 November 2019, in addition to the two Dutch cases, two further cases among national health care workers, one confirmed and another suspected, were reported from Masanga hospital. Both health care workers were involved in the management of the two surgical patients operated by the Dutch doctor on 4 November. All high-risk contacts in Masanga hospital are being monitored.

The Netherlands

Several high and low risk contacts have been identified among personal contacts and health care workers. According to Dutch protocols, they will be monitored until 21 days after the last potential exposure. Five high-risk Dutch contacts who were in Sierra Leone have been repatriated through a dedicated flight and are now under monitoring. Dutch low risk contacts in Sierra Leone have been advised to perform self-monitoring in situ.

Germany

The four medical evacuation flight staff (two pilots and two health care workers) spent eight (8) flight hours in a confined space in the ambulance plane, without any barrier between the cockpit and cabin. They have been assessed as moderate level risk contacts. According to German recommendations, they are being monitored for 21 days following the last potential exposure on 19 November (until 10 December 2019).

United Kingdom (UK)

UK authorities have identified 18 UK nationals as contacts of the first Dutch case. Of these 18, eight are high risk contacts and were exposed in Masanga hospital while working alongside the doctor or possibly got exposed from the two patients he operated on 4 November. Of these eight high risk contacts, seven returned back to UK and one went to Uganda. Additionally, 13 UK nationals attended a surgical training event in Freetown, Sierra Leone on 11-12 November, which was also attended by the first Dutch case, while already symptomatic. Of these 13 participants, three came from Masanga hospital and belong to the above group of eight high risk contacts. The rest 10 participants were possibly exposed during the training and are considered low risk contacts. Of these 18 contacts identified (eight high risk and ten low risk contacts), 17 have returned back to UK and are under public health follow up for 21 days; one high risk contact went to Uganda. There were also several Dutch and 35 local participants who attended this event. UK authorities are in contact with the organizers and the names of participants from Sierra Leone and The Netherlands have been shared with respective National IHR Focal Points.

Uganda

One contact, a UK national, who may have been exposed in Masanga hospital on 15 November and subsequently travelled to Uganda on 16 November is now being followed up by the Uganda authorities, and the UK authorities are providing support remotely though public health and consular channels.

The National IHR Focal Point of The Netherlands has also informed their counterpart in Morocco about the potential risk of exposure at the Agadir Airport. Morocco National IHR Focal Point confirmed that the investigation is conducted, and control measures have been implemented to ensure there was no transmission in Agadir.

Sierra Leone is endemic for Lassa fever. Previously, sporadic cases have been exported to Europe from endemic countries in Africa, such as Togo, Liberia and Nigeria.

In 2018, a total of 23 confirmed Lassa fever cases with 14 deaths (case fatality rate = 61%) were reported from two districts of Sierra Leone: Bo District (two cases with two deaths) and Kenema District (21 cases with 12 deaths).

From 1 January through 17 November 2019, of the 182 suspected cases, ten (10) cases with six (6) deaths (case fatality ratio 60%) have been confirmed for Lassa virus infection. All confirmed cases during this period were reported from Kenema district; which has been reporting cases of Lassa fever every year.

Public health response

The International Health Regulations Focal Points and Health Authorities in Denmark, Germany, Morocco, The Netherlands, Sierra Leone, Uganda and the United Kingdom have been collaborating to share information about this event, together with the WHO and US CDC.

Contact tracing and monitoring activities for 21 days following the last potential exposure have been initiated in Sierra Leone, Germany, The Netherlands, Uganda and the United Kingdom.

Investigations are ongoing in Sierra Leone in Masanga hospital and surrounding areas in Tonkolili district with a deployment of a national rapid response team, supported by US CDC and WHO.

WHO risk assessment

Lassa fever is an acute viral haemorrhagic fever illness that is transmitted to humans via contact with food or household items contaminated with rodent urine or faeces. Human-to-human infections and laboratory transmission can also occur through direct contact with the blood, urine, faeces, or other bodily secretions of a person with Lassa fever. The overall case fatality rate is 1%; it is 15% among patients hospitalized with severe illness.

Sierra Leone is endemic for Lassa fever and sporadic cases have been exported to Europe from endemic countries in Africa, such as Togo, Liberia and Nigeria in recent years. However, in general, the secondary transmission of Lassa fever through human contacts is rare.

Data from recent imported cases show that secondary transmission of Lassa fever is rare when standard infection control precautions are observed. Further, epidemiological investigations are ongoing: Human-to-human transmission occurs in both community and health-care settings, where the virus may spread by contaminated medical equipment. Health care workers are at risk if caring for Lassa fever patients in the absence of appropriate infection prevention and control measures. Considering the seasonal flare-ups of cases in humid zones between December and March, countries in West Africa that are endemic for Lassa fever are encouraged to strengthen their related surveillance systems.

WHO advice

Prevention of Lassa fever relies on community engagement and promoting hygienic conditions to discourage rodents from entering homes.

There is currently no approved vaccine. Early supportive care with rehydration and symptomatic treatment improves survival.

Family members and health care workers should always be careful to avoid contact with blood and body fluids while caring for sick persons.

According to WHO guidance for viral haemorrhagic fever, health care staff should consistently implement standard precautions when caring for all patients to prevent infections acquired in a health care setting and strictly apply contact precautions including isolation when caring for suspected or confirmed Lassa fever patients or handling their clinical specimens or body fluids. Standard precautions are meant to reduce the risk of transmission of bloodborne and other pathogens from both recognized and unrecognized sources. Standard Precautions are recommended in the care and treatment of all patients regardless of their perceived or confirmed infectious status. They represent the basic fundamental level of infection prevention and control and include hand hygiene, use of personal protective equipments to avoid direct contact with blood and body fluids, prevention of needle stick and injuries from other sharp instruments, and a set of environmental controls. Sterilization and environmental cleaning should also be particularly strengthened and undergo quality control assessments.

In order to avoid any direct contact with blood and body fluids and/or splashes onto facial mucosa (eyes, nose, mouth) when providing direct care for a patient with suspected or confirmed Lassa virus, personal protective equipment should include: 1) clean non-sterile gloves; 2) clean, non-sterile fluid-resistant gown; and 3) protection of facial mucosa against splashes (mask and eye protection, or a face shield). Given the nonspecific presentation of viral haemorrhagic fevers, isolation of ill travellers and consistent implementation of standard precautions are key to preventing secondary transmission. When consistently applied, these measures can prevent secondary transmission even if travel history information is not obtained, not immediately available, or the diagnosis of a viral haemorrhagic fever is delayed.

WHO continues to advise all countries in the Lassa fever belt of the need to enhance early detection and treatment of cases to reduce the case fatality rate as well as strengthen cross-border collaboration.

WHO advises against any restrictions on travel or trade to or from Sierra Leone based on the current available information.

For more information on Lassa fever, please see the link below:

WHO Lassa fever fact sheet
Infection prevention and control guidance for care of patients with suspected or confirmed patients with viral heamorragic fever in health-care settings",The Netherlands (ex,Lassa Fever,,
28 november 2019,https://reliefweb.int/report/democratic-republic-congo/ebola-virus-disease-democratic-republic-congo-disease-outbreak-78,"Six new confirmed cases were reported between 20 to 26 November in the ongoing Ebola virus disease (EVD) outbreak in North Kivu and Ituri provinces. Half of the confirmed cases in this week came from Mabalako Health Zone (50%, n=3), and one case each came from Mandima, Oicha, and Beni Health Zones.

In the past week, violence, widespread civil unrest, and targeted attacks have severely disrupted the Ebola response and restricted access to affected communities in multiple locations.

On the night of 27 November, an attack on the Ebola response camp in Biakato Mines resulted in the deaths of three responders and the injury of six others. Staff were evacuated, and the majority of response activities in the area have been suspended. On the same night, a separate attack on the Ebola coordination office in Mangina resulted in the death of a police officer guarding the facility.

Since 20 November, violence and civil unrest have limited response activities in Beni and Oicha. On 26 November, about one-third of WHOÂs Ebola response personnel in Beni were temporarily relocated to Goma. The disruptions to the response and lack of access to Ebola-affected communities are threatening to reverse recent progress. As seen previously during this outbreak, such disruptions often result in increased transmission and a subsequent rise in the number of cases due to impacts on surveillance and control efforts such as active case finding, contact tracing, and vaccination.

Following insecurity, the volume of reported daily alerts from healthcare facilities and the community has dropped in Beni in the four-day period from 23 to 26 November from approximately 400 per day to 120-150 per day. Proportionally similar reductions in the number of alerts have also been observed in Butembo, following two days of protests. In addition, recent security events have had an impact on contact tracing activities, which involves monitoring registered contacts of EVD cases for signs of infection, particularly in Oicha where only 15% of contacts were under surveillance as of 26 November. The overall average percentage of contacts under surveillance in the last 7 days is 86%, but it dropped as low as 59% on 25 November. These are essential functions of the response that are well known to reduce the risk of spread of the virus, and the fluctuations in performance following insecurity may enable new chains of transmission.

In the past 21 days (6 to 26 November), 19 confirmed cases were reported from four neighbouring, active health zones in North Kivu and Ituri provinces (Figure 2, Table 1): Mabalako (63%, n=12), Beni (21%, n=4), Oicha (11%, n=2), and Mandima (5%, n=1). The majority of the cases (95%, n=18) are linked to known chains of transmission. In the previous 21 day period (16 October to 5 November), 55 confirmed cases were reported from seven health zones.

As of 26 November, a total of 3304 EVD cases were reported, including 3186 confirmed and 118 probable cases, of which 2199 cases died (overall case fatality ratio 67%). Of the total confirmed and probable cases, 56% (n=1862) were female, 28% (n=935) were children aged less than 18 years, and 5% (n=163) were health workers.

Public health response

For further information about public health response actions by the Ministry of Health, WHO, and partners, please refer to the latest situation reports published by the WHO Regional Office for Africa:

Ebola situation reports: Democratic Republic of the Congo
WHO risk assessment

WHO continuously monitors changes to the epidemiological situation and context of the outbreak to ensure that support to the response is adapted to the evolving circumstances. The last assessment concluded that the national and regional risk levels remain very high, while global risk levels remain low.

WHO advice

WHO advises against any restriction of travel to, and trade with, the Democratic Republic of the Congo based on the currently available information. Any requirements for certificates of Ebola vaccination are not a reasonable basis for restricting movement across borders or the issuance of visas for travellers to/from the affected countries. WHO continues to closely monitor and, if necessary, verify travel and trade measures in relation to this event. Currently, no country has implemented travel measures that significantly interfere with international traffic to and from the Democratic Republic of the Congo. Travellers should seek medical advice before travel and should practise good hygiene. Further information is available in the WHO recommendations for international traffic related to the Ebola Virus Disease outbreak in the Democratic Republic of the Congo.

For more information, please see:

WHO resources and updates on Ebola virus disease
News and updates on the Ebola outbreak in the Democratic Republic of the Congo
Highlights from the Meeting of the Strategic Advisory Group of Experts (SAGE) on Immunization
The Strategic Advisory Group of Experts (SAGE) on Immunization
Ebola virus disease in the Democratic Republic of the Congo Â Operational readiness and preparedness in neighbouring countries
Update on Ebola drug trial: two strong performers identified
Ebola response funding",Democratic Republic of the Congo,Ebola virus disease,27.68,62.0
28 november 2019,https://reliefweb.int/report/pakistan/circulating-vaccine-derived-poliovirus-type-2-pakistan-disease-outbreak-news-28,"Through national disease surveillance, an outbreak of circulating vaccine-derived poliovirus type-2 (cVDPV2) has been confirmed in Pakistan in 2019. Between 7 July and 3 November 2019, 11 children have been paralysed from cVDPV2 in Pakistan Â four in Diamir district, Gilgit-Baltistan province, three in Kohistan, two in Torghar and one in Charsadda, Khyber Pakhtunkhwa (KP) province, and one in Metropolitan Corporation Islamabad. The median age for these cases was 22 months ranging from 8 to 66 months .

The virus was also isolated in stool samples from two contacts of one patient from Diamir, one contact of one patient from Torghar, as well as from 16 healthy children from Diamir, Kohistan and Rawalpindi districts. In addition, the virus was also isolated in seven environmental samples collected between 21 August and 25 October 2019 in Rawalpindi and Lahore districts, Punjab province; Diamir and Gilgit districts, Gilgit-Baltistan province; and Site Town, district West, Karachi, Sindh province.

The genetic sequencing confirmed that the VDPV2 isolated in the environmental samples collected at the Safdarabad site in Rawalpindi district in August was linked to a virus isolated in Diamir environmental samples collected in August and September. This is the indication of a circulating VDPV2 outbreak.

All VDPV2 strains were isolated in the WHO Regional Reference Laboratory for Polioviruses (RRL), National Institute of Health in Pakistan and had a full viral genomic sequencing in the US Centres for Disease Control and Prevention (CDC). The VDPV2 isolates from acute flaccid paralysis (AFP) cases, contacts, and environmental samples have undergone 6 to 13 nucleotide changes reflecting a recent emergence of cVDPV2.

Pakistan is classified as endemic for wild poliovirus, and as of 13 November, there have been 86 cases of wild poliovirus type 1 (WPV1) reported in the country in 2019 compared to 12 cases in 2018.

The last VDPV2 case in Pakistan was reported from Quetta city, Balochistan province in December 2016 and was classified as a cVDPV2. Response campaigns were conducted with monovalent oral poliovirus type 2 (mOPV2) where 2.96 million doses were administered. The last response campaign was in March 2017 and this was the last time mOPV2 was used in Pakistan. In the country, inactivated poliovirus vaccine (IPV) was introduced in September 2015 and its reported coverage was suboptimal ranging from 20% in 2015 to 75% in 2018.

Public health response

The outbreak response and detailed field investigations are ongoing to understand both the source of the virus and the extent of transmission. Active surveillance for AFP is being strengthened and environmental surveillance is being intensified and expanded; subnational population immunity levels are being assessed. These investigations have drawn on the experience and capacity of the international poliovirus laboratory network and global experts.

While investigations continue, an inactivated polio vaccine (IPV) campaign was conducted in September 2019 targeting more than 180,000 children between the age of 4-59 months to rapidly increase population immunity . The Global Polio Eradication Initiative (GPEI) has supported the Ministry of Health (MoH) to implement a vaccination campaign with mOPV2 that commenced on 13 November 2019 in 11 districts of northern Pakistan (Haripur, Abbotabad, Mansehra, Battagram, Shangla, Torghar, Kohistan, Charsadda, Mohmand, Diamir, Gilgit), as well as in the twin cities of Rawalpindi and Islamabad targeting 2.7 million children under-5 years of age. In affected areas and identified high-risk areas, it is critical to respond robustly and rapidly to outbreaks.

WHO risk assessment

WHOÂs assessment is that the risk of spread of cVDPV2 within the country as high due to the high population movement, strong connectivity across the country, and low population immunity against type 2 poliovirus. The detection of this cVDPV2 strain underscores the importance of maintaining high levels of routine polio vaccination coverage at all levels to minimize the risk and consequences of any poliovirus circulation. WHO stands ready to support the ongoing investigation and risk assessment by national health authorities.

WHO advice

It is important that all countries, in particular, those with frequent travel and contacts within polio-affected countries and areas, strengthen surveillance for AFP cases in order to rapidly detect any new virus importation and to facilitate a rapid response. Countries, territories and areas should also maintain uniformly high routine immunization coverage at the district level to minimize the consequences of any new virus introduction.

WHOÂs International Travel and Health recommends that all travellers to polio-affected areas be fully vaccinated against polio. Residents (and visitors for more than 4 weeks) from infected areas should receive an additional dose of OPV or inactivated polio vaccine (IPV) within 4 weeks to 12 months of travel.

As per the advice of an Emergency Committee convened under the International Health Regulations (2005), efforts to limit the international spread of poliovirus remains a Public Health Emergency of International Concern (PHEIC). Countries affected by poliovirus transmission is subject to Temporary Recommendations. To comply with the Temporary Recommendations issued under the PHEIC, any country infected by poliovirus should declare the outbreak as a national public health emergency and consider vaccination of all international travellers.

For more information:

Global Polio Eradication Initiative
Polio Factsheet
WHO/UNICEF estimates of national routine immunization
GPEI Public health emergency status
International travel and health
Vaccine-derived polioviruses
Global Polio Eradication Initiative Polio free countries
Global Polio Eradication Initiative Â Pakistan
Pakistan Polio eradication programme
Standard operating procedures - responding to a poliovirus event or outbreak",derived poliovirus type 2,Circulating vaccine,,
29 november 2019,https://www.who.int/csr/don/29-november-2019-dengue-spain/en/,,Spain,Dengue fever,11.82,100.0
29 november 2019,https://reliefweb.int/report/nigeria/circulating-vaccine-derived-poliovirus-type-2-africa-region-disease-outbreak-news-0,"Outbreaks of circulating vaccine-derived poliovirus type 2 (cVDPV2) have been reported in several countries in West Africa, central Africa and Horn of Africa (for more information, please see the disease outbreak news published on 31 July 2019(2005)). This report provides a situational update on current cVDPV2 outbreaks in newly affected countries in Africa. No wild poliovirus has been detected on the continent since September 2016.

A. West Africa and Lake Chad Basin (LCB) sub-region

In West Africa and the Lake Chad sub-region, a cVDPV2 outbreak originating from Jigawa state, Nigeria, continues to spread. Following detection of this outbreak in Cameroon, Ghana, Benin and the Republic of Niger earlier this year and in 2018, the virus has now been detected in Chad, Togo and CÃ´te dÂIvoire.

Chad

On 16 October 2019, cVDPV2 was isolated from a child under five years old with acute flaccid paralysis (AFP) in Mandelia sub-prefecture in Chari Baguirmi province, western Chad bordering Cameroon. Onset of paralysis was on 9 September. Samples were collected on 16 and 17 September 2019. The isolated virus was reported to be genetically different from Sabin 2 with 32 nucleotide changes. The affected geographical area has previously not participated in a monovalent oral polio vaccine type 2 (mOPV2) vaccination campaign.

As of 28 October 2019, there is one case of cVDPV2 reported in the country. According to the WHO-UNICEF routine immunization estimates, inactivated poliovirus vaccine (IPV) coverage in children under the age of one was estimated to be 41% in 2018.

Togo

On 15 October 2019, cVDPV2 was isolated from a child under five years old with AFP in Est-Mono district in Plateaux province, bordering Benin to the east and Ghana to the west, with the onset of paralysis on 13 September 2019. Samples were collected on 18 and 19 September 2019. The isolated virus was genetically different from Sabin 2 by 35 nucleotide changes. The affected geographical area has previously not participated in a mOPV2 vaccination campaign.

This is the first-ever reported cVDPV2 outbreak in the country and is genetically linked to the outbreak originating in Jigawa state, Nigeria. As of 28 October 2019, there is one case of cVDPV2 reported in the country. According to the WHO-UNICEF routine immunization estimates, IPV coverage in children under the age of one was estimated to be 20% in 2018 due to the delay in its introduction to the routine immunization schedule in October 2018. The last indigenous wild poliovirus was reported in 1999.

CÃ´te dÂIvoire

One cVDPV2 positive environmental sample was reported from Adjame-Plateau-Attecoube in Abidjan province. The sample was collected on 26 September 2019. This positive sample is linked to the outbreak in Jigawa state, Nigeria.

B. East and Southern Africa

Zambia

In Zambia, a cVDPV2 was isolated from a child under five years old with AFP and onset of paralysis on 16 July 2019 from Chiengi in Luapula province, Zambia, bordering Haut Katanga province of the Democratic Republic of the Congo (DRC). As part of the investigation, 34 samples were collected from close contacts and community members on 24 and 29 July 2019 and the isolated virus was genetically different from Sabin 2 by 9 nucleotide changes. Two of the samples from community contacts tested positive for VDPV2 on 17 September 2019. Gene sequencing confirmed the presence of cVDPV2 in the two samples on 17 October 2019, with 9 and 10 nucleotide changes and genetic links to the index case. The affected geographical area has previously not participated in a mOPV2 vaccination campaign.

The current cVDPV2 outbreak is the first outbreak reported in Zambia. As of 28 October 2019, the country has reported one cVDPV2 case. IPV was introduced in Zambia in June 2018 due to global supply shortage, and according to the WHO-UNICEF routine immunization estimates, IPV coverage in children under the age of one was estimated to be 36% in 2018. The last indigenous wild poliovirus case was reported in 1995.

Furthermore, outbreaks of cVDPV2 were reported in other countries in central Africa and the horn of Africa. These countries include Democratic Republic of the Congo, Central African Republic, Angola, Ethiopia, Somalia, Kenya. Additionally, cVDPV2 outbreak has also been reported in Mozambique.

Public Health Response

Partners of the Global Polio Eradication Initiative (GPEI) are providing support as required to affected Ministries of Health. Epidemiological and virological field investigations are ongoing to ascertain the source and origin of the isolated viruses; active surveillance is being strengthened; subnational population immunity levels are being assessed; and, preparedness for outbreak response is being conducted. A more detailed public health response by country is summarized below.

A. West Africa and Lake Chad Basin (LCB) sub-region

Chad

Following the confirmation of the cVDPV2 on 16 October, the Minister of Health in Chad declared the outbreak a national public health emergency on 19 October. The immediate response campaign was conducted from 2 to 5 November in the district of Mandalea targeting 51,800 children under five years old using mOPV2. The first round of the polio campaign was conducted from 21 to 25 November and the second round is planned for 13 to 17 December covering 12 districts and targeting 789,418 children under five years old.

Togo

Following the confirmation of the cVDPV2 on 15 October 2019, the Minister of Health in Togo declared the outbreak a national public health emergency on 25 October. A risk assessment was conducted and presented to the Advisory Group on 23 October 2019. The immediate response campaign using mOPV2 was conducted from 7 to 10 November 2019 in four districts (Est Mono, Thamba, Anie and Blitta) targeting 132,404 children under five years old. The first round of the polio campaign was conducted from 21 to 24 November 2019 and the second round is planned for 05 to 08 December 2019 covering two regions (Plateaux and Centrale regions) and 17 districts targeting 513,768 children under five years old.

CÃ´te dÂIvoire

WHO is working with the Ministry of Health to strengthen surveillance.

B. East and Southern Africa

Zambia

Following the confirmation of the cVDPV2 on 17 October 2019, the Minister of Health in Zambia declared the outbreak a national public health emergency on 18 October 2019. The immediate response campaign using mOPV2 was conducted from 6 to 12 November 2019 in the four districts of Chienge, Nchelenge, Kaputa and Nsama targeting 141,312 children under five years old. The first round of the polio campaign is planned for 26 November to 2 December 2019 and the second round is planned for 17 to 23 December 2019 covering eleven districts and targeting 337,215 children under five years old (for each round).

WHO risk assessment

Given cross-border population movements, suboptimal immunity and surveillance gaps, and waning mucosal immunity to type 2 poliovirus, the risk of further spread or emergence of cVDPV2 in Africa remains high. The detection of cVDPV2s underscores the importance of maintaining high routine vaccination coverage everywhere to minimize the risk and consequences of any poliovirus circulation. In affected areas and identified high-risk areas, it is critical that emergency and high-quality outbreak response be fully implemented.

WHO will continue to evaluate the epidemiological situation and outbreak response measures being implemented.

WHO advice

It is important that all countries, in particular, those with frequent travel and contacts with polio-affected countries and areas, strengthen surveillance for AFP cases in order to rapidly detect any new virus importation and to facilitate a rapid response. Countries, territories and areas should also maintain uniformly high routine immunization coverage at the district level to minimize the consequences of any new virus introduction.

WHOÂs International Travel and Health recommends that all travellers to polio-affected areas be fully vaccinated against polio. Residents (and visitors for more than 4 weeks) from infected areas should receive an additional dose of OPV or inactivated polio vaccine (IPV) within 4 weeks to 12 months of travel.

As per the advice of an Emergency Committee convened under the International Health Regulations (2005), efforts to limit the international spread of poliovirus remains a Public Health Emergency of International Concern (PHEIC). Countries affected by poliovirus transmission are subject to Temporary Recommendations. To comply with the Temporary Recommendations issued under the PHEIC, any country infected by poliovirus should declare the outbreak as a national public health emergency and consider vaccination of all international travellers.",derived poliovirus type 2,Circulating vaccine,,
5 december 2019,https://reliefweb.int/report/democratic-republic-congo/ebola-virus-disease-democratic-republic-congo-disease-outbreak-79,"Nine new confirmed cases were reported from 27 November to 3 December in the ongoing Ebola virus disease (EVD) outbreak in North Kivu and Ituri provinces. The confirmed cases in this week were reported from Mandima (56%, n=5) and Mabalako (44%, n=4) Health Zones.

In the past two weeks, violence, widespread civil unrest, and targeted attacks have severely disrupted the Ebola response and restricted access to affected communities in multiple locations. As a result, several key activities of the response experienced diminished performance, including the volume of reported and investigated alerts and the number of contacts registered and followed (Figure 1, Figure 2). The volume of alerts from health zones affected by insecurity is lower than usual, and this has led to an overall reduction in the average number of alerts reported in the last seven days. Of the 3346 alerts reported, 96% were investigated within 24 hours.

The overall average percentage of contacts under surveillance in the last seven days is 70%, which is below the average for November prior to these security events (Figure 2). This is due mainly to performance being suboptimal in some areas of Beni, Mabalako, and Oicha Health Zones, with only 82% of contacts followed in Beni, 68% in Mabalako, and 42% in Oicha. These numbers are improving slowly since the events, but fluctuations illustrate the continued impact that security events have on response activities.

In the past 21 days (13 November to 3 December), 22 confirmed cases were reported from 10 of the 71 health areas within four neighbouring active health zones in North Kivu and Ituri provinces (Figure 3, Table 1): Mabalako (55%, n=12), Mandima (27%, n=6), Beni (9%, n=2), and Oicha (9%, n=2). The majority of the cases (91%, n=20) are linked to known chains of transmission. In the past 21 days, a higher proportion of cases (31%, n=8) have reported a funeral as their potential exposure to EVD compared to the average since January 2019 (7%); this is because of two separate community clusters in the health areas of Lwemba (six cases) and Bingo (two cases) linked to the burials of two probable cases.

As of 3 December, a total of 3313 EVD cases were reported (Figure 4), including 3195 confirmed and 118 probable cases, of which 2207 cases died (overall case fatality ratio 67%). Of the total confirmed and probable cases, 56% (n=1866) were female, 28% (n=936) were children aged less than 18 years, and 5% (n=163) were health workers.

Public health response

For further information about public health response actions by the Ministry of Health, WHO, and partners, please refer to the latest situation reports published by the WHO Regional Office for Africa:

Ebola situation reports: Democratic Republic of the Congo

WHO risk assessment

WHO continuously monitors changes to the epidemiological situation and context of the outbreak to ensure that support to the response is adapted to the evolving circumstances. The last assessment concluded that the national and regional risk levels remain very high, while global risk levels remain low.

Although the number of new confirmed cases has remained relatively low, the interruption of response activities due to attacks, violence and unrest threatens to reverse recent progress. WHO and response partners are working to adapt the response strategy to protect communities from a resurgence of the outbreak while keeping all responders safe.

WHO advice

WHO advises against any restriction of travel to, and trade with, the Democratic Republic of the Congo based on the currently available information. Any requirements for certificates of Ebola vaccination are not a reasonable basis for restricting movement across borders or the issuance of visas for travellers to/from the affected countries. WHO continues to closely monitor and, if necessary, verify travel and trade measures in relation to this event. Currently, no country has implemented travel measures that significantly interfere with international traffic to and from the Democratic Republic of the Congo. Travellers should seek medical advice before travel and should practise good hygiene. Further information is available in the WHO recommendations for international traffic related to the Ebola Virus Disease outbreak in the Democratic Republic of the Congo.

For more information, please see:

WHO resources and updates on Ebola virus disease
News and updates on the Ebola outbreak in the Democratic Republic of the Congo
Highlights from the Meeting of the Strategic Advisory Group of Experts (SAGE) on Immunization
The Strategic Advisory Group of Experts (SAGE) on Immunization
Ebola virus disease in the Democratic Republic of the Congo Â Operational readiness and preparedness in neighbouring countries
Update on Ebola drug trial: two strong performers identified
Ebola response funding",Democratic Republic of the Congo,Ebola virus disease,27.68,62.0
5 december 2019,https://www.who.int/csr/don/05-december-2019-mers-saudi-arabia/en/,,CoV),Middle East respiratory syndrome coronavirus (MERS,,
12 december 2019,https://reliefweb.int/report/democratic-republic-congo/ebola-virus-disease-democratic-republic-congo-disease-outbreak-80,"Disease outbreak news: Update
12 December 2019

Twenty-seven new confirmed cases were reported from 4 to 10 December in the ongoing Ebola virus disease (EVD) outbreak in North Kivu and Ituri provinces. The confirmed cases in this week were reported from seven health areas in four health zones: Mabalako (67%, n=18), Beni (22%, n=6), Mandima (7%, n=2), and Oicha (4%, n=1). This is a substantial increase in the number of reported cases, compared to the average of seven confirmed cases for the previous three weeks. All of these cases are linked to three transmission chains. Of these 27 new cases, 20 (74%) were registered contacts, including 10 (37%) who were being followed up regularly. One community death was reported in an individual whose body was intercepted by response personnel at a point of control as they were being transported from Lwemba Health Area; a safe and dignified burial was performed. All other cases were referred to an Ebola Treatment Centre.

The majority of these new cases are linked to a single chain of transmission, in which one individual was a potential source of infection for 17 people. This is the second documentation of EVD illness in this individual within a 6-month period. An investigation is ongoing to understand the circumstances around this case. Among the possibilities being investigated are reinfection and relapse. Reinfection would mean a person who has recovered from EVD is infected with EVD from another person; there has never been a documented case of this. Rare cases of relapse have been documented, in which a person who has recovered from EVD gets disease symptoms again.

In the past week, there were six new cases among health workers; five of which were traditional practitioners, bringing the total number of health workers infected in this outbreak to 169 (5% of all reported cases).

In Beni and Mabalako Health Zones, the overall average percentage of contacts under surveillance in the last seven days has returned to levels seen prior to the security events in past weeks. The volume of alerts and the proportion of alerts investigated within 24 hours has made similar improvements.

In the past 21 days (20 November to 10 December), 42 confirmed cases were reported from 15 of the 71 (21%) health areas within four neighbouring active health zones in North Kivu and Ituri provinces (Figure 2, Table 1): Mabalako (60%, n=25), Mandima (19%, n=8), Beni (17%, n=7), and Oicha (5%, n=2). The majority of the cases (95%, n=40) are linked to known chains of transmission. Mambasa Health Zone recently cleared 42 days without any new confirmed cases.

As of 10 December, a total of 3340 EVD cases were reported, including 3222 confirmed and 118 probable cases, of which 2210 cases died (overall case fatality ratio 66%) (Table 1). Of the total confirmed and probable cases, 56% (n=1881) were female, and 28% (n=941) were children aged less than 18 years.",Democratic Republic of the Congo,Ebola virus disease,27.68,62.0
13 december 2019,https://reliefweb.int/report/afghanistan/dengue-fever-afghanistan-disease-outbreak-news-13-december-2019,"On 1 May 2019, in response to increasing numbers of dengue fever cases in Pakistan and India, health authorities in Afghanistan heightened monitoring for the disease. As part of this increased vigilance, the Central Public Health Laboratory (CPHL) in Kabul began to broaden its investigation for possible cases of the disease, such as reviewing samples that tested negative for Crimean-Congo Hemorrhagic Fever (CCHF) to see if they were positive for dengue.

The laboratory performed differential diagnosis and tests on 40 samples that had tested negative for Crimean-Congo Hemorrhagic Fever (CCHF). Between 1 October to 4 December 2019, 14 out of the 40 samples tested positive for dengue fever by the CPHL (13 by polymerase chain reaction (PCR) and one by Immunoglobulin M (IgM)). Of the 14 confirmed cases of dengue fever, seven were presumably autochthonous as the persons had no travel history to dengue endemic countries. One of the seven autochthonous cases died due to hemorrhagic fever. Six other cases had traveled to dengue endemic countries, including four people to Pakistan and two people to India. One case had an unknown travel history. Out of the 14 cases, 12 (86%) were males, between the age of 21 to 55 years old.

The 14 cases were reported from six provinces: Faryab (1 case), Kabul (3 cases), and four provinces bordering Pakistan, where a large outbreak of dengue fever is ongoing: Paktita (1 case); Laghman (1 case); Paktya (2 cases); Nangarhar (6 cases).

This is the first report of people with autochthonous Â meaning locally acquired Â cases of dengue fever in Afghanistan. Previous reports of dengue fever involved cases with travel history to dengue-endemic countries.

In 2018, vector surveillance was conducted for the first time. The country authorities sent six mosquito samples from Khost Province in East Afghanistan to the WHO Collaborating Centre in Singapore for molecular confirmation of Aedes species. Four of them were identified as Aedes albopictus. AdditionalAedes mosquito samples from Khost and Nangarhar provinces were collected, which were morphologically identified as Aedes albopictus and Aedesaegypti.

Public health response

A high-level emergency meeting led by the Deputy Minister of Policy and Planning was conducted on 25 November 2019 to address the current dengue situation.
Ministry of Public Health drafted action points for response that included: coordination with the National Malaria and Leishmaniasis Control Program to identify high-risk areas, dengue surveillance; including vector surveillance, laboratory testing for dengue, case management, and deployment of Rapid Response Teams.
The WHO country office, in collaboration with the Ministry of Public Health has drafted the National Plan for dengue and will conduct mapping of all diagnosed cases for future monitoring/ surveillance of the vector, with an aim to start vector control activities in the first quarter of 2020.
WHO is assisting the Ministry in developing the case definition and guidelines for diagnosis and care for patients.
WHO drafted the vector surveillance plan and further vector surveillance is ongoing in Khost province. This provides an opportunity to implement the required interventions for better response.

WHO risk assessment

Dengue virus disease is an emerging mosquito-borne disease that has the potential to have serious public health impacts.

This is the first time that autochthonous transmission of dengue fever has been reported in Afghanistan and is a cause for concern because of the serious public health impact of the disease.

Afghanistan is experiencing a complex humanitarian emergency because of the ongoing conflict, frequent natural disasters, waves of population displacement, mass casualty incidents, and outbreaks of communicable diseases. Based on the Afghanistan Health Survey 2018, 57% population has access to primary health care (PHC) facility within half-hour distance, and 90% of the population has access to PHC facilities with a cumulative 2 hours distance. In addition, the country has limited capacity to prevent and control dengue outbreaks.

The current cases of autochthonous dengue fever virus in the six affected provinces pose a risk to other areas in Afghanistan where the virus has not previously been recorded. Intense population movements during the rainy season pose an increased risk of spreading or intensifying the current dengue fever outbreaks.

The lack of effective control programs in Afghanistan presents a challenge to the countryÂs efforts to restrain the outbreak. Current winter conditions in Khost and Nangarhar provinces are expected to limit the proliferation of mosquitoes, thus reducing the risk of transmission. However, someAedes albopictus mosquitoes have the ability to adapt to colder climates through the production of cold-resistant eggs, with temperate strains surviving cold winters in northern latitudes by hibernation.

WHO advice

Prevention is the most effective approach to reducing the risk of dengue infection, as there is no specific treatment for the disease. The main methods of controlling or preventing the transmission of dengue virus aim to combat the mosquito vector through the following actions:

Preventing mosquitoes from accessing egg-laying habitats by environmental management and modification (source reduction and chemical control measures).
Disposing of solid waste properly and removing man-made habitats.
Covering, emptying, and cleaning of domestic water storage containers.
Applying appropriate insecticides to water storage in outdoor containers that cannot be cleaned.
Use of personal and household protection such as mosquito repellents, window screens, long-sleeved clothing, mosquito nets and insecticide treated materials, coils, and vaporizers. Mosquito repellents should be applied to exposed skin or to clothing.
Increasing community awareness, improving community participation, and mobilization for sustained vector control.
Spraying insecticides during outbreaks as an emergency vector-control measure.
Active monitoring and surveillance of vectors, with deployment of vector surveillance tools, should be carried out to determine effectiveness of control interventions.
Careful clinical detection and management of dengue patients can significantly reduce mortality rates from severe dengue.

WHO advises against any restrictions of travel or trade to or from Afghanistan based on the currently available information.",Afghanistan,Dengue fever,-2.39,27.0
15 december 2019,https://www.who.int/csr/don/15-december-2019-measles-pacific-island-countries-and-areas/en/,,Pacific Island Countries and Areas,Measles,,
17 december 2019,https://reliefweb.int/report/nigeria/disease-outbreak-news-yellow-fever-nigeria-17-december-2019,"Nigeria is responding to successive yellow fever outbreaks, with nearly a three-fold increase in number of confirmed cases in 2019 compared to 2018, suggesting intensification of yellow fever virus transmission. Additionally, there have been cases reported in parts of the country that have confirmed cases for the first time since the outbreak started in September 2017. From 1 January through 10 December 2019, a total of 4,189 suspected yellow fever cases were reported from 604 of 774 Local Government Area (LGAs) across all the 36 states and the Federal Capital Territory in Nigeria.

Of the total 3,547 samples taken, 207 tested positive for yellow fever by Immunoglobulin M (IgM) in Nigerian network laboratories. In addition, 197 samples from 19 states were confirmed positive using reverse transcriptase polymerase chain reaction (RT-PCR). The case fatality rate for all cases (including suspected, probable and confirmed) is 5.1%, and 12.2% for confirmed cases.

Sixty-eight per cent (134 cases) of the total (197 cases) confirmed cases were reported from four states, including Bauchi, Katsina, Edo and Ebonyi. Cases in Edo state have declined after a reactive vaccination campaign in late 2018. From 1 January through 10 December 2019, a total of 115 confirmed cases and 23 deaths were reported from Bauchi (62 cases), Katsina (38 cases) and Benue (15 cases). These cases tested positive by RT-PCR at national laboratories and/or RT-PCR and serologic tests at a regional reference laboratory, Institute Pasteur Dakar (IPD). Further epidemiological investigations are underway.

Public health response

The outbreak response activities are being coordinated by a multi-agency yellow fever Incident Management System (IMS). On 5 November 2019, an Emergency Operations Centre (EOC) was activated for the third time, in response to the upsurge of confirmed yellow fever cases reported in a wide-geographic distribution including Bauchi, Benue and Katsina. A national rapid response team has been deployed to Bauchi and other affected states to support the outbreak response activities including surveillance, case management support and risk communications.

In addition to the existing laboratories in the country, new and operational laboratories have been added to the national laboratory network in Abuja, Edo and Enugu states.

A targeted response has been implemented in Alkaleri Local Government area (LGA) in Bauchi state. However, reports of ongoing transmission indicate that more vaccination and a wider geographical scope is needed. Katsina state has recently completed a state-wide preventive mass vaccination campaign; however, challenges linked to vaccine accountability and access to security-compromised areas may result in pockets of populations with immunity gaps. Risk of spread through population movements exist in neighbouring Kano and Kaduna states where population immunity is low.

Nigeria is considered a high-risk country by the Eliminate Yellow Fever Epidemics (EYE) strategy. By 2024, it is anticipated that all the states in Nigeria will have undergone campaign activities to protect at-risk populations against yellow fever. This plan may be further updated or accelerated based on risk, vaccine and implementation feasibility. The country is in the process of completing a planned phase-3 vaccination campaign in 2019 and evaluating the recently concluded mass vaccination campaign.

WHO risk assessment

The yellow fever outbreak transmissions reported in Bauchi, Benue and Katsina states since August 2019, with spread to multiple other states, represents an intensification of yellow fever transmission and an elevated risk for yellow fever outbreak to spread and amplify. This is particularly a high risk if yellow fever is introduced into densely populated urban areas where preventive mass vaccination campaigns have not been conducted so far. Areas at risk include those without prior reported cases since 2017 and areas with a large number of under-immunized populations including urban areas such as Kano and Lagos. The preventive mass vaccination campaigns for yellow fever and the ongoing effort to strengthen routine immunization are important activities to reduce the risk of disease spread and amplification.

WHO continues to monitor the epidemiological situation and review the risk assessment based on the latest available information. Based on available information, WHO currently assesses the overall risk as high at the national level, moderate at the regional level, and low at the global level.

Nigeria is facing several concurrent public health emergencies, including circulating vaccine-derived polio virus (cVDPV), measles, monkeypox, lassa fever, cholera outbreaks, and a humanitarian crisis in the north-east of the country.

WHO advice

Yellow fever is an acute viral haemorrhagic disease transmitted by infected mosquitoes and has the potential to spread rapidly, with serious public health impacts. There is no specific treatment, although the disease is preventable using a single dose of yellow fever vaccine, which provides lifetime immunity. Supportive care is required to treat dehydration, respiratory failure and fever; antibiotics are recommended to treat associated bacterial infections.

The early detection and investigation of yellow fever cases through strong surveillance is key to controlling the risk of yellow fever outbreaks. Prevention of mosquito bites (e.g. repellents, wearing long clothes) is an additional measure that limits the risk of yellow fever transmission. In urban centres, targeted vector control measures are also helpful to interrupt transmission.

WHO recommends vaccination against yellow fever for all international travelers more than nine months of age going to Nigeria, as there is evidence of persistent or periodic yellow fever virus transmission. Nigeria also requires a yellow fever vaccination certificate for travelers older than one year of age arriving from countries with risk of yellow fever transmission.

Yellow fever vaccines approved by WHO are safe, highly effective and provide life-long protection against infection. In the context of international travel, the amendment to Annex 7 of the International Health Regulations (IHR 2005) changes the period of validity of the related international certificate of vaccination against yellow fever, and the protection provided by vaccination against yellow fever infection from ten (10) years to the life of the person (traveler) vaccinated. Accordingly, as of 11 July 2016, for both existing or new certificates, revaccination or a booster dose of yellow fever vaccine cannot be required of international travelers as a condition of entry into a State Party, regardless of the date their international certificate of vaccination was initially issued.

On 1st July 2019, WHO updated the areas at-risk of yellow fever transmission and the corresponding recommendations for vaccination of international travelers. The list of countries at-risk, and revised recommendations for vaccination against yellow fever are available on the WHO website: International travel and health (ITH).

WHO encourages its Member States to take all actions necessary to keep travelers well informed of risks and of preventive measures, including vaccination. Travelers should also be made aware of yellow fever signs and symptoms and instructed to seek rapid medical advice should they develop signs of illness. Travelers returning to Nigeria who may be infected with possible high levels of the virus in the blood may pose a risk for the establishment of local cycles of yellow fever transmission in areas where the competent vector is present.

WHO does not recommend any restrictions on travel or trade to Nigeria on the basis of the information available on this outbreak.",Nigeria,Yellow fever,18.27,24.0
18 december 2019,https://www.who.int/csr/don/18-december-2019-mers-saudi-arabia/en/,,CoV),Middle East respiratory syndrome coronavirus (MERS,,
19 december 2019,https://reliefweb.int/report/democratic-republic-congo/ebola-virus-disease-democratic-republic-congo-disease-outbreak-81,"Disease outbreak news: Update
19 December 2019

Eleven new confirmed cases were reported from 11 to 17 December in the ongoing Ebola virus disease (EVD) outbreak in North Kivu and Ituri provinces. The confirmed cases in this week were reported from three health areas in three health zones: Mabalako (82%, n=9), Biena (9%, n=1), and Butembo (9%, n=1). This is the first confirmed case in Butembo Health Zone in 54 days.

All 11 cases reported in the past seven days are linked to the case in Aloya Health Area, in which one individual was a potential source of infection for 28 people. Based on the preliminary sequencing of samples from this individual, this is being classified as a relapse of EVD. Rare cases of relapse - in which a person who has recovered from EVD gets disease symptoms again - have been documented during past outbreaks, but this is the first relapse documented in this outbreak.

The volume of alerts reported has returned to levels seen before recent security incidents. The average proportion of contacts under surveillance in the last seven days has returned to previously observed levels. However, Mabalako, the health zone with the highest volume of contacts, has the lowest performance, with 82% of contacts under surveillance.

In the past 21 days (27 November to 17 December), 47 confirmed cases were reported from 13 of the 102 (13%) health areas within six neighbouring active health zones in North Kivu and Ituri provinces (Figure 2, Table 1): Mabalako (66%, n=31), Mandima (15%, n=7), Beni (13%, n=6), Butembo (2%, n=1), Oicha (2%, n=1), and Biena (2%, n=1). The majority of the cases (94%, n=44) are linked to known chains of transmission.

As of 17 December, a total of 3351 EVD cases were reported, including 3233 confirmed and 118 probable cases, of which 2217 cases died (overall case fatality ratio 66%) (Table 1). Of the total confirmed and probable cases, 56% (n=1886) were female, 28% (n=941) were children aged less than 18 years, and 5% (n=169) were healthcare workers.

In depth analysis: EVD in young children

WHO periodically conducts in-depth epidemiological analyses so that data can help drive evidence-based improvements in response activities. A previous in-depth analysis of EVD cases in children aged under 5 years was presented in the Disease Outbreak News in May 2019.

As of 17 December 2019, over a quarter of all confirmed EVD cases have been children aged less than 18 years (28%, 898/3233). Children from 1-4 years of age accounted for 9% (293/3233) of reported EVD cases and children under 1 year of age accounted for 6% (182/3233) of reported cases. The age distribution of EVD cases has remained relatively constant throughout the outbreak. The case fatality ratio (CFR) among children aged 1-4 is 78% and among children under 1 year is 70%. These figures are similar to those observed in the 2014-16 West Africa EVD outbreak1.

The data from this outbreak reveal a relationship between a personÂs age group and their pathway to care for EVD infection. Of persons who have died from EVD, death in the community occurred among 44% (80/182) of deaths among children under 1 year of age and 49% (145/294) of deaths among children 1-4 years of age. In contrast, 26%(575/2248) of deaths among persons aged 18 years or older were in the community. If a child infected with EVD presents to a HCF, they do so, on average, sooner than adults after symptom onset. Although they present sooner, the proportion of children with EVD being referred from a HCF to an ETC is lower than adults. Among all cases admitted to a HCF, 38% of cases aged 1-4 years and 32% of cases aged less than 1 year die outside of ETCs, without referral, compared to 15% of cases aged 18 years or older.

The reasons for poor referral need to be further investigated, but might include, among others, the challenges for healthcare workers to recognise the symptoms of EVD in children and reluctance or concern by parents or guardians for children to be transferred to ETCs. However, when referral from HCF to an ETC does happen, this is done quickly across all age groups and the case fatality within ETCs is similar across all age groups.

Of all confirmed EVD cases among children under 1 year of age, 47% (86/182) are registered as contacts; in children aged 1-4, 31% (91/293) are registered as contacts. The relative risk (RR) of not being known as a contact of an EVD case is significantly higher among paediatric cases compared to adults (age 18+), with a RR of 1.18 (95%CI: 1.03-1.35) among children aged less than 1 year and 1.49 (1.34-1.66) among children aged 1-4 years. In addition, the RR of not being a contact under follow up is higher among children aged 1-4 years (RR:1.22, 95%CI: 1.13-1.32), compared to adults.

Social science analyses found that children were less often listed as contacts because of their parentsÂ fears or concerns about referral to ETCs or vaccination, or they were not listed as contacts because of the parentsÂ perception that children were not contacts and would not have been exposed. Among parents and healthcare workers, there appears to be limited understanding of transmission routes of EVD. There are ongoing efforts to better understand healthcare workers knowledge, attitudes, and understanding of risk factors for transmission among children.

Specific actions are being taken to improve outcomes for children infected with EVD. Children of all ages that have suspected or confirmed EVD are cared for at ETCs with specific supportive care protocols. Paediatric equipment, medicines, and trained specialists are available to provide clinical support at ETCs. All eligible children with confirmed EVD are enrolled in investigational therapeutic protocols after informed consent is obtained. The Pamoja Tulinde Maisha (PALM [ÂTogether Save LivesÂ in the Kiswahili language]) randomized controlled trial enrolled 172 children under 18 years of age. Of these, 86 were below the age of 5, and in this age group both mAb114 and REGN-EB reduced mortality when coupled with optimized supportive care.

Children also receive nutritional care and support from psychologists while in an ETC. This includes supporting and providing information related to infant feeding for children separated from their parents or orphaned due to EVD. Within ETCs, children are cared for by survivors at all times so that they are not alone. As with all age groups, infants and young children who survive EVD infection are offered support via a specialized programme of care for Ebola survivors. Pregnant women that have survived EVD are followed closely in the survivor program and return to ETCs for delivery by a multi-disciplinary team that has obstetric and paediatric expertise. To date, six healthy babies have been born to women who were pregnant at the time of EVD diagnosis and survived. UNICEF and partners are working with EVD survivors and creating infant and young child feeding counselling support groups. They are also supporting the screening and referral of malnourished children under 2 years of age. There is an ongoing effort design ETUs in a way that ensures care delivered to Ebola patients is patient-centred, especially for the most young and vulnerable.

Partners are also working to improve the health of children in EVD-affected areas by strengthening the continuity of primary healthcare, supporting vaccination against preventable diseases, and preventing malaria through mosquito net distribution and the provision of antimalarial drugs.

1Ebola Virus Disease among Children in West Africa

Public health response

For further information about public health response actions by the Ministry of Health, WHO, and partners, please refer to the latest situation reports published by the WHO Regional Office for Africa:

Ebola situation reports: Democratic Republic of the Congo

WHO risk assessment

WHO continuously monitors changes to the epidemiological situation and context of the outbreak to ensure that support to the response is adapted to the evolving circumstances. The last assessment concluded that the national and regional risk levels remain very high, while global risk levels remain low.

WHO advice

WHO advises against any restriction of travel to, and trade with, the Democratic Republic of the Congo based on the currently available information. Any requirements for certificates of Ebola vaccination are not a reasonable basis for restricting movement across borders or the issuance of visas for travellers to/from the affected countries. WHO continues to closely monitor and, if necessary, verify travel and trade measures in relation to this event. Currently, no country has implemented travel measures that significantly interfere with international traffic to and from the Democratic Republic of the Congo. Travellers should seek medical advice before travel and should practise good hygiene. Further information is available in the WHO recommendations for international traffic related to the Ebola Virus Disease outbreak in the Democratic Republic of the Congo.",Democratic Republic of the Congo,Ebola virus disease,27.68,62.0
26 december 2019,https://www.who.int/csr/don/26-december-2019-mers-qatar/en/,,CoV),Middle East respiratory syndrome coronavirus (MERS,,
26 december 2019,https://reliefweb.int/report/mali/disease-outbreak-news-yellow-fever-mali-26-december-2019,"Disease outbreak news
26 December 2019

From 3 November through 8 December 2019, three laboratory confirmed cases of yellow fever including two deaths (case fatality rate = 67%) were detected through the national surveillance system in Mali. The first case-patient was a 15-year-old girl from a village in Kati district, Koulikoro region, Mali. The second and third case were in 17 and 25-year-old men, nationals from Cote d'Ivoire, living in the district of Bouguimi, Sikasso region, Mali. All three cases tested positive for yellow fever by Immunoglobulin M (IgM) and reverse-transcriptase polymerase chain reaction (RT-PCR) on 3 December 2019 at Institute Pasteur Dakar (IPD). The first case was not vaccinated against yellow fever and had no travel history outside of Kati District. Meanwhile, the vaccination status for the other two cases was unknown.

Additionally, there were nine suspected and three probable cases reported from the Bouguimi district, including three deaths among the probable cases.

The age of the suspected, probable and confirmed cases ranges between 1 to 33 years, and the male to female ratio is 2:1. Among the reported symptoms, fever, jaundice and vomiting were the most common. Eight health areas of Bouguimi health district have been affected, with Manankoro (four cases) and MafelÃ© (three cases) reporting the highest number. One suspected case is pending for confirmation at the Institute Pasteur Dakar laboratory.

On 5 December 2019, the Government of Mali officially declared a yellow fever outbreak in two regions of Sikasso and Koulikoro.

Public health response

Setting up of an Emergency Operations Centre (EOC) for public health coordination of the outbreak in the regions of Sikasso, Koulikoro and the affected districts. In addition, EOC has been activated in Bamako city.
A multidisciplinary rapid response team was deployed to conduct investigations in the affected districts of Sikasso and Koulikoro regions. A plan to conduct an in-depth entomological survey is underway.
Enhanced epidemiological surveillance, including active case finding in both the affected districts has been strengthened.
A comprehensive response plan is being developed with the specific objectives including preparation for an International Coordination Group (ICG) request to conduct a yellow fever reactive mass vaccination campaign.
Provision of risk communication capacity through involvement of relevant stakeholders. Public communication and awareness efforts on yellow fever (signs, symptoms and vaccinations) including prevention measures.
On 3 December 2019, a joint investigation team (WHO Country Office and Ministry of Health) was deployed to characterize the risk and develop an intervention plan. Field investigations indicate vaccination coverage under 80% in Kati and 88% in Manakoro districts.

WHO risk assessment

Although population immunity in the southern regions of Mali has benefited from large-scale preventive mass vaccination campaigns in 2008 (5.8 million people protected) combined with nationwide children routine immunization since 2002, the overall national routine immunization coverage for yellow fever in 2018 was estimated to be 67%, with estimates nearly 80% in the non-desert areas (including the recently-affected Koulikoro and Sissako regions).This is below herd immunity thresholds and may indicate the presence of pockets of low immunity in the country. Kati district in Koulikoro region is located proximal to the capital city Bamako, an urban city with more than 2 million inhabitants, and Bouguimi district in Sikasso region borders with Cote dÂIvoire.

The high population movements within Mali, and across borders increases the risk of national and regional spread and that may have diluted the population immunity. The geographical distribution of the virus, coupled with suboptimal vaccination coverage, the presence of susceptible populations presents a risk of amplification. Furthermore, the protracted humanitarian crisis and concomitant ongoing outbreaks of epidemic-prone diseases (measles, dengue) may impact the response due to competing limited resources.

Based on available information, WHO assesses the overall risk as high at the national level, moderate at the regional level, and low at the global level.

WHO advice

Yellow fever is an acute viral haemorrhagic disease transmitted by infected mosquitoes and has the potential to spread rapidly and cause serious public health impact. There is no specific treatment, although the disease is preventable using a single dose of yellow fever vaccine, which provides immunity for life. Supportive care to treat dehydration, respiratory failure and fever and antibiotic treatment for associated bacterial infections is recommended

Mali is high priority country for Eliminate Yellow Fever Epidemic (EYE) strategy. Vaccination is the primary intervention for prevention and control of yellow fever. In urban centres, targeted vector control measures are also helpful to interrupt transmission. WHO and partners will continue to support local authorities to implement interventions necessary to control the current outbreak.

WHO recommends vaccination against yellow fever for all international travellers more than 9 months of age going to areas south of the Sahara Desert in Mali. The vaccine is contraindicated in children aged less than 6 months and is not recommended for those aged 6Â8 months, except during epidemics when the risk of infection with yellow fever virus may be very high. Other contraindications for yellow fever vaccination are severe hypersensitivity to egg and severe immunodeficiency. Caution is recommended before vaccinating people aged above 60 years against yellow fever.

WHO does not recommend vaccination for travellers whose itineraries are limited to areas within the Sahara Desert. Vaccination is recommended, if indicated, for pregnant or breastfeeding women travelling to endemic areas when such travel cannot be avoided or postponed. Mali requires as a condition of entry a yellow fever vaccination certificate for all travellers aged one year or over.

Yellow fever vaccines recommended by WHO are safe, highly effective and provide life-long protection against infection. In accordance with the IHR (2005), Third edition, the validity of the international certificate of vaccination against yellow fever extends to the life of the person vaccinated with a WHO approved vaccine. For both existing or new certificates, revaccination or a booster dose of yellow fever vaccine cannot be required of international travellers as a condition of entry into a State Party, regardless of the date their international certificate of vaccination was initially issued.

On 1st July 2019, WHO updated the areas at-risk of yellow fever transmission and the corresponding recommendations for vaccination of international travelers. The list of countries at-risk, and revised recommendations for vaccination against yellow fever are available on the WHO website: International travel and health (ITH).

WHO encourage its Member States to take all actions necessary to keep travellers well informed of risks and preventive measures including vaccination. Travelers should also be made aware of yellow fever signs and symptoms and instructed to seek rapid medical advice should they develop signs of illness. Travellers returning to Mali who may be infected with possible high levels of the virus in the blood may pose a risk for the establishment of local cycles of yellow fever transmission in areas where the competent vector is present.

WHO does not recommend any restrictions on travel or trade to Mali on the basis of the information available on this outbreak.",Mali,Yellow fever,15.61,26.0
